card_id,name,pack_id,pack,visual_tags,visual_inference_status,gameplay_class_candidates,class_assignment_status,gameplay_classes_verified,sourced_class_memberships,player_availability,availability_basis,availability_confidence,availability_as_of,test_setup_requires_confirmation,opponent_availability,source_rarity,rarity_conflict_status,screenshot_rarity_if_reviewed,weather_id,intrinsic_weather,intrinsic_weather_multiplier,Card Modifier,borderless_hp_formula,borderless_atk_formula,stat_advisory,refined_description,screenshot_file,screenshot_number,screenshot_card_ordinal
1,Archer,1,Era 1,humanlike,inferred_from_art_and_name,rng,inferred_not_verified,false,rng:wiki_supported_unverified_current,available,screenshot_brightness_inference,medium,2026-09-26,true,training_dummy_available,2,not_reviewed,,1,Base,1,1,13,7,Generic dataset formula before abilities/supports; card-specific stat exceptions are not fully validated; dataset_formula; confirmed 2560/1280 for borderless cards 33 and 38,10 % chance to dodge attacks,user_2026-09-27/Screenshot 2026-09-26 at 6.30.20 PM.png,1,1
2,Shining Armor,1,Era 1,humanlike | armored,inferred_from_art_and_name,,inferred_not_verified,false,,available,screenshot_brightness_inference,medium,2026-09-26,true,training_dummy_available,4,not_reviewed,,1,Base,1,1,16,8,Generic dataset formula before abilities/supports; card-specific stat exceptions are not fully validated; dataset_formula; confirmed 2560/1280 for borderless cards 33 and 38,deduct 10 % max hp from damage,user_2026-09-27/Screenshot 2026-09-26 at 6.30.20 PM.png,1,2
3,Good Boy,1,Era 1,animal | canine,inferred_from_art_and_name,,inferred_not_verified,false,,available,user_battle_observation,confirmed,2026-09-26,false,training_dummy_available,8,not_reviewed,,1,Base,1,1,19,10,Generic dataset formula before abilities/supports; card-specific stat exceptions are not fully validated; dataset_formula; confirmed 2560/1280 for borderless cards 33 and 38,reduce enemy's damage by 15 % on entry,user_2026-09-27/Screenshot 2026-09-26 at 6.30.20 PM.png,1,3
4,Useless Seer,1,Era 1,humanlike,inferred_from_art_and_name,,inferred_not_verified,false,,available,screenshot_brightness_inference,medium,2026-09-26,true,training_dummy_available,12,not_reviewed,,1,Base,1,1,22,11,Generic dataset formula before abilities/supports; card-specific stat exceptions are not fully validated; dataset_formula; confirmed 2560/1280 for borderless cards 33 and 38,reveal enemy's hand on entry,user_2026-09-27/Screenshot 2026-09-26 at 6.30.20 PM.png,1,4
5,Baby Skeleton,1,Era 1,undead | skeletal,inferred_from_art_and_name,undead,inferred_not_verified,false,,available,screenshot_brightness_inference,medium,2026-09-26,true,training_dummy_available,20,not_reviewed,,1,Base,1,1,25,13,Generic dataset formula before abilities/supports; card-specific stat exceptions are not fully validated; dataset_formula; confirmed 2560/1280 for borderless cards 33 and 38,damage taken is 2 x,user_2026-09-27/Screenshot 2026-09-26 at 6.30.20 PM.png,1,5
6,Wizard,1,Era 1,humanlike | mage,inferred_from_art_and_name,,inferred_not_verified,false,,available,screenshot_brightness_inference,medium,2026-09-26,true,training_dummy_available,35,not_reviewed,,1,Base,1,1,30,15,Generic dataset formula before abilities/supports; card-specific stat exceptions are not fully validated; dataset_formula; confirmed 2560/1280 for borderless cards 33 and 38,block first nonlethal hit,user_2026-09-27/Screenshot 2026-09-26 at 6.30.20 PM.png,1,6
7,Forest Spirit,1,Era 1,animal | deer,inferred_from_art_and_name,,inferred_not_verified,false,,available,screenshot_brightness_inference,medium,2026-09-26,true,training_dummy_available,75,not_reviewed,,1,Base,1,1,37,19,Generic dataset formula before abilities/supports; card-specific stat exceptions are not fully validated; dataset_formula; confirmed 2560/1280 for borderless cards 33 and 38,heal 20 % hp after attack,user_2026-09-27/Screenshot 2026-09-26 at 6.30.20 PM.png,1,7
8,General Moon Zoo,1,Era 1,humanlike | warrior,inferred_from_art_and_name,,inferred_not_verified,false,,available,screenshot_brightness_inference,medium,2026-09-26,true,training_dummy_available,100,not_reviewed,,1,Base,1,1,40,20,Generic dataset formula before abilities/supports; card-specific stat exceptions are not fully validated; dataset_formula; confirmed 2560/1280 for borderless cards 33 and 38,field: boost all cards' damage by 10 %,user_2026-09-27/Screenshot 2026-09-26 at 6.30.20 PM.png,1,8
9,Crown Prince,1,Era 1,humanlike,inferred_from_art_and_name,,inferred_not_verified,false,,available,screenshot_brightness_inference,medium,2026-09-26,true,training_dummy_available,200,not_reviewed,,1,Base,1,1,50,25,Generic dataset formula before abilities/supports; card-specific stat exceptions are not fully validated; dataset_formula; confirmed 2560/1280 for borderless cards 33 and 38,dodge attacks under 30 % of max hp,user_2026-09-27/Screenshot 2026-09-26 at 6.30.20 PM.png,1,9
10,Arthur,1,Era 1,humanlike | warrior,inferred_from_art_and_name,,inferred_not_verified,false,,available,screenshot_brightness_inference,medium,2026-09-26,true,training_dummy_available,500,not_reviewed,,1,Base,1,1,65,33,Generic dataset formula before abilities/supports; card-specific stat exceptions are not fully validated; dataset_formula; confirmed 2560/1280 for borderless cards 33 and 38,survives lethal attack with 1 hp,user_2026-09-27/Screenshot 2026-09-26 at 6.30.20 PM.png,1,10
11,Beelzebub,1,Era 1,demon | insectoid,inferred_from_art_and_name,demon,inferred_not_verified,false,,available,screenshot_brightness_inference,medium,2026-09-26,true,training_dummy_available,666,not_reviewed,,1,Base,1,1,71,36,Generic dataset formula before abilities/supports; card-specific stat exceptions are not fully validated; dataset_formula; confirmed 2560/1280 for borderless cards 33 and 38,increase damage by 25 % each time attacked,user_2026-09-27/Screenshot 2026-09-26 at 6.30.20 PM.png,1,11
12,Michael,1,Era 1,humanlike | divine,inferred_from_art_and_name,,inferred_not_verified,false,,available,screenshot_brightness_inference,medium,2026-09-26,true,training_dummy_available,1000,not_reviewed,,1,Base,1,1,80,40,Generic dataset formula before abilities/supports; card-specific stat exceptions are not fully validated; dataset_formula; confirmed 2560/1280 for borderless cards 33 and 38,2 x damage to undead,user_2026-09-27/Screenshot 2026-09-26 at 6.30.20 PM.png,1,12
13,Lucifer,1,Era 1,humanlike | demon,inferred_from_art_and_name,demon,inferred_not_verified,false,,available,screenshot_brightness_inference,medium,2026-09-26,true,training_dummy_available,1000,not_reviewed,,11,Blood Rain,8,1,640,320,Generic dataset formula before abilities/supports; card-specific stat exceptions are not fully validated; dataset_formula; confirmed 2560/1280 for borderless cards 33 and 38,attacker loses hp equal to damage dealt,user_2026-09-27/Screenshot 2026-09-26 at 6.30.20 PM.png,1,13
14,Knightmare,1,Era 1,armored | humanoid,inferred_from_art_and_name,,inferred_not_verified,false,,available,screenshot_brightness_inference,medium,2026-09-26,true,training_dummy_available,5000,not_reviewed,,1,Base,1,1,130,65,Generic dataset formula before abilities/supports; card-specific stat exceptions are not fully validated; dataset_formula; confirmed 2560/1280 for borderless cards 33 and 38,half-damage attack on entry,user_2026-09-27/Screenshot 2026-09-26 at 6.30.20 PM.png,1,14
15,Arcane Avian,1,Era 1,humanoid | avian,inferred_from_art_and_name,avian | rng,inferred_not_verified,false,rng:wiki_supported_unverified_current,available,screenshot_brightness_inference,medium,2026-09-26,true,training_dummy_available,5000,not_reviewed,,2,Storm,1.5,1,195,98,Generic dataset formula before abilities/supports; card-specific stat exceptions are not fully validated; dataset_formula; confirmed 2560/1280 for borderless cards 33 and 38,30 % chance to skip enemy's turn,user_2026-09-27/Screenshot 2026-09-26 at 6.30.20 PM.png,1,15
16,Tartarus,1,Era 1,humanoid | demon | armored,inferred_from_art_and_name,demon,inferred_not_verified,false,,available,screenshot_brightness_inference,medium,2026-09-26,true,training_dummy_available,6666,not_reviewed,,1,Base,1,1,142,71,Generic dataset formula before abilities/supports; card-specific stat exceptions are not fully validated; dataset_formula; confirmed 2560/1280 for borderless cards 33 and 38,gain 2 turns if hp drops below 50 %,user_2026-09-27/Screenshot 2026-09-26 at 6.30.20 PM.png,1,16
17,Greedy Belly,1,Era 1,dragon | reptile,inferred_from_art_and_name,dragon,inferred_not_verified,false,dragon:wiki_supported_unverified_current,available,screenshot_brightness_inference,medium,2026-09-26,true,training_dummy_available,10000,not_reviewed,,1,Base,1,1,160,80,Generic dataset formula before abilities/supports; card-specific stat exceptions are not fully validated; dataset_formula; confirmed 2560/1280 for borderless cards 33 and 38,steal 30 % hp and atk on kill,user_2026-09-27/Screenshot 2026-09-26 at 6.30.20 PM.png,1,17
18,Arthur of Excalibur,1,Era 1,humanlike | warrior,inferred_from_art_and_name,,inferred_not_verified,false,,available,screenshot_brightness_inference,medium,2026-09-26,true,training_dummy_available,15000,not_reviewed,,1,Base,1,1,181,91,Generic dataset formula before abilities/supports; card-specific stat exceptions are not fully validated; dataset_formula; confirmed 2560/1280 for borderless cards 33 and 38,50 % chance to deal double damage,user_2026-09-27/Screenshot 2026-09-26 at 6.30.20 PM.png,1,18
19,Wind Spirit,1,Era 1,humanlike | spirit,inferred_from_art_and_name,,inferred_not_verified,false,,available,screenshot_brightness_inference,medium,2026-09-26,true,training_dummy_available,20000,not_reviewed,,5,Aurora,1.75,1,345,173,Generic dataset formula before abilities/supports; card-specific stat exceptions are not fully validated; dataset_formula; confirmed 2560/1280 for borderless cards 33 and 38,gain an extra turn,user_2026-09-27/Screenshot 2026-09-26 at 6.30.20 PM.png,1,19
20,Conqueror,1,Era 1,humanlike | hooded,inferred_from_art_and_name,,inferred_not_verified,false,,available,screenshot_brightness_inference,medium,2026-09-26,true,training_dummy_available,25000,not_reviewed,,1,Base,1,1,211,106,Generic dataset formula before abilities/supports; card-specific stat exceptions are not fully validated; dataset_formula; confirmed 2560/1280 for borderless cards 33 and 38,"deal 2 x damage, take half if border is rarer",user_2026-09-27/Screenshot 2026-09-26 at 6.30.20 PM.png,1,20
21,Ice Queen,1,Era 1,humanlike | ice,inferred_from_art_and_name,,inferred_not_verified,false,,available,screenshot_brightness_inference,medium,2026-09-26,true,training_dummy_available,30000,not_reviewed,,3,Snow,1.5,1,335,168,Generic dataset formula before abilities/supports; card-specific stat exceptions are not fully validated; dataset_formula; confirmed 2560/1280 for borderless cards 33 and 38,50 % chance to freeze target for 1 turn,user_2026-09-27/Screenshot 2026-09-26 at 6.30.20 PM.png,1,21
22,Three-Legged Golden Crow,1,Era 1,avian | fire,inferred_from_art_and_name,avian | rng,inferred_not_verified,false,rng:wiki_supported_unverified_current,available,screenshot_brightness_inference,medium,2026-09-26,true,training_dummy_available,55555,not_reviewed,,1,Base,1,1,269,135,Generic dataset formula before abilities/supports; card-specific stat exceptions are not fully validated; dataset_formula; confirmed 2560/1280 for borderless cards 33 and 38,50 % chance to revive with 1 / 2 hp,user_2026-09-27/Screenshot 2026-09-26 at 6.30.20 PM.png,1,22
23,Ixion,1,Era 1,armored | humanoid,inferred_from_art_and_name,,inferred_not_verified,false,,available,screenshot_brightness_inference,medium,2026-09-26,true,training_dummy_available,100000,not_reviewed,,8,Time Storm,4,1,1280,640,Generic dataset formula before abilities/supports; card-specific stat exceptions are not fully validated; dataset_formula; confirmed 2560/1280 for borderless cards 33 and 38,deal 50 % more damage and bypass defenses,user_2026-09-27/Screenshot 2026-09-26 at 6.30.20 PM.png,1,23
24,Leviathan,1,Era 1,dragon | aquatic,inferred_from_art_and_name,dragon,inferred_not_verified,false,,available,screenshot_brightness_inference,medium,2026-09-26,true,training_dummy_available,100000,not_reviewed,,1,Base,1,1,320,160,Generic dataset formula before abilities/supports; card-specific stat exceptions are not fully validated; dataset_formula; confirmed 2560/1280 for borderless cards 33 and 38,"deal 2 x damage, 1 turn to recharge",user_2026-09-27/Screenshot 2026-09-26 at 6.30.20 PM.png,1,24
25,Brunhilde,1,Era 1,humanlike | warrior,inferred_from_art_and_name,,inferred_not_verified,false,,available,screenshot_brightness_inference,medium,2026-09-26,true,training_dummy_available,250000,not_reviewed,,1,Base,1,1,422,211,Generic dataset formula before abilities/supports; card-specific stat exceptions are not fully validated; dataset_formula; confirmed 2560/1280 for borderless cards 33 and 38,deal extra damage equal to 70 % of lost hp,user_2026-09-27/Screenshot 2026-09-26 at 6.30.31 PM.png,2,1
26,Savior,1,Era 1,humanlike | hooded,inferred_from_art_and_name,,inferred_not_verified,false,,available,screenshot_brightness_inference,medium,2026-09-26,true,training_dummy_available,300000,not_reviewed,,11,Blood Rain,8,1,3564,1782,Generic dataset formula before abilities/supports; card-specific stat exceptions are not fully validated; dataset_formula; confirmed 2560/1280 for borderless cards 33 and 38,inflict max hp as damage on death and boost allies' stats by 20 %,user_2026-09-27/Screenshot 2026-09-26 at 6.30.31 PM.png,2,2
27,Frankenstein,1,Era 1,humanoid | undead,inferred_from_art_and_name,rng | undead,inferred_not_verified,false,rng:wiki_supported_unverified_current,available,screenshot_brightness_inference,medium,2026-09-26,true,training_dummy_available,350000,not_reviewed,,1,Base,1,1,467,234,Generic dataset formula before abilities/supports; card-specific stat exceptions are not fully validated; dataset_formula; confirmed 2560/1280 for borderless cards 33 and 38,50 % chance to deal max hp damage on death,user_2026-09-27/Screenshot 2026-09-26 at 6.30.31 PM.png,2,3
28,Titan,1,Era 1,humanoid | armored,inferred_from_art_and_name,,inferred_not_verified,false,,available,screenshot_brightness_inference,medium,2026-09-26,true,training_dummy_available,500000,not_reviewed,,1,Base,1,1,520,260,Generic dataset formula before abilities/supports; card-specific stat exceptions are not fully validated; dataset_formula; confirmed 2560/1280 for borderless cards 33 and 38,boosts damage and hp by 25 %,user_2026-09-27/Screenshot 2026-09-26 at 6.30.31 PM.png,2,4
29,Sciron,1,Era 1,construct | armored,inferred_from_art_and_name,,inferred_not_verified,false,,available,screenshot_brightness_inference,medium,2026-09-26,true,training_dummy_available,500000,not_reviewed,,8,Time Storm,4,1,2078,1039,Generic dataset formula before abilities/supports; card-specific stat exceptions are not fully validated; dataset_formula; confirmed 2560/1280 for borderless cards 33 and 38,enemy's hit chance is squared ratio of damage to self max hp,user_2026-09-27/Screenshot 2026-09-26 at 6.30.31 PM.png,2,5
30,Mist Spirit,1,Era 1,spirit | hooded,inferred_from_art_and_name,,inferred_not_verified,false,,available,screenshot_brightness_inference,medium,2026-09-26,true,training_dummy_available,550000,not_reviewed,,4,Shroud,2,1,1070,535,Generic dataset formula before abilities/supports; card-specific stat exceptions are not fully validated; dataset_formula; confirmed 2560/1280 for borderless cards 33 and 38,enemies with status effects cannot hit self; max of 5 dodges,user_2026-09-27/Screenshot 2026-09-26 at 6.30.31 PM.png,2,6
31,Phoenix,1,Era 1,avian | fire,inferred_from_art_and_name,avian | rng,inferred_not_verified,false,avian:wiki_supported_unverified_current | rng:wiki_supported_unverified_current,available,screenshot_brightness_inference,medium,2026-09-26,true,training_dummy_available,555555,not_reviewed,,1,Base,1,1,537,269,Generic dataset formula before abilities/supports; card-specific stat exceptions are not fully validated; dataset_formula; confirmed 2560/1280 for borderless cards 33 and 38,50 % chance to revive with full hp,user_2026-09-27/Screenshot 2026-09-26 at 6.30.31 PM.png,2,7
32,Hoarfrost Phoenix,1,Era 1,avian | ice,inferred_from_art_and_name,avian,inferred_not_verified,false,,available,screenshot_brightness_inference,medium,2026-09-26,true,training_dummy_available,555555,not_reviewed,,3,Snow,1.5,1,805,403,Generic dataset formula before abilities/supports; card-specific stat exceptions are not fully validated; dataset_formula; confirmed 2560/1280 for borderless cards 33 and 38,50 % chance to revive with full hp and freeze enemy,user_2026-09-27/Screenshot 2026-09-26 at 6.30.31 PM.png,2,8
33,Hell's Army,1,Era 1,humanlike | demon,inferred_from_art_and_name,demon,inferred_not_verified,false,,available,screenshot_brightness_inference,medium,2026-09-26,true,training_dummy_available,1000000,not_reviewed,,6,Rapture,3,1.333333,2560,1280,Generic dataset formula before abilities/supports; card-specific stat exceptions are not fully validated; dataset_formula; confirmed 2560/1280 for borderless cards 33 and 38,cut target's hp in half and remove their ability on entry,user_2026-09-27/Screenshot 2026-09-26 at 6.30.31 PM.png,2,9
34,Zeus,1,Era 1,humanlike | divine,inferred_from_art_and_name,,inferred_not_verified,false,,available,screenshot_brightness_inference,medium,2026-09-26,true,training_dummy_available,1000000,not_reviewed,,2,Storm,1.5,1,960,480,Generic dataset formula before abilities/supports; card-specific stat exceptions are not fully validated; dataset_formula; confirmed 2560/1280 for borderless cards 33 and 38,attacker takes damage equal to 75 % of self atk,user_2026-09-27/Screenshot 2026-09-26 at 6.30.31 PM.png,2,10
35,Pegasus,1,Era 1,equine | winged,inferred_from_art_and_name,,inferred_not_verified,false,,available,screenshot_brightness_inference,medium,2026-09-26,true,training_dummy_available,1000000,not_reviewed,,7,Meteor Shower,3.246,1,2078,1039,Generic dataset formula before abilities/supports; card-specific stat exceptions are not fully validated; dataset_formula; confirmed 2560/1280 for borderless cards 33 and 38,attack for 2.5 x damage on entry,user_2026-09-27/Screenshot 2026-09-26 at 6.30.31 PM.png,2,11
36,Bad Boys,1,Era 1,spirit | group,inferred_from_art_and_name,,inferred_not_verified,false,,available,screenshot_brightness_inference,medium,2026-09-26,true,training_dummy_available,1000000,not_reviewed,,1,Base,1,1,640,320,Generic dataset formula before abilities/supports; card-specific stat exceptions are not fully validated; dataset_formula; confirmed 2560/1280 for borderless cards 33 and 38,reduce enemy's damage by 30 % on entry,user_2026-09-27/Screenshot 2026-09-26 at 6.30.31 PM.png,2,12
37,Pandora,1,Era 1,humanlike,inferred_from_art_and_name,rng,inferred_not_verified,false,rng:wiki_supported_unverified_current,available,screenshot_brightness_inference,medium,2026-09-26,true,training_dummy_available,1000000,not_reviewed,,9,Eclipse,5,1,3200,1600,Generic dataset formula before abilities/supports; card-specific stat exceptions are not fully validated; dataset_formula; confirmed 2560/1280 for borderless cards 33 and 38,"on entry, gain 2 random abilities",user_2026-09-27/Screenshot 2026-09-26 at 6.30.31 PM.png,2,13
38,Heaven's Armor,1,Era 1,armored | divine,inferred_from_art_and_name,,inferred_not_verified,false,,available,screenshot_brightness_inference,medium,2026-09-26,true,training_dummy_available,1000000,not_reviewed,,6,Rapture,3,1.333333,2560,1280,Generic dataset formula before abilities/supports; card-specific stat exceptions are not fully validated; dataset_formula; confirmed 2560/1280 for borderless cards 33 and 38,reduce damage taken by 75 %,user_2026-09-27/Screenshot 2026-09-26 at 6.30.31 PM.png,2,14
39,Jamiy the Bald One,1,Era 1,humanlike | armored,inferred_from_art_and_name,,inferred_not_verified,false,,available,screenshot_brightness_inference,medium,2026-09-26,true,training_dummy_available,1000000,not_reviewed,,1,Base,1,1,640,320,Generic dataset formula before abilities/supports; card-specific stat exceptions are not fully validated; dataset_formula; confirmed 2560/1280 for borderless cards 33 and 38,steal 10 % of enemy's hp and atk after damaging,user_2026-09-27/Screenshot 2026-09-26 at 6.30.31 PM.png,2,15
40,ToadBoiGaming,1,Era 1,humanoid | fungal,inferred_from_art_and_name,,inferred_not_verified,false,,available,screenshot_brightness_inference,medium,2026-09-26,true,training_dummy_available,1200000,not_reviewed,,1,Base,1,1,677,339,Generic dataset formula before abilities/supports; card-specific stat exceptions are not fully validated; dataset_formula; confirmed 2560/1280 for borderless cards 33 and 38,50 % chance to transfer 1 / 2 stats to next card on death,user_2026-09-27/Screenshot 2026-09-26 at 6.30.31 PM.png,2,16
41,Boreas,1,Era 1,humanlike | spirit,inferred_from_art_and_name,,inferred_not_verified,false,,available,screenshot_brightness_inference,medium,2026-09-26,true,training_dummy_available,1500000,not_reviewed,,5,Aurora,1.75,1,1266,633,Generic dataset formula before abilities/supports; card-specific stat exceptions are not fully validated; dataset_formula; confirmed 2560/1280 for borderless cards 33 and 38,attack and steal 25 % of enemy's damage on entry,user_2026-09-27/Screenshot 2026-09-26 at 6.30.31 PM.png,2,17
42,Thor,1,Era 1,humanlike | warrior,inferred_from_art_and_name,,inferred_not_verified,false,,available,screenshot_brightness_inference,medium,2026-09-26,true,training_dummy_available,2000000,not_reviewed,,12,Armageddon,9,1,7097,3549,Generic dataset formula before abilities/supports; card-specific stat exceptions are not fully validated; dataset_formula; confirmed 2560/1280 for borderless cards 33 and 38,"deal 2.5 x damage, 1 turn to recharge; bypasses defense abilities",user_2026-09-27/Screenshot 2026-09-26 at 6.30.31 PM.png,2,18
43,Loki,1,Era 1,humanlike | horned,inferred_from_art_and_name,,inferred_not_verified,false,,available,screenshot_brightness_inference,medium,2026-09-26,true,training_dummy_available,2000000,not_reviewed,,12,Armageddon,9,1,7097,3549,Generic dataset formula before abilities/supports; card-specific stat exceptions are not fully validated; dataset_formula; confirmed 2560/1280 for borderless cards 33 and 38,steal and randomize enemy's ability on entry,user_2026-09-27/Screenshot 2026-09-26 at 6.30.31 PM.png,2,19
44,Poseidon,1,Era 1,humanlike | divine,inferred_from_art_and_name,,inferred_not_verified,false,,available,screenshot_brightness_inference,medium,2026-09-26,true,training_dummy_available,3000000,not_reviewed,,1,Base,1,1,891,446,Generic dataset formula before abilities/supports; card-specific stat exceptions are not fully validated; dataset_formula; confirmed 2560/1280 for borderless cards 33 and 38,boost damage and hp by 40 % on entry,user_2026-09-27/Screenshot 2026-09-26 at 6.30.31 PM.png,2,20
45,Limitless Rivals,1,Era 1,abstract,inferred_from_art_and_name,,inferred_not_verified,false,,available,screenshot_brightness_inference,medium,2026-09-26,true,training_dummy_available,3500000,not_reviewed,,13,Manga,10,1,9332,4666,Generic dataset formula before abilities/supports; card-specific stat exceptions are not fully validated; dataset_formula; confirmed 2560/1280 for borderless cards 33 and 38,on entry attack with 3 x damage; + 10 % stats and damage reduction each turn,user_2026-09-27/Screenshot 2026-09-26 at 6.30.31 PM.png,2,21
46,Vicious,1,Era 1,spirit,inferred_from_art_and_name,,inferred_not_verified,false,,available,screenshot_brightness_inference,medium,2026-09-26,true,training_dummy_available,5000000,not_reviewed,,10,Virus,6,1,6234,3117,Generic dataset formula before abilities/supports; card-specific stat exceptions are not fully validated; dataset_formula; confirmed 2560/1280 for borderless cards 33 and 38,half enemy's stats on entry,user_2026-09-27/Screenshot 2026-09-26 at 6.30.31 PM.png,2,22
47,Typhon,1,Era 1,dragon | armored,inferred_from_art_and_name,dragon,inferred_not_verified,false,,available,screenshot_brightness_inference,medium,2026-09-26,true,training_dummy_available,5000000,not_reviewed,,8,Time Storm,4,1,4156,2078,Generic dataset formula before abilities/supports; card-specific stat exceptions are not fully validated; dataset_formula; confirmed 2560/1280 for borderless cards 33 and 38,boost hp by 200 % on entry,user_2026-09-27/Screenshot 2026-09-26 at 6.30.31 PM.png,2,23
48,The Curse,1,Era 1,humanlike | demon,inferred_from_art_and_name,demon,inferred_not_verified,false,,available,screenshot_brightness_inference,medium,2026-09-26,true,training_dummy_available,6660000,unresolved,6660666,13,Manga,10,1,11326,5663,Generic dataset formula before abilities/supports; card-specific stat exceptions are not fully validated; dataset_formula; confirmed 2560/1280 for borderless cards 33 and 38,on entry open a domain and disable all enemy defense abilities; slashes enemy 2 - 5 times dealing 35 % damage each,user_2026-09-27/Screenshot 2026-09-26 at 6.30.31 PM.png,2,24
49,Hades,1,Era 1,humanlike | divine,inferred_from_art_and_name,undead,inferred_not_verified,false,undead:wiki_supported_unverified_current,available,screenshot_brightness_inference,medium,2026-09-26,true,training_dummy_available,6666666,not_reviewed,,1,Base,1,1,1133,567,Generic dataset formula before abilities/supports; card-specific stat exceptions are not fully validated; dataset_formula; confirmed 2560/1280 for borderless cards 33 and 38,copy fallen ally's ability,user_2026-09-27/Screenshot 2026-09-26 at 6.30.52 PM.png,3,1
50,Judgement Day,1,Era 1,divine | winged,inferred_from_art_and_name,,inferred_not_verified,false,,available,screenshot_brightness_inference,medium,2026-09-26,true,training_dummy_available,7777777,not_reviewed,,6,Rapture,3,1,3561,1781,Generic dataset formula before abilities/supports; card-specific stat exceptions are not fully validated; dataset_formula; confirmed 2560/1280 for borderless cards 33 and 38,50 % chance to deal infinite damage; cannot dodge or gain shields,user_2026-09-27/Screenshot 2026-09-26 at 6.30.52 PM.png,3,2
51,Odin,1,Era 1,humanlike | divine,inferred_from_art_and_name,,inferred_not_verified,false,,available,screenshot_brightness_inference,medium,2026-09-26,true,training_dummy_available,7777777,not_reviewed,,12,Armageddon,9,1,10681,5341,Generic dataset formula before abilities/supports; card-specific stat exceptions are not fully validated; dataset_formula; confirmed 2560/1280 for borderless cards 33 and 38,boost allies' stats by 25 % on kill; dodge normal attacks at the cost of 20 % hp,user_2026-09-27/Screenshot 2026-09-26 at 6.30.52 PM.png,3,3
52,Black Plague,1,Era 1,humanoid | plant,inferred_from_art_and_name,,inferred_not_verified,false,,available,screenshot_brightness_inference,medium,2026-09-26,true,training_dummy_available,10000000,not_reviewed,,10,Virus,6,1,7680,3840,Generic dataset formula before abilities/supports; card-specific stat exceptions are not fully validated; dataset_formula; confirmed 2560/1280 for borderless cards 33 and 38,"on entry, poison all enemies at 50 % effectiveness for 2 turns",user_2026-09-27/Screenshot 2026-09-26 at 6.30.52 PM.png,3,4
53,Chaos,1,Era 1,humanoid | antlered,inferred_from_art_and_name,,inferred_not_verified,false,,available,screenshot_brightness_inference,medium,2026-09-26,true,training_dummy_available,10000000,not_reviewed,,9,Eclipse,5,1,6400,3200,Generic dataset formula before abilities/supports; card-specific stat exceptions are not fully validated; dataset_formula; confirmed 2560/1280 for borderless cards 33 and 38,randomly attacks 4 enemies dealing 50 % damage to each,user_2026-09-27/Screenshot 2026-09-26 at 6.30.52 PM.png,3,5
54,Deus Ex,1,Era 1,humanlike | hooded,inferred_from_art_and_name,,inferred_not_verified,false,,available,screenshot_brightness_inference,medium,2026-09-26,true,training_dummy_available,10000000,not_reviewed,,1,Base,1,1,1280,640,Generic dataset formula before abilities/supports; card-specific stat exceptions are not fully validated; dataset_formula; confirmed 2560/1280 for borderless cards 33 and 38,"dodge every other attack, starting first",user_2026-09-27/Screenshot 2026-09-26 at 6.30.52 PM.png,3,6
55,Siegfried,1,Era 1,humanlike | warrior,inferred_from_art_and_name,,inferred_not_verified,false,,available,screenshot_brightness_inference,medium,2026-09-26,true,training_dummy_available,20000000,not_reviewed,,2,Storm,1.5,1,2366,1183,Generic dataset formula before abilities/supports; card-specific stat exceptions are not fully validated; dataset_formula; confirmed 2560/1280 for borderless cards 33 and 38,"gain 75 % atk on entry; when fighting a dragon: 2 x damage, 0.5 x enemy damage",user_2026-09-27/Screenshot 2026-09-26 at 6.30.52 PM.png,3,7
56,Astraeus,1,Era 1,armored | divine,inferred_from_art_and_name,,inferred_not_verified,false,,available,screenshot_brightness_inference,medium,2026-09-26,true,training_dummy_available,20000000,not_reviewed,,7,Meteor Shower,3.246,1,5119,2560,Generic dataset formula before abilities/supports; card-specific stat exceptions are not fully validated; dataset_formula; confirmed 2560/1280 for borderless cards 33 and 38,gain an ability based on the card's art,user_2026-09-27/Screenshot 2026-09-26 at 6.30.52 PM.png,3,8
57,Surtr,1,Era 1,humanoid | fire,inferred_from_art_and_name,,inferred_not_verified,false,,available,screenshot_brightness_inference,medium,2026-09-26,true,training_dummy_available,22222222,not_reviewed,,12,Armageddon,9,1,14651,7326,Generic dataset formula before abilities/supports; card-specific stat exceptions are not fully validated; dataset_formula; confirmed 2560/1280 for borderless cards 33 and 38,"deal 4 x damage, 1 turn to recharge; on entry burn all enemies for 3 turns",user_2026-09-27/Screenshot 2026-09-26 at 6.30.52 PM.png,3,9
58,Cronus,1,Era 1,humanlike | divine,inferred_from_art_and_name,,inferred_not_verified,false,,available,screenshot_brightness_inference,medium,2026-09-26,true,training_dummy_available,25000000,not_reviewed,,8,Time Storm,4,1,6747,3374,Generic dataset formula before abilities/supports; card-specific stat exceptions are not fully validated; dataset_formula; confirmed 2560/1280 for borderless cards 33 and 38,enemy loses 25 % of their damage turn start,user_2026-09-27/Screenshot 2026-09-26 at 6.30.52 PM.png,3,10
59,Gilgamesh,1,Era 1,humanlike | warrior,inferred_from_art_and_name,,inferred_not_verified,false,,available,screenshot_brightness_inference,medium,2026-09-26,true,training_dummy_available,50000000,not_reviewed,,1,Base,1,1,2078,1039,Generic dataset formula before abilities/supports; card-specific stat exceptions are not fully validated; dataset_formula; confirmed 2560/1280 for borderless cards 33 and 38,damage cannot exceed 1 / 3 of max hp,user_2026-09-27/Screenshot 2026-09-26 at 6.30.52 PM.png,3,11
60,Fafnir,1,Era 1,dragon,inferred_from_art_and_name,dragon,inferred_not_verified,false,dragon:wiki_supported_unverified_current,available,screenshot_brightness_inference,medium,2026-09-26,true,training_dummy_available,100000000,not_reviewed,,1,Base,1,1,2560,1280,Generic dataset formula before abilities/supports; card-specific stat exceptions are not fully validated; dataset_formula; confirmed 2560/1280 for borderless cards 33 and 38,"deal 3 x damage, lose 30 % atk after attack",user_2026-09-27/Screenshot 2026-09-26 at 6.30.52 PM.png,3,12
61,Ragon,1,Era 1,dragon,inferred_from_art_and_name,dragon,inferred_not_verified,false,dragon:wiki_supported_unverified_current,available,screenshot_brightness_inference,medium,2026-09-26,true,training_dummy_available,100000000,not_reviewed,,1,Base,1,1,2560,1280,Generic dataset formula before abilities/supports; card-specific stat exceptions are not fully validated; dataset_formula; confirmed 2560/1280 for borderless cards 33 and 38,"reduce damage by 15 % of max hp, then halve",user_2026-09-27/Screenshot 2026-09-26 at 6.30.52 PM.png,3,13
62,Serpent Mist,1,Era 1,aquatic | reptile,inferred_from_art_and_name,,inferred_not_verified,false,,unavailable,screenshot_brightness_inference,medium,2026-09-26,true,training_dummy_available,300000000,not_reviewed,,4,Shroud,2,1,7127,3564,Generic dataset formula before abilities/supports; card-specific stat exceptions are not fully validated; dataset_formula; confirmed 2560/1280 for borderless cards 33 and 38,"on entry, gain attack equal to combined total of all fallen allies attack; takes 1.5 x damage",user_2026-09-27/Screenshot 2026-09-26 at 6.30.52 PM.png,3,14
63,Yeti,1,Era 1,animal | mammal | ice,inferred_from_art_and_name,,inferred_not_verified,false,,available,screenshot_brightness_inference,medium,2026-09-26,true,training_dummy_available,500000000,not_reviewed,,3,Snow,1.5,1,6234,3117,Generic dataset formula before abilities/supports; card-specific stat exceptions are not fully validated; dataset_formula; confirmed 2560/1280 for borderless cards 33 and 38,attacks inflict 2 turns of frostbite; take 1 / 2 damage from enemies with frostbite,user_2026-09-27/Screenshot 2026-09-26 at 6.30.52 PM.png,3,15
64,Achyls,1,Era 1,spirit | humanoid,inferred_from_art_and_name,,inferred_not_verified,false,,unavailable,screenshot_brightness_inference,medium,2026-09-26,true,training_dummy_available,700000000,not_reviewed,,4,Shroud,2,1,9198,4599,Generic dataset formula before abilities/supports; card-specific stat exceptions are not fully validated; dataset_formula; confirmed 2560/1280 for borderless cards 33 and 38,"on entry, 70 % chance to set enemy stats to its base borderless stats",user_2026-09-27/Screenshot 2026-09-26 at 6.30.52 PM.png,3,16
65,Parallax,1,Era 1,humanoid | demon,inferred_from_art_and_name,demon,inferred_not_verified,false,,unavailable,screenshot_brightness_inference,medium,2026-09-26,true,training_dummy_available,1000000000,not_reviewed,,8,Time Storm,4,1,20480,10240,Generic dataset formula before abilities/supports; card-specific stat exceptions are not fully validated; dataset_formula; confirmed 2560/1280 for borderless cards 33 and 38,"once only, if self would die, the enemy dies instead",user_2026-09-27/Screenshot 2026-09-26 at 6.30.52 PM.png,3,17
66,Mummy,2,Egypt,undead | hooded,inferred_from_art_and_name,undead,inferred_not_verified,false,undead:wiki_supported_unverified_current,available,screenshot_brightness_inference,medium,2026-09-26,true,training_dummy_available,250,not_reviewed,,1,Base,1,1,53,27,Generic dataset formula before abilities/supports; card-specific stat exceptions are not fully validated; dataset_formula; confirmed 2560/1280 for borderless cards 33 and 38,enemy atk drops 10 % after attack,user_2026-09-27/Screenshot 2026-09-26 at 6.31.00 PM.png,4,1
67,Dancer,2,Egypt,humanlike,inferred_from_art_and_name,,inferred_not_verified,false,,available,screenshot_brightness_inference,medium,2026-09-26,true,training_dummy_available,5000,not_reviewed,,1,Base,1,1,130,65,Generic dataset formula before abilities/supports; card-specific stat exceptions are not fully validated; dataset_formula; confirmed 2560/1280 for borderless cards 33 and 38,"3 x attacks, each dealing 50 % damage",user_2026-09-27/Screenshot 2026-09-26 at 6.31.00 PM.png,4,2
68,Vizier,2,Egypt,humanlike,inferred_from_art_and_name,,inferred_not_verified,false,,available,screenshot_brightness_inference,medium,2026-09-26,true,training_dummy_available,30000,not_reviewed,,1,Base,1,1,223,112,Generic dataset formula before abilities/supports; card-specific stat exceptions are not fully validated; dataset_formula; confirmed 2560/1280 for borderless cards 33 and 38,cards of reduce rarity deal 1 / 2 damage,user_2026-09-27/Screenshot 2026-09-26 at 6.31.00 PM.png,4,3
69,Black Cat,2,Egypt,animal | feline,inferred_from_art_and_name,,inferred_not_verified,false,,available,screenshot_brightness_inference,medium,2026-09-26,true,training_dummy_available,66666,not_reviewed,,1,Base,1,1,284,142,Generic dataset formula before abilities/supports; card-specific stat exceptions are not fully validated; dataset_formula; confirmed 2560/1280 for borderless cards 33 and 38,enemy's rng abilities always fail; 2 x damage to rng-based cards,user_2026-09-27/Screenshot 2026-09-26 at 6.31.00 PM.png,4,4
70,Sekhmet,2,Egypt,humanlike | divine,inferred_from_art_and_name,,inferred_not_verified,false,,available,screenshot_brightness_inference,medium,2026-09-26,true,training_dummy_available,78000,not_reviewed,,11,Blood Rain,8,1,2376,1188,Generic dataset formula before abilities/supports; card-specific stat exceptions are not fully validated; dataset_formula; confirmed 2560/1280 for borderless cards 33 and 38,gain 50 % lifesteal and counterattack when attacked,user_2026-09-27/Screenshot 2026-09-26 at 6.31.00 PM.png,4,5
71,Amenhotep,2,Egypt,humanlike,inferred_from_art_and_name,,inferred_not_verified,false,,available,screenshot_brightness_inference,medium,2026-09-26,true,training_dummy_available,150000,not_reviewed,,1,Base,1,1,362,181,Generic dataset formula before abilities/supports; card-specific stat exceptions are not fully validated; dataset_formula; confirmed 2560/1280 for borderless cards 33 and 38,"halve hp, 2 x atk",user_2026-09-27/Screenshot 2026-09-26 at 6.31.00 PM.png,4,6
72,Sphinx,2,Egypt,animal | feline | divine,inferred_from_art_and_name,,inferred_not_verified,false,,available,screenshot_brightness_inference,medium,2026-09-26,true,training_dummy_available,222000,not_reviewed,,1,Base,1,1,407,204,Generic dataset formula before abilities/supports; card-specific stat exceptions are not fully validated; dataset_formula; confirmed 2560/1280 for borderless cards 33 and 38,attack on entry,user_2026-09-27/Screenshot 2026-09-26 at 6.31.00 PM.png,4,7
73,Horus,2,Egypt,avian | humanoid | divine,inferred_from_art_and_name,avian,inferred_not_verified,false,,available,screenshot_brightness_inference,medium,2026-09-26,true,training_dummy_available,750000,not_reviewed,,1,Base,1,1,587,294,Generic dataset formula before abilities/supports; card-specific stat exceptions are not fully validated; dataset_formula; confirmed 2560/1280 for borderless cards 33 and 38,block first attack,user_2026-09-27/Screenshot 2026-09-26 at 6.31.00 PM.png,4,8
74,Shu,2,Egypt,humanlike | divine,inferred_from_art_and_name,,inferred_not_verified,false,,available,screenshot_brightness_inference,medium,2026-09-26,true,training_dummy_available,1500000,not_reviewed,,5,Aurora,1.75,1,1230,362,Generic dataset formula before abilities/supports; card-specific stat exceptions are not fully validated; experimental stat ratio fitted to user-read borderless 1230 HP / 362 ATK,heal 70 % of damage taken,user_2026-09-27/Screenshot 2026-09-26 at 6.31.00 PM.png,4,9
75,Set,2,Egypt,animal | humanoid | divine,inferred_from_art_and_name,,inferred_not_verified,false,,available,screenshot_brightness_inference,medium,2026-09-26,true,training_dummy_available,1700000,not_reviewed,,9,Eclipse,5,1,3755,1878,Generic dataset formula before abilities/supports; card-specific stat exceptions are not fully validated; dataset_formula; confirmed 2560/1280 for borderless cards 33 and 38,remove enemy's ability after dealing damage,user_2026-09-27/Screenshot 2026-09-26 at 6.31.00 PM.png,4,10
76,Anubis,2,Egypt,canine | humanoid | divine,inferred_from_art_and_name,undead,inferred_not_verified,false,undead:wiki_supported_unverified_current,available,screenshot_brightness_inference,medium,2026-09-26,true,training_dummy_available,2500000,not_reviewed,,1,Base,1,1,844,422,Generic dataset formula before abilities/supports; card-specific stat exceptions are not fully validated; dataset_formula; confirmed 2560/1280 for borderless cards 33 and 38,revive at 1 / 2 hp if an ally dies,user_2026-09-27/Screenshot 2026-09-26 at 6.31.00 PM.png,4,11
77,Serket,2,Egypt,humanoid | insectoid,inferred_from_art_and_name,,inferred_not_verified,false,,available,screenshot_brightness_inference,medium,2026-09-26,true,training_dummy_available,15000000,not_reviewed,,10,Virus,6,1,8678,4339,Generic dataset formula before abilities/supports; card-specific stat exceptions are not fully validated; dataset_formula; confirmed 2560/1280 for borderless cards 33 and 38,"when alive and in party, all allies become immune to status effects",user_2026-09-27/Screenshot 2026-09-26 at 6.31.00 PM.png,4,12
78,Hathor,2,Egypt,unknown,unresolved_blank_art,,inferred_not_verified,false,,unknown,screenshot_brightness_inference,low,2026-09-26,true,training_dummy_available,25000000,not_reviewed,,1,Base,1,1,1687,844,Generic dataset formula before abilities/supports; card-specific stat exceptions are not fully validated; dataset_formula; confirmed 2560/1280 for borderless cards 33 and 38,"on death, shield the next card from one attack",user_2026-09-27/Screenshot 2026-09-26 at 6.31.00 PM.png,4,13
79,Ra,2,Egypt,avian | divine,inferred_from_art_and_name,avian,inferred_not_verified,false,,available,screenshot_brightness_inference,medium,2026-09-26,true,training_dummy_available,42000000,not_reviewed,,1,Base,1,1,1972,986,Generic dataset formula before abilities/supports; card-specific stat exceptions are not fully validated; dataset_formula; confirmed 2560/1280 for borderless cards 33 and 38,"damages the next card, ignoring its on-death ability",user_2026-09-27/Screenshot 2026-09-26 at 6.31.00 PM.png,4,14
80,Sorceror,3,Anime,humanlike,inferred_from_art_and_name,,inferred_not_verified,false,,available,screenshot_brightness_inference,medium,2026-09-26,true,training_dummy_available,100,not_reviewed,,1,Base,1,1,40,20,Generic dataset formula before abilities/supports; card-specific stat exceptions are not fully validated; dataset_formula; confirmed 2560/1280 for borderless cards 33 and 38,extra attack for 50 % damage bypassing defenses,user_2026-09-27/Screenshot 2026-09-26 at 6.31.07 PM.png,5,1
81,Demon Hunter,3,Anime,humanlike | demon,inferred_from_art_and_name,demon,inferred_not_verified,false,,available,screenshot_brightness_inference,medium,2026-09-26,true,training_dummy_available,500,not_reviewed,,1,Base,1,1,65,33,Generic dataset formula before abilities/supports; card-specific stat exceptions are not fully validated; dataset_formula; confirmed 2560/1280 for borderless cards 33 and 38,burn target for 3 turns when attacked,user_2026-09-27/Screenshot 2026-09-26 at 6.31.07 PM.png,5,2
82,Trainee,3,Anime,humanlike | warrior,inferred_from_art_and_name,,inferred_not_verified,false,,available,screenshot_brightness_inference,medium,2026-09-26,true,training_dummy_available,1000,not_reviewed,,1,Base,1,1,80,40,Generic dataset formula before abilities/supports; card-specific stat exceptions are not fully validated; dataset_formula; confirmed 2560/1280 for borderless cards 33 and 38,increase stats by 10 % for the first 5 turns,user_2026-09-27/Screenshot 2026-09-26 at 6.31.07 PM.png,5,3
83,Gambler,3,Anime,humanlike,inferred_from_art_and_name,rng,inferred_not_verified,false,rng:wiki_supported_unverified_current,available,screenshot_brightness_inference,medium,2026-09-26,true,training_dummy_available,7777,not_reviewed,,1,Base,1,1,149,75,Generic dataset formula before abilities/supports; card-specific stat exceptions are not fully validated; dataset_formula; confirmed 2560/1280 for borderless cards 33 and 38,"after attack, stats change by - 10 to + 30 %",user_2026-09-27/Screenshot 2026-09-26 at 6.31.07 PM.png,5,4
84,Stone Scientist,3,Anime,humanlike,inferred_from_art_and_name,,inferred_not_verified,false,,available,screenshot_brightness_inference,medium,2026-09-26,true,training_dummy_available,10000,not_reviewed,,1,Base,1,1,160,80,Generic dataset formula before abilities/supports; card-specific stat exceptions are not fully validated; dataset_formula; confirmed 2560/1280 for borderless cards 33 and 38,boost next card's stats by 20 % on entry,user_2026-09-27/Screenshot 2026-09-26 at 6.31.07 PM.png,5,5
85,Darling,3,Anime,humanlike | horned,inferred_from_art_and_name,,inferred_not_verified,false,,available,screenshot_brightness_inference,medium,2026-09-26,true,training_dummy_available,50000,not_reviewed,,1,Base,1,1,260,130,Generic dataset formula before abilities/supports; card-specific stat exceptions are not fully validated; dataset_formula; confirmed 2560/1280 for borderless cards 33 and 38,boost stats by 20 % on entry; heal 10 % hp for each turn,user_2026-09-27/Screenshot 2026-09-26 at 6.31.07 PM.png,5,6
86,Gunslinger,3,Anime,humanlike,inferred_from_art_and_name,,inferred_not_verified,false,,available,screenshot_brightness_inference,medium,2026-09-26,true,training_dummy_available,100000,not_reviewed,,1,Base,1,1,320,160,Generic dataset formula before abilities/supports; card-specific stat exceptions are not fully validated; dataset_formula; confirmed 2560/1280 for borderless cards 33 and 38,reduce target's atk by 40 % of damage dealt,user_2026-09-27/Screenshot 2026-09-26 at 6.31.07 PM.png,5,7
87,Artoria of Excalibur,3,Anime,humanlike | warrior,inferred_from_art_and_name,,inferred_not_verified,false,,available,screenshot_brightness_inference,medium,2026-09-26,true,training_dummy_available,250000,not_reviewed,,1,Base,1,1,422,211,Generic dataset formula before abilities/supports; card-specific stat exceptions are not fully validated; dataset_formula; confirmed 2560/1280 for borderless cards 33 and 38,nullify damage below 75 % of self atk,user_2026-09-27/Screenshot 2026-09-26 at 6.31.07 PM.png,5,8
88,Academy Student,3,Anime,humanlike,inferred_from_art_and_name,,inferred_not_verified,false,,available,screenshot_brightness_inference,medium,2026-09-26,true,training_dummy_available,300000,not_reviewed,,1,Base,1,1,446,223,Generic dataset formula before abilities/supports; card-specific stat exceptions are not fully validated; dataset_formula; confirmed 2560/1280 for borderless cards 33 and 38,each enemy loses hp equal to 40 % of damage dealt,user_2026-09-27/Screenshot 2026-09-26 at 6.31.07 PM.png,5,9
89,Priest,3,Anime,humanlike,inferred_from_art_and_name,,inferred_not_verified,false,,available,screenshot_brightness_inference,medium,2026-09-26,true,training_dummy_available,500000,not_reviewed,,8,Time Storm,4,1,2078,1039,Generic dataset formula before abilities/supports; card-specific stat exceptions are not fully validated; dataset_formula; confirmed 2560/1280 for borderless cards 33 and 38,"start with 2 turns, then gain 1 each cycle",user_2026-09-27/Screenshot 2026-09-26 at 6.31.07 PM.png,5,10
90,Control Freak,3,Anime,humanlike,inferred_from_art_and_name,,inferred_not_verified,false,,available,screenshot_brightness_inference,medium,2026-09-26,true,training_dummy_available,500000,not_reviewed,,1,Base,1,1,520,260,Generic dataset formula before abilities/supports; card-specific stat exceptions are not fully validated; dataset_formula; confirmed 2560/1280 for borderless cards 33 and 38,defeated enemies fight on your side,user_2026-09-27/Screenshot 2026-09-26 at 6.31.07 PM.png,5,11
91,Vampire Lord,3,Anime,humanlike | undead,inferred_from_art_and_name,undead,inferred_not_verified,false,,available,screenshot_brightness_inference,medium,2026-09-26,true,training_dummy_available,500000,not_reviewed,,11,Blood Rain,8,1,4156,2078,Generic dataset formula before abilities/supports; card-specific stat exceptions are not fully validated; dataset_formula; confirmed 2560/1280 for borderless cards 33 and 38,steal atk and hp equal to damage dealt,user_2026-09-27/Screenshot 2026-09-26 at 6.31.07 PM.png,5,12
92,Admiral Ice,3,Anime,humanlike | ice,inferred_from_art_and_name,,inferred_not_verified,false,,available,screenshot_brightness_inference,medium,2026-09-26,true,training_dummy_available,750000,not_reviewed,,3,Snow,1.5,1,881,441,Generic dataset formula before abilities/supports; card-specific stat exceptions are not fully validated; dataset_formula; confirmed 2560/1280 for borderless cards 33 and 38,slow target on entry,user_2026-09-27/Screenshot 2026-09-26 at 6.31.07 PM.png,5,13
93,Nao Presence,3,Anime,humanlike,inferred_from_art_and_name,,inferred_not_verified,false,,available,screenshot_brightness_inference,medium,2026-09-26,true,training_dummy_available,1000000,not_reviewed,,7,Meteor Shower,3.246,1,2078,1039,Generic dataset formula before abilities/supports; card-specific stat exceptions are not fully validated; dataset_formula; confirmed 2560/1280 for borderless cards 33 and 38,60 % chance to dodge attacks,user_2026-09-27/Screenshot 2026-09-26 at 6.31.07 PM.png,5,14
94,Immortal Witch,3,Anime,humanlike,inferred_from_art_and_name,,inferred_not_verified,false,,available,screenshot_brightness_inference,medium,2026-09-26,true,training_dummy_available,1500000,not_reviewed,,1,Base,1,1,868,290,Generic dataset formula before abilities/supports; card-specific stat exceptions are not fully validated; experimental stat ratio: borderless 868 HP user-confirmed; 290 ATK matches user video; ratios sourced from wiki,heal 35 % hp each turn,user_2026-09-27/Screenshot 2026-09-26 at 6.31.07 PM.png,5,15
95,Tornado,3,Anime,humanlike,inferred_from_art_and_name,,inferred_not_verified,false,,available,screenshot_brightness_inference,medium,2026-09-26,true,training_dummy_available,2500000,not_reviewed,,1,Base,1,1,844,422,Generic dataset formula before abilities/supports; card-specific stat exceptions are not fully validated; dataset_formula; confirmed 2560/1280 for borderless cards 33 and 38,deal 2 x damage then 4 x with a meteor,user_2026-09-27/Screenshot 2026-09-26 at 6.31.07 PM.png,5,16
96,Failed Mage,3,Anime,humanlike,inferred_from_art_and_name,,inferred_not_verified,false,,available,screenshot_brightness_inference,medium,2026-09-26,true,training_dummy_available,3000000,not_reviewed,,1,Base,1,1,891,446,Generic dataset formula before abilities/supports; card-specific stat exceptions are not fully validated; dataset_formula; confirmed 2560/1280 for borderless cards 33 and 38,"deal 3 x damage, skip next turn",user_2026-09-27/Screenshot 2026-09-26 at 6.31.07 PM.png,5,17
97,Joe,3,Anime,humanlike,inferred_from_art_and_name,,inferred_not_verified,false,,available,screenshot_brightness_inference,medium,2026-09-26,true,training_dummy_available,7000000,not_reviewed,,1,Base,1,1,1150,575,Generic dataset formula before abilities/supports; card-specific stat exceptions are not fully validated; dataset_formula; confirmed 2560/1280 for borderless cards 33 and 38,"take 3 turns, then 1",user_2026-09-27/Screenshot 2026-09-26 at 6.31.07 PM.png,5,18
98,Ultimate Brawler,3,Anime,humanlike | warrior,inferred_from_art_and_name,,inferred_not_verified,false,,available,screenshot_brightness_inference,medium,2026-09-26,true,training_dummy_available,9000000,not_reviewed,,13,Manga,10,1,12401,6201,Generic dataset formula before abilities/supports; card-specific stat exceptions are not fully validated; dataset_formula; confirmed 2560/1280 for borderless cards 33 and 38,enemy's hit chance is squared ratio of damage to self max hp; on first death awaken instead,user_2026-09-27/Screenshot 2026-09-26 at 6.31.07 PM.png,5,19
99,Cosmic Pop Star,3,Anime,humanlike,inferred_from_art_and_name,,inferred_not_verified,false,,available,screenshot_brightness_inference,medium,2026-09-26,true,training_dummy_available,10000000,not_reviewed,,7,Meteor Shower,3.246,1,4155,2078,Generic dataset formula before abilities/supports; card-specific stat exceptions are not fully validated; dataset_formula; confirmed 2560/1280 for borderless cards 33 and 38,steal 75 % of the stats from the card behind self and banishes it; counterattacks,user_2026-09-27/Screenshot 2026-09-26 at 6.31.07 PM.png,5,20
100,Mastermind,3,Anime,humanlike,inferred_from_art_and_name,,inferred_not_verified,false,,available,screenshot_brightness_inference,medium,2026-09-26,true,training_dummy_available,11111111,not_reviewed,,1,Base,1,1,1322,661,Generic dataset formula before abilities/supports; card-specific stat exceptions are not fully validated; dataset_formula; confirmed 2560/1280 for borderless cards 33 and 38,inflict confusion for 3 turns on entry; fails if enemy's atk is 400 % higher,user_2026-09-27/Screenshot 2026-09-26 at 6.31.07 PM.png,5,21
101,Cat Lady,3,Anime,humanlike | feline,inferred_from_art_and_name,,inferred_not_verified,false,,available,screenshot_brightness_inference,medium,2026-09-26,true,training_dummy_available,15000000,not_reviewed,,1,Base,1,1,1447,724,Generic dataset formula before abilities/supports; card-specific stat exceptions are not fully validated; dataset_formula; confirmed 2560/1280 for borderless cards 33 and 38,dodge lethal and switch with an ally,user_2026-09-27/Screenshot 2026-09-26 at 6.31.07 PM.png,5,22
102,Domain Master,3,Anime,humanlike,inferred_from_art_and_name,,inferred_not_verified,false,,available,screenshot_brightness_inference,medium,2026-09-26,true,training_dummy_available,25000000,not_reviewed,,1,Base,1,1,1687,844,Generic dataset formula before abilities/supports; card-specific stat exceptions are not fully validated; dataset_formula; confirmed 2560/1280 for borderless cards 33 and 38,"dodge first attack, bypass defenses",user_2026-09-27/Screenshot 2026-09-26 at 6.31.07 PM.png,5,23
103,Kira,3,Anime,humanlike,inferred_from_art_and_name,,inferred_not_verified,false,,available,screenshot_brightness_inference,medium,2026-09-26,true,training_dummy_available,51128200,not_reviewed,,6,Rapture,3,1,6276,3138,Generic dataset formula before abilities/supports; card-specific stat exceptions are not fully validated; dataset_formula; confirmed 2560/1280 for borderless cards 33 and 38,enemies you see die after 2 turns,user_2026-09-27/Screenshot 2026-09-26 at 6.31.07 PM.png,5,24
104,Piccolo,3,Anime,humanoid | alien,inferred_from_art_and_name,,inferred_not_verified,false,,available,screenshot_brightness_inference,medium,2026-09-26,true,training_dummy_available,1000000000,not_reviewed,,1,Base,1,1,6144,3072,"Generic dataset formula before abilities/supports; card-specific stat exceptions are not fully validated; experimental stat ratio: user-read 3,072 ATK out of battle; HP ratio assumed equal","if card ahead would take lethal attack: self takes its place, blocks attack, and gains 2 x stats",user_2026-09-27/Screenshot 2026-09-26 at 6.31.22 PM.png,6,1
105,Ninja,4,Rising Sun,humanlike | warrior,inferred_from_art_and_name,,inferred_not_verified,false,,available,screenshot_brightness_inference,medium,2026-09-26,true,training_dummy_available,99,not_reviewed,,1,Base,1,1,40,20,Generic dataset formula before abilities/supports; card-specific stat exceptions are not fully validated; dataset_formula; confirmed 2560/1280 for borderless cards 33 and 38,deal 2 x damage on entry if an ally is dead,user_2026-09-27/Screenshot 2026-09-26 at 6.31.22 PM.png,6,2
106,Samurai,4,Rising Sun,humanlike | warrior,inferred_from_art_and_name,,inferred_not_verified,false,,available,screenshot_brightness_inference,medium,2026-09-26,true,training_dummy_available,250,not_reviewed,,1,Base,1,1,53,27,Generic dataset formula before abilities/supports; card-specific stat exceptions are not fully validated; dataset_formula; confirmed 2560/1280 for borderless cards 33 and 38,cancel all abilities while in play,user_2026-09-27/Screenshot 2026-09-26 at 6.31.22 PM.png,6,3
107,Onmyoji,4,Rising Sun,humanlike | mage,inferred_from_art_and_name,,inferred_not_verified,false,,available,screenshot_brightness_inference,medium,2026-09-26,true,training_dummy_available,4500,not_reviewed,,1,Base,1,1,126,63,Generic dataset formula before abilities/supports; card-specific stat exceptions are not fully validated; dataset_formula; confirmed 2560/1280 for borderless cards 33 and 38,"deal 300 % damage after 5 moves, even on death",user_2026-09-27/Screenshot 2026-09-26 at 6.31.22 PM.png,6,4
108,Kitsune,4,Rising Sun,animal | canine | spirit,inferred_from_art_and_name,,inferred_not_verified,false,,available,screenshot_brightness_inference,medium,2026-09-26,true,training_dummy_available,10000,not_reviewed,,1,Base,1,1,160,80,Generic dataset formula before abilities/supports; card-specific stat exceptions are not fully validated; dataset_formula; confirmed 2560/1280 for borderless cards 33 and 38,gain 20 % stats each turn for 9 turns,user_2026-09-27/Screenshot 2026-09-26 at 6.31.22 PM.png,6,5
109,A0-ON1,4,Rising Sun,construct | armored,inferred_from_art_and_name,friendship,inferred_not_verified,false,friendship:wiki_supported_unverified_current,available,screenshot_brightness_inference,medium,2026-09-26,true,training_dummy_available,66666,not_reviewed,,1,Base,1,1,284,142,Generic dataset formula before abilities/supports; card-specific stat exceptions are not fully validated; dataset_formula; confirmed 2560/1280 for borderless cards 33 and 38,gain 40 % stats for each unique friendship card,user_2026-09-27/Screenshot 2026-09-26 at 6.31.22 PM.png,6,6
110,AK4-ON1,4,Rising Sun,construct | armored,inferred_from_art_and_name,friendship,inferred_not_verified,false,friendship:wiki_supported_unverified_current,available,screenshot_brightness_inference,medium,2026-09-26,true,training_dummy_available,66666,not_reviewed,,1,Base,1,1,284,142,Generic dataset formula before abilities/supports; card-specific stat exceptions are not fully validated; dataset_formula; confirmed 2560/1280 for borderless cards 33 and 38,gain 40 % stats for each unique friendship card,user_2026-09-27/Screenshot 2026-09-26 at 6.31.22 PM.png,6,7
111,Shuten-dōji,4,Rising Sun,demon | humanoid,inferred_from_art_and_name,demon,inferred_not_verified,false,,available,screenshot_brightness_inference,medium,2026-09-26,true,training_dummy_available,96139,not_reviewed,,11,Blood Rain,8,1,2530,1265,Generic dataset formula before abilities/supports; card-specific stat exceptions are not fully validated; dataset_formula; confirmed 2560/1280 for borderless cards 33 and 38,"deal 2 x damage, gain extra turn, and + 20 % stats on kill",user_2026-09-27/Screenshot 2026-09-26 at 6.31.22 PM.png,6,8
112,River Dragon,4,Rising Sun,dragon | aquatic,inferred_from_art_and_name,dragon,inferred_not_verified,false,dragon:wiki_supported_unverified_current,available,screenshot_brightness_inference,medium,2026-09-26,true,training_dummy_available,100000,not_reviewed,,1,Base,1,1,320,160,Generic dataset formula before abilities/supports; card-specific stat exceptions are not fully validated; dataset_formula; confirmed 2560/1280 for borderless cards 33 and 38,enemy loses 20 % max hp each turn,user_2026-09-27/Screenshot 2026-09-26 at 6.31.22 PM.png,6,9
113,Sasaki Kojiro,4,Rising Sun,humanlike | warrior,inferred_from_art_and_name,,inferred_not_verified,false,,available,screenshot_brightness_inference,medium,2026-09-26,true,training_dummy_available,250000,not_reviewed,,1,Base,1,1,422,211,Generic dataset formula before abilities/supports; card-specific stat exceptions are not fully validated; dataset_formula; confirmed 2560/1280 for borderless cards 33 and 38,dodge first lethal hit then 2 x damage,user_2026-09-27/Screenshot 2026-09-26 at 6.31.22 PM.png,6,10
114,Inari,4,Rising Sun,animal | canine | spirit,inferred_from_art_and_name,,inferred_not_verified,false,,available,screenshot_brightness_inference,medium,2026-09-26,true,training_dummy_available,1000000,not_reviewed,,1,Base,1,1,640,320,Generic dataset formula before abilities/supports; card-specific stat exceptions are not fully validated; dataset_formula; confirmed 2560/1280 for borderless cards 33 and 38,invincible for 3 turns then dies,user_2026-09-27/Screenshot 2026-09-26 at 6.31.22 PM.png,6,11
115,Yamato no Orochi,4,Rising Sun,reptile | serpent,inferred_from_art_and_name,,inferred_not_verified,false,,available,screenshot_brightness_inference,medium,2026-09-26,true,training_dummy_available,3000000,not_reviewed,,1,Base,1,1,891,446,Generic dataset formula before abilities/supports; card-specific stat exceptions are not fully validated; dataset_formula; confirmed 2560/1280 for borderless cards 33 and 38,lose 1 / 8 stats when damaged,user_2026-09-27/Screenshot 2026-09-26 at 6.31.22 PM.png,6,12
116,Susanoo,4,Rising Sun,humanlike | divine,inferred_from_art_and_name,,inferred_not_verified,false,,available,screenshot_brightness_inference,medium,2026-09-26,true,training_dummy_available,34000000,not_reviewed,,2,Storm,1.5,1,2776,1388,Generic dataset formula before abilities/supports; card-specific stat exceptions are not fully validated; dataset_formula; confirmed 2560/1280 for borderless cards 33 and 38,"every 3 turns, enemies rests and you gain 100 % damage",user_2026-09-27/Screenshot 2026-09-26 at 6.31.22 PM.png,6,13
117,Tsukuyomi,4,Rising Sun,humanlike | divine,inferred_from_art_and_name,,inferred_not_verified,false,,available,screenshot_brightness_inference,medium,2026-09-26,true,training_dummy_available,42000000,not_reviewed,,1,Base,1,1,1972,986,Generic dataset formula before abilities/supports; card-specific stat exceptions are not fully validated; dataset_formula; confirmed 2560/1280 for borderless cards 33 and 38,"every other turn, enemy damages themselves",user_2026-09-27/Screenshot 2026-09-26 at 6.31.22 PM.png,6,14
118,Amaterasu,4,Rising Sun,humanlike | divine,inferred_from_art_and_name,,inferred_not_verified,false,,available,screenshot_brightness_inference,medium,2026-09-26,true,training_dummy_available,300000000,not_reviewed,,1,Base,1,1,3564,1782,Generic dataset formula before abilities/supports; card-specific stat exceptions are not fully validated; dataset_formula; confirmed 2560/1280 for borderless cards 33 and 38,nullify every other attack and heal 80 % of its damage,user_2026-09-27/Screenshot 2026-09-26 at 6.31.22 PM.png,6,15
119,Kuchisake-onna,4,Rising Sun,humanlike | spirit,inferred_from_art_and_name,,inferred_not_verified,false,,available,screenshot_brightness_inference,medium,2026-09-26,true,training_dummy_available,555444321,not_reviewed,,1,Base,1,1,4290,2145,Generic dataset formula before abilities/supports; card-specific stat exceptions are not fully validated; dataset_formula; confirmed 2560/1280 for borderless cards 33 and 38,"inflicts confusion on entry; if the enemy self-hits: - 20 % atk; else, confusion persists",user_2026-09-27/Screenshot 2026-09-26 at 6.31.22 PM.png,6,16
120,Demon Cultivator,5,Immortal,humanlike | demon,inferred_from_art_and_name,demon,inferred_not_verified,false,,available,screenshot_brightness_inference,medium,2026-09-26,true,training_dummy_available,35000,not_reviewed,,11,Blood Rain,8,1,1867,934,Generic dataset formula before abilities/supports; card-specific stat exceptions are not fully validated; dataset_formula; confirmed 2560/1280 for borderless cards 33 and 38,stats increase by 30 % for 2 turns; awaken after 2 turns,user_2026-09-27/Screenshot 2026-09-26 at 6.31.56 PM.png,7,1
121,Martial Artist,5,Immortal,humanlike | warrior,inferred_from_art_and_name,,inferred_not_verified,false,,available,screenshot_brightness_inference,medium,2026-09-26,true,training_dummy_available,500000,not_reviewed,,1,Base,1,1,520,260,Generic dataset formula before abilities/supports; card-specific stat exceptions are not fully validated; dataset_formula; confirmed 2560/1280 for borderless cards 33 and 38,gain 30 % atk each turn end,user_2026-09-27/Screenshot 2026-09-26 at 6.31.56 PM.png,7,2
122,Heavenly Demon,5,Immortal,humanlike | demon,inferred_from_art_and_name,demon | rng,inferred_not_verified,false,demon:wiki_supported_unverified_current | rng:wiki_supported_unverified_current,available,screenshot_brightness_inference,medium,2026-09-26,true,training_dummy_available,700000,not_reviewed,,6,Rapture,3,1,1725,863,Generic dataset formula before abilities/supports; card-specific stat exceptions are not fully validated; dataset_formula; confirmed 2560/1280 for borderless cards 33 and 38,50 % chance to swap the enemy's current card and deal 3 x damage,user_2026-09-27/Screenshot 2026-09-26 at 6.31.56 PM.png,7,3
123,Jiāngshī,5,Immortal,humanlike | undead,inferred_from_art_and_name,undead,inferred_not_verified,false,,available,screenshot_brightness_inference,medium,2026-09-26,true,training_dummy_available,800000,not_reviewed,,1,Base,1,1,599,300,Generic dataset formula before abilities/supports; card-specific stat exceptions are not fully validated; dataset_formula; confirmed 2560/1280 for borderless cards 33 and 38,heal to full hp on kill,user_2026-09-27/Screenshot 2026-09-26 at 6.31.56 PM.png,7,4
124,Buddhist Monk,5,Immortal,humanlike,inferred_from_art_and_name,,inferred_not_verified,false,,available,screenshot_brightness_inference,medium,2026-09-26,true,training_dummy_available,900000,not_reviewed,,1,Base,1,1,621,311,Generic dataset formula before abilities/supports; card-specific stat exceptions are not fully validated; dataset_formula; confirmed 2560/1280 for borderless cards 33 and 38,take 1 / 3 less damage from demons,user_2026-09-27/Screenshot 2026-09-26 at 6.31.56 PM.png,7,5
125,Divine Doctor,5,Immortal,humanlike,inferred_from_art_and_name,,inferred_not_verified,false,,available,screenshot_brightness_inference,medium,2026-09-26,true,training_dummy_available,2500000,not_reviewed,,1,Base,1,1,844,422,Generic dataset formula before abilities/supports; card-specific stat exceptions are not fully validated; dataset_formula; confirmed 2560/1280 for borderless cards 33 and 38,heal by max hp after allies take 3 turns,user_2026-09-27/Screenshot 2026-09-26 at 6.31.56 PM.png,7,6
126,Immortal Cultivator,5,Immortal,humanlike,inferred_from_art_and_name,,inferred_not_verified,false,,available,screenshot_brightness_inference,medium,2026-09-26,true,training_dummy_available,4500000,not_reviewed,,1,Base,1,1,1007,504,Generic dataset formula before abilities/supports; card-specific stat exceptions are not fully validated; dataset_formula; confirmed 2560/1280 for borderless cards 33 and 38,gain 30 % stats for 2 turns and awaken on the third,user_2026-09-27/Screenshot 2026-09-26 at 6.31.56 PM.png,7,7
127,Qilin,5,Immortal,animal | mythical,inferred_from_art_and_name,,inferred_not_verified,false,,available,screenshot_brightness_inference,medium,2026-09-26,true,training_dummy_available,7500000,not_reviewed,,1,Base,1,1,1174,587,Generic dataset formula before abilities/supports; card-specific stat exceptions are not fully validated; dataset_formula; confirmed 2560/1280 for borderless cards 33 and 38,enemy loses 30 % of their current hp turn start,user_2026-09-27/Screenshot 2026-09-26 at 6.31.56 PM.png,7,8
128,The Jade Emporer,5,Immortal,humanlike | divine,inferred_from_art_and_name,,inferred_not_verified,false,,available,screenshot_brightness_inference,medium,2026-09-26,true,training_dummy_available,10000000,not_reviewed,,6,Rapture,3,1,3840,1920,Generic dataset formula before abilities/supports; card-specific stat exceptions are not fully validated; dataset_formula; confirmed 2560/1280 for borderless cards 33 and 38,reduce damage by 35 %; boost allies' stats by 10 % each turn,user_2026-09-27/Screenshot 2026-09-26 at 6.31.56 PM.png,7,9
129,The Awakened One,5,Immortal,humanlike | divine,inferred_from_art_and_name,,inferred_not_verified,false,,available,screenshot_brightness_inference,medium,2026-09-26,true,training_dummy_available,17000000,not_reviewed,,13,Manga,10,1,15017,7509,Generic dataset formula before abilities/supports; card-specific stat exceptions are not fully validated; dataset_formula; confirmed 2560/1280 for borderless cards 33 and 38,"on entry, manifest 1 of 6 weapons, gaining its unique ability",user_2026-09-27/Screenshot 2026-09-26 at 6.31.56 PM.png,7,10
130,Nüwa,5,Immortal,humanlike | divine,inferred_from_art_and_name,,inferred_not_verified,false,,available,screenshot_brightness_inference,medium,2026-09-26,true,training_dummy_available,120000000,not_reviewed,,5,Aurora,1.75,1,4733,2367,Generic dataset formula before abilities/supports; card-specific stat exceptions are not fully validated; dataset_formula; confirmed 2560/1280 for borderless cards 33 and 38,create a random card with self stats and place it at the end of ally deck,user_2026-09-27/Screenshot 2026-09-26 at 6.31.56 PM.png,7,11
131,Shén Lóng,5,Immortal,dragon,inferred_from_art_and_name,dragon,inferred_not_verified,false,,available,screenshot_brightness_inference,medium,2026-09-26,true,training_dummy_available,200000000,not_reviewed,,1,Base,1,1,3154,1577,Generic dataset formula before abilities/supports; card-specific stat exceptions are not fully validated; dataset_formula; confirmed 2560/1280 for borderless cards 33 and 38,boost stats by 65 % on entry,user_2026-09-27/Screenshot 2026-09-26 at 6.31.56 PM.png,7,12
132,Xīfāng Báihü,5,Immortal,animal | feline | divine,inferred_from_art_and_name,,inferred_not_verified,false,,available,screenshot_brightness_inference,medium,2026-09-26,true,training_dummy_available,400000000,unresolved,450000000,1,Base,1,1,3886,1943,Generic dataset formula before abilities/supports; card-specific stat exceptions are not fully validated; dataset_formula; confirmed 2560/1280 for borderless cards 33 and 38,"gain 200 % atk on entry, lose atk equal to damage taken; heal 35 % and gain 35 % atk on kill",user_2026-09-27/Screenshot 2026-09-26 at 6.31.56 PM.png,7,13
133,Běi Fāng Xuán Wü,5,Immortal,animal | reptile | divine,inferred_from_art_and_name,,inferred_not_verified,false,,available,screenshot_brightness_inference,medium,2026-09-26,true,training_dummy_available,450000000,not_reviewed,,1,Base,1,1,4027,2014,Generic dataset formula before abilities/supports; card-specific stat exceptions are not fully validated; dataset_formula; confirmed 2560/1280 for borderless cards 33 and 38,redirect 50 % of damage taken by allies to self,user_2026-09-27/Screenshot 2026-09-26 at 6.31.56 PM.png,7,14
134,Dōng Fāng Qīng Lóng,5,Immortal,dragon | divine,inferred_from_art_and_name,dragon,inferred_not_verified,false,dragon:wiki_supported_unverified_current,available,screenshot_brightness_inference,medium,2026-09-26,true,training_dummy_available,450000000,not_reviewed,,1,Base,1,1,4027,2014,Generic dataset formula before abilities/supports; card-specific stat exceptions are not fully validated; dataset_formula; confirmed 2560/1280 for borderless cards 33 and 38,"deal 150 % damage on entry, ignoring defenses",user_2026-09-27/Screenshot 2026-09-26 at 6.31.56 PM.png,7,15
135,Nán Fāng Zhū Què,5,Immortal,avian | divine | fire,inferred_from_art_and_name,avian,inferred_not_verified,false,,available,screenshot_brightness_inference,medium,2026-09-26,true,training_dummy_available,450000000,not_reviewed,,1,Base,1,1,4027,2014,Generic dataset formula before abilities/supports; card-specific stat exceptions are not fully validated; dataset_formula; confirmed 2560/1280 for borderless cards 33 and 38,revive with 1 / 2 hp and 2 x atk; burn attackers for 2 turns,user_2026-09-27/Screenshot 2026-09-26 at 6.31.56 PM.png,7,16
136,Shennong,5,Immortal,humanlike | divine,inferred_from_art_and_name,rng,inferred_not_verified,false,rng:wiki_supported_unverified_current,available,screenshot_brightness_inference,medium,2026-09-26,true,training_dummy_available,950000000,not_reviewed,,1,Base,1,1,5042,2521,Generic dataset formula before abilities/supports; card-specific stat exceptions are not fully validated; dataset_formula; confirmed 2560/1280 for borderless cards 33 and 38,"heal 20 % hp each turn, with 50 % chance to gain 30 % atk",user_2026-09-27/Screenshot 2026-09-26 at 6.31.56 PM.png,7,17
137,Fuxi,5,Immortal,humanlike | divine,inferred_from_art_and_name,,inferred_not_verified,false,,available,screenshot_brightness_inference,medium,2026-09-26,true,training_dummy_available,1100000000,not_reviewed,,1,Base,1,1,5270,2635,Generic dataset formula before abilities/supports; card-specific stat exceptions are not fully validated; dataset_formula; confirmed 2560/1280 for borderless cards 33 and 38,enemy's cards cannot use abilities for 3 turns,user_2026-09-27/Screenshot 2026-09-26 at 6.31.56 PM.png,7,18
138,Sun Wukong,5,Immortal,animal | primate | divine,inferred_from_art_and_name,,inferred_not_verified,false,,available,screenshot_brightness_inference,medium,2026-09-26,true,training_dummy_available,2000000000,not_reviewed,,1,Base,1,1,6308,3154,Generic dataset formula before abilities/supports; card-specific stat exceptions are not fully validated; dataset_formula; confirmed 2560/1280 for borderless cards 33 and 38,transform when hp falls below 50 %,user_2026-09-27/Screenshot 2026-09-26 at 6.31.56 PM.png,7,19
139,Buddha,5,Immortal,humanoid | divine,inferred_from_art_and_name,,inferred_not_verified,false,,available,screenshot_brightness_inference,medium,2026-09-26,true,training_dummy_available,10000000000,not_reviewed,,1,Base,1,1,10240,5120,Generic dataset formula before abilities/supports; card-specific stat exceptions are not fully validated; dataset_formula; confirmed 2560/1280 for borderless cards 33 and 38,revive a dead ally or heal a living one by 50 % instead of attacking; move to end of deck if fully healed,user_2026-09-27/Screenshot 2026-09-26 at 6.31.56 PM.png,7,20
140,Pangu,5,Immortal,humanoid | divine,inferred_from_art_and_name,,inferred_not_verified,false,,available,screenshot_brightness_inference,medium,2026-09-26,true,training_dummy_available,11000000000,not_reviewed,,1,Base,1,1,10539,5270,Generic dataset formula before abilities/supports; card-specific stat exceptions are not fully validated; dataset_formula; confirmed 2560/1280 for borderless cards 33 and 38,2 x hp and atk every 3 turns,user_2026-09-27/Screenshot 2026-09-26 at 6.31.56 PM.png,7,21
141,Ancient Egg,6,Prehistoric,object | egg,inferred_from_art_and_name,,inferred_not_verified,false,,available,screenshot_brightness_inference,medium,2026-09-26,true,training_dummy_available,2000,not_reviewed,,1,Base,1,1,99,50,Generic dataset formula before abilities/supports; card-specific stat exceptions are not fully validated; dataset_formula; confirmed 2560/1280 for borderless cards 33 and 38,"on death, gain 3 fossils",user_2026-09-27/Screenshot 2026-09-26 at 6.32.18 PM.png,8,1
142,Stegosaurus,6,Prehistoric,dinosaur,inferred_from_art_and_name,,inferred_not_verified,false,,available,screenshot_brightness_inference,medium,2026-09-26,true,training_dummy_available,35500,not_reviewed,,1,Base,1,1,235,118,Generic dataset formula before abilities/supports; card-specific stat exceptions are not fully validated; dataset_formula; confirmed 2560/1280 for borderless cards 33 and 38,"every other turn, gain a shield",user_2026-09-27/Screenshot 2026-09-26 at 6.32.18 PM.png,8,2
143,Brachiosaurus,6,Prehistoric,dinosaur,inferred_from_art_and_name,,inferred_not_verified,false,,available,screenshot_brightness_inference,medium,2026-09-26,true,training_dummy_available,71000,not_reviewed,,1,Base,1,1,289,145,Generic dataset formula before abilities/supports; card-specific stat exceptions are not fully validated; dataset_formula; confirmed 2560/1280 for borderless cards 33 and 38,attack a random living card in the enemy deck,user_2026-09-27/Screenshot 2026-09-26 at 6.32.18 PM.png,8,3
144,Tricerotops,6,Prehistoric,dinosaur,inferred_from_art_and_name,,inferred_not_verified,false,,available,screenshot_brightness_inference,medium,2026-09-26,true,training_dummy_available,100000,not_reviewed,,1,Base,1,1,320,160,Generic dataset formula before abilities/supports; card-specific stat exceptions are not fully validated; dataset_formula; confirmed 2560/1280 for borderless cards 33 and 38,attack on entry; excess damage from kill carries over to the next card,user_2026-09-27/Screenshot 2026-09-26 at 6.32.18 PM.png,8,4
145,Pterodactylus,6,Prehistoric,reptile | winged,inferred_from_art_and_name,,inferred_not_verified,false,,available,screenshot_brightness_inference,medium,2026-09-26,true,training_dummy_available,100000,not_reviewed,,1,Base,1,1,320,160,Generic dataset formula before abilities/supports; card-specific stat exceptions are not fully validated; dataset_formula; confirmed 2560/1280 for borderless cards 33 and 38,"attack every other turn, dodges attack on turns it does not; 1.5 x damage",user_2026-09-27/Screenshot 2026-09-26 at 6.32.18 PM.png,8,5
146,Dilophosaurus,6,Prehistoric,dinosaur,inferred_from_art_and_name,,inferred_not_verified,false,,available,screenshot_brightness_inference,medium,2026-09-26,true,training_dummy_available,500000,not_reviewed,,10,Virus,6,1,3117,1559,Generic dataset formula before abilities/supports; card-specific stat exceptions are not fully validated; dataset_formula; confirmed 2560/1280 for borderless cards 33 and 38,"on entry, attack and apply poison; dodge the first lethal attack and swap with the next ally",user_2026-09-27/Screenshot 2026-09-26 at 6.32.18 PM.png,8,6
147,Mammoth,6,Prehistoric,animal | mammal,inferred_from_art_and_name,,inferred_not_verified,false,,available,screenshot_brightness_inference,medium,2026-09-26,true,training_dummy_available,1000000,not_reviewed,,3,Snow,1.5,1,960,480,Generic dataset formula before abilities/supports; card-specific stat exceptions are not fully validated; dataset_formula; confirmed 2560/1280 for borderless cards 33 and 38,on entry freeze the enemy; attacks twice,user_2026-09-27/Screenshot 2026-09-26 at 6.32.18 PM.png,8,7
148,Umbrasaur,6,Prehistoric,dinosaur | shadow,inferred_from_art_and_name,,inferred_not_verified,false,,available,screenshot_brightness_inference,medium,2026-09-26,true,training_dummy_available,5000000,not_reviewed,,9,Eclipse,5,1,5195,2598,Generic dataset formula before abilities/supports; card-specific stat exceptions are not fully validated; dataset_formula; confirmed 2560/1280 for borderless cards 33 and 38,"40 % chance to dodge attacks; if it does, next attack deals 2 x damage",user_2026-09-27/Screenshot 2026-09-26 at 6.32.18 PM.png,8,8
149,Sabertooth Tiger,6,Prehistoric,animal | feline,inferred_from_art_and_name,,inferred_not_verified,false,,available,screenshot_brightness_inference,medium,2026-09-26,true,training_dummy_available,5000000,not_reviewed,,1,Base,1,1,1039,520,Generic dataset formula before abilities/supports; card-specific stat exceptions are not fully validated; dataset_formula; confirmed 2560/1280 for borderless cards 33 and 38,ignores defense abilities,user_2026-09-27/Screenshot 2026-09-26 at 6.32.18 PM.png,8,9
150,Unicorn,6,Prehistoric,animal | equine | mythical,inferred_from_art_and_name,,inferred_not_verified,false,,available,screenshot_brightness_inference,medium,2026-09-26,true,training_dummy_available,5000000,not_reviewed,,7,Meteor Shower,3.246,1,3373,1687,Generic dataset formula before abilities/supports; card-specific stat exceptions are not fully validated; dataset_formula; confirmed 2560/1280 for borderless cards 33 and 38,40 % chance each turn to heal to full,user_2026-09-27/Screenshot 2026-09-26 at 6.32.18 PM.png,8,10
151,Meteosaurus,6,Prehistoric,dinosaur | fire,inferred_from_art_and_name,,inferred_not_verified,false,,available,screenshot_brightness_inference,medium,2026-09-26,true,training_dummy_available,9000000,not_reviewed,,6,Rapture,3,1,3721,1861,Generic dataset formula before abilities/supports; card-specific stat exceptions are not fully validated; dataset_formula; confirmed 2560/1280 for borderless cards 33 and 38,"attacks with 10 x damage and dies; on death, + 2 fossils",user_2026-09-27/Screenshot 2026-09-26 at 6.32.18 PM.png,8,11
152,Marrowclaw,6,Prehistoric,dinosaur | undead,inferred_from_art_and_name,undead,inferred_not_verified,false,,available,screenshot_brightness_inference,medium,2026-09-26,true,training_dummy_available,10000000,not_reviewed,,7,Meteor Shower,3.246,1,4155,2078,Generic dataset formula before abilities/supports; card-specific stat exceptions are not fully validated; dataset_formula; confirmed 2560/1280 for borderless cards 33 and 38,"on entry, 50 % chance to negate the enemy's blue aura card; cannot be killed by abilities",user_2026-09-27/Screenshot 2026-09-26 at 6.32.18 PM.png,8,12
153,Ankylosaurus,6,Prehistoric,dinosaur,inferred_from_art_and_name,,inferred_not_verified,false,,available,screenshot_brightness_inference,medium,2026-09-26,true,training_dummy_available,20000000,not_reviewed,,1,Base,1,1,1577,789,Generic dataset formula before abilities/supports; card-specific stat exceptions are not fully validated; dataset_formula; confirmed 2560/1280 for borderless cards 33 and 38,takes 25 % less damage; when attacked the enemy bleeds; counterattacks,user_2026-09-27/Screenshot 2026-09-26 at 6.32.18 PM.png,8,13
154,Velociraptor,6,Prehistoric,dinosaur,inferred_from_art_and_name,,inferred_not_verified,false,,available,screenshot_brightness_inference,medium,2026-09-26,true,training_dummy_available,80000000,not_reviewed,,1,Base,1,1,2394,1197,Generic dataset formula before abilities/supports; card-specific stat exceptions are not fully validated; dataset_formula; confirmed 2560/1280 for borderless cards 33 and 38,on damage inflict death in: 5 - fossil count (max 2) turns,user_2026-09-27/Screenshot 2026-09-26 at 6.32.18 PM.png,8,14
155,Cyberdon,6,Prehistoric,dinosaur | construct,inferred_from_art_and_name,,inferred_not_verified,false,,available,screenshot_brightness_inference,medium,2026-09-26,true,training_dummy_available,150000000,not_reviewed,,8,Time Storm,4,1,11570,5785,Generic dataset formula before abilities/supports; card-specific stat exceptions are not fully validated; dataset_formula; confirmed 2560/1280 for borderless cards 33 and 38,charges for one turn before attack; deals 75 % damage; damages fossil count + 1 enemies in the deck (max of 3),user_2026-09-27/Screenshot 2026-09-26 at 6.32.18 PM.png,8,15
156,Behemoth,6,Prehistoric,dinosaur,inferred_from_art_and_name,,inferred_not_verified,false,,unavailable,screenshot_brightness_inference,medium,2026-09-26,true,training_dummy_available,500000000,not_reviewed,,11,Blood Rain,8,1,33247,16624,Generic dataset formula before abilities/supports; card-specific stat exceptions are not fully validated; dataset_formula; confirmed 2560/1280 for borderless cards 33 and 38,deal 2 x damage if the enemy has 50 % or less hp; + 100 % atk on kill,user_2026-09-27/Screenshot 2026-09-26 at 6.32.18 PM.png,8,16
157,Tyrannosaurus Rex,6,Prehistoric,dinosaur,inferred_from_art_and_name,,inferred_not_verified,false,,available,screenshot_brightness_inference,medium,2026-09-26,true,training_dummy_available,800000000,not_reviewed,,1,Base,1,1,4788,2394,Generic dataset formula before abilities/supports; card-specific stat exceptions are not fully validated; dataset_formula; confirmed 2560/1280 for borderless cards 33 and 38,"takes 1 / 2 damage; deals 50 % more damage; if fossil count > 2, counterattacks",user_2026-09-27/Screenshot 2026-09-26 at 6.32.18 PM.png,8,17
158,Megalodon,6,Prehistoric,aquatic | shark,inferred_from_art_and_name,,inferred_not_verified,false,,unavailable,screenshot_brightness_inference,medium,2026-09-26,true,training_dummy_available,5000000000,not_reviewed,,1,Base,1,1,8312,4156,Generic dataset formula before abilities/supports; card-specific stat exceptions are not fully validated; dataset_formula; confirmed 2560/1280 for borderless cards 33 and 38,add the enemy's attack to self damage,user_2026-09-27/Screenshot 2026-09-26 at 6.32.18 PM.png,8,18
159,Tyrannodon,6,Prehistoric,dinosaur,inferred_from_art_and_name,,inferred_not_verified,false,,available,screenshot_brightness_inference,medium,2026-09-26,true,training_dummy_available,15000000000,not_reviewed,,1,Base,1,1,11570,5785,Generic dataset formula before abilities/supports; card-specific stat exceptions are not fully validated; dataset_formula; confirmed 2560/1280 for borderless cards 33 and 38,"on entry, for every fossil, 1.5 x damage",user_2026-09-27/Screenshot 2026-09-26 at 6.32.18 PM.png,8,19
160,Hunter,7,Era 2,humanoid | armored,inferred_from_art_and_name,,inferred_not_verified,false,,available,screenshot_brightness_inference,medium,2026-09-26,true,training_dummy_available,2000,not_reviewed,,1,Base,1,1,99,50,Generic dataset formula before abilities/supports; card-specific stat exceptions are not fully validated; dataset_formula; confirmed 2560/1280 for borderless cards 33 and 38,self gains + 30 % damage each turn,user_2026-09-27/Screenshot 2026-09-26 at 6.32.23 PM.png,9,1
161,Resolute Blade,7,Era 2,humanlike | warrior,inferred_from_art_and_name,,inferred_not_verified,false,,available,screenshot_brightness_inference,medium,2026-09-26,true,training_dummy_available,4000,not_reviewed,,1,Base,1,1,122,61,Generic dataset formula before abilities/supports; card-specific stat exceptions are not fully validated; dataset_formula; confirmed 2560/1280 for borderless cards 33 and 38,attacks convert 15 % max hp into damage,user_2026-09-27/Screenshot 2026-09-26 at 6.32.23 PM.png,9,2
162,Bacon Hair,7,Era 2,humanoid | goblin,inferred_from_art_and_name,,inferred_not_verified,false,,available,screenshot_brightness_inference,medium,2026-09-26,true,training_dummy_available,6000,not_reviewed,,1,Base,1,1,138,69,Generic dataset formula before abilities/supports; card-specific stat exceptions are not fully validated; dataset_formula; confirmed 2560/1280 for borderless cards 33 and 38,deal 1 x damage and take 1 x damage,user_2026-09-27/Screenshot 2026-09-26 at 6.32.23 PM.png,9,3
163,Soft Paw,7,Era 2,animal | feline,inferred_from_art_and_name,,inferred_not_verified,false,,available,screenshot_brightness_inference,medium,2026-09-26,true,training_dummy_available,8000,not_reviewed,,1,Base,1,1,150,75,Generic dataset formula before abilities/supports; card-specific stat exceptions are not fully validated; dataset_formula; confirmed 2560/1280 for borderless cards 33 and 38,reduce enemy's hp by 15 % on entry,user_2026-09-27/Screenshot 2026-09-26 at 6.32.23 PM.png,9,4
164,True Prophet,7,Era 2,humanoid | hooded,inferred_from_art_and_name,,inferred_not_verified,false,,available,screenshot_brightness_inference,medium,2026-09-26,true,training_dummy_available,12000,not_reviewed,,1,Base,1,1,170,85,Generic dataset formula before abilities/supports; card-specific stat exceptions are not fully validated; dataset_formula; confirmed 2560/1280 for borderless cards 33 and 38,the next card will dodge a lethal attack,user_2026-09-27/Screenshot 2026-09-26 at 6.32.23 PM.png,9,5
165,Cherub,7,Era 2,divine | winged,inferred_from_art_and_name,,inferred_not_verified,false,,available,screenshot_brightness_inference,medium,2026-09-26,true,training_dummy_available,20000,not_reviewed,,1,Base,1,1,198,99,Generic dataset formula before abilities/supports; card-specific stat exceptions are not fully validated; dataset_formula; confirmed 2560/1280 for borderless cards 33 and 38,take 1.5 x damage; deal 1.5 x damage,user_2026-09-27/Screenshot 2026-09-26 at 6.32.23 PM.png,9,6
166,Engineer,7,Era 2,humanlike,inferred_from_art_and_name,,inferred_not_verified,false,,available,screenshot_brightness_inference,medium,2026-09-26,true,training_dummy_available,35000,not_reviewed,,1,Base,1,1,234,117,Generic dataset formula before abilities/supports; card-specific stat exceptions are not fully validated; dataset_formula; confirmed 2560/1280 for borderless cards 33 and 38,"5 x attacks, each dealing 1 / 4 damage",user_2026-09-27/Screenshot 2026-09-26 at 6.32.23 PM.png,9,7
167,Volcano Spirit,7,Era 2,spirit | fire,inferred_from_art_and_name,,inferred_not_verified,false,,available,screenshot_brightness_inference,medium,2026-09-26,true,training_dummy_available,75000,not_reviewed,,1,Base,1,1,294,147,Generic dataset formula before abilities/supports; card-specific stat exceptions are not fully validated; dataset_formula; confirmed 2560/1280 for borderless cards 33 and 38,burn enemy for 5 turns when attacked,user_2026-09-27/Screenshot 2026-09-26 at 6.32.23 PM.png,9,8
168,Julius Leader,7,Era 2,humanlike | warrior,inferred_from_art_and_name,,inferred_not_verified,false,,available,screenshot_brightness_inference,medium,2026-09-26,true,training_dummy_available,100000,not_reviewed,,1,Base,1,1,320,160,Generic dataset formula before abilities/supports; card-specific stat exceptions are not fully validated; dataset_formula; confirmed 2560/1280 for borderless cards 33 and 38,boost all cards' damage 20 %,user_2026-09-27/Screenshot 2026-09-26 at 6.32.23 PM.png,9,9
169,Noveau Riche,7,Era 2,humanlike,inferred_from_art_and_name,,inferred_not_verified,false,,available,screenshot_brightness_inference,medium,2026-09-26,true,training_dummy_available,200000,not_reviewed,,1,Base,1,1,395,198,Generic dataset formula before abilities/supports; card-specific stat exceptions are not fully validated; dataset_formula; confirmed 2560/1280 for borderless cards 33 and 38,self must be defeated 3 times before it can die,user_2026-09-27/Screenshot 2026-09-26 at 6.32.23 PM.png,9,10
170,Robin Hood,7,Era 2,humanlike | hooded,inferred_from_art_and_name,,inferred_not_verified,false,,available,screenshot_brightness_inference,medium,2026-09-26,true,training_dummy_available,500000,not_reviewed,,1,Base,1,1,520,260,Generic dataset formula before abilities/supports; card-specific stat exceptions are not fully validated; dataset_formula; confirmed 2560/1280 for borderless cards 33 and 38,deals damage equal to 50 % of target's current hp; loses 25 % hp after attack,user_2026-09-27/Screenshot 2026-09-26 at 6.32.23 PM.png,9,11
171,Infected Maw,7,Era 2,animal | reptile,inferred_from_art_and_name,,inferred_not_verified,false,,available,screenshot_brightness_inference,medium,2026-09-26,true,training_dummy_available,666000,not_reviewed,,1,Base,1,1,567,284,Generic dataset formula before abilities/supports; card-specific stat exceptions are not fully validated; dataset_formula; confirmed 2560/1280 for borderless cards 33 and 38,the enemy loses 25 % of its hp each turn,user_2026-09-27/Screenshot 2026-09-26 at 6.32.23 PM.png,9,12
172,Seraphim,7,Era 2,humanoid | divine | winged,inferred_from_art_and_name,,inferred_not_verified,false,,available,screenshot_brightness_inference,medium,2026-09-26,true,training_dummy_available,1000000,not_reviewed,,1,Base,1,1,640,320,Generic dataset formula before abilities/supports; card-specific stat exceptions are not fully validated; dataset_formula; confirmed 2560/1280 for borderless cards 33 and 38,"on entry, attack all enemies with 25 % of damage",user_2026-09-27/Screenshot 2026-09-26 at 6.32.23 PM.png,9,13
173,Terra's Aria,7,Era 2,construct,inferred_from_art_and_name,,inferred_not_verified,false,,available,screenshot_brightness_inference,medium,2026-09-26,true,training_dummy_available,1000000,not_reviewed,,6,Rapture,3,1,1920,960,Generic dataset formula before abilities/supports; card-specific stat exceptions are not fully validated; dataset_formula; confirmed 2560/1280 for borderless cards 33 and 38,"gain 30 % stats for each fallen ally; below 25 % hp, damage taken is halved",user_2026-09-27/Screenshot 2026-09-26 at 6.32.23 PM.png,9,14
174,Count Muscula,7,Era 2,humanlike | undead,inferred_from_art_and_name,undead,inferred_not_verified,false,,available,screenshot_brightness_inference,medium,2026-09-26,true,training_dummy_available,2000000,not_reviewed,,1,Base,1,1,789,395,Generic dataset formula before abilities/supports; card-specific stat exceptions are not fully validated; dataset_formula; confirmed 2560/1280 for borderless cards 33 and 38,heal 50 % of the damage dealt,user_2026-09-27/Screenshot 2026-09-26 at 6.32.23 PM.png,9,15
175,Poison Witch,7,Era 2,humanlike | mage,inferred_from_art_and_name,,inferred_not_verified,false,,available,screenshot_brightness_inference,medium,2026-09-26,true,training_dummy_available,2500000,not_reviewed,,1,Base,1,1,844,422,Generic dataset formula before abilities/supports; card-specific stat exceptions are not fully validated; dataset_formula; confirmed 2560/1280 for borderless cards 33 and 38,clear enemy stat changes on entry; enemy turn end; heal by and subtract 20 % target's atk,user_2026-09-27/Screenshot 2026-09-26 at 6.32.23 PM.png,9,16
176,Skeleton King,7,Era 2,undead | skeletal,inferred_from_art_and_name,undead,inferred_not_verified,false,,available,screenshot_brightness_inference,medium,2026-09-26,true,training_dummy_available,3333000,not_reviewed,,1,Base,1,1,920,460,Generic dataset formula before abilities/supports; card-specific stat exceptions are not fully validated; dataset_formula; confirmed 2560/1280 for borderless cards 33 and 38,heal 25 % hp after attacked,user_2026-09-27/Screenshot 2026-09-26 at 6.32.23 PM.png,9,17
177,Juggernoid,7,Era 2,animal | armored,inferred_from_art_and_name,,inferred_not_verified,false,,available,screenshot_brightness_inference,medium,2026-09-26,true,training_dummy_available,10000000,not_reviewed,,1,Base,1,1,1280,640,Generic dataset formula before abilities/supports; card-specific stat exceptions are not fully validated; dataset_formula; confirmed 2560/1280 for borderless cards 33 and 38,reflects 25 % of ability damage taken (up to 800 % of self's damage),user_2026-09-27/Screenshot 2026-09-26 at 6.32.23 PM.png,9,18
178,Zombie Dragon,7,Era 2,dragon | undead,inferred_from_art_and_name,dragon | undead,inferred_not_verified,false,,available,screenshot_brightness_inference,medium,2026-09-26,true,training_dummy_available,11000000,not_reviewed,,1,Base,1,1,1318,659,Generic dataset formula before abilities/supports; card-specific stat exceptions are not fully validated; dataset_formula; confirmed 2560/1280 for borderless cards 33 and 38,"survive for two turns once hp reaches zero; after attack, poison the target for 15 % of their max hp",user_2026-09-27/Screenshot 2026-09-26 at 6.32.23 PM.png,9,19
179,Assassin King,7,Era 2,humanlike | warrior,inferred_from_art_and_name,,inferred_not_verified,false,,available,screenshot_brightness_inference,medium,2026-09-26,true,training_dummy_available,15000000,not_reviewed,,1,Base,1,1,1447,724,Generic dataset formula before abilities/supports; card-specific stat exceptions are not fully validated; dataset_formula; confirmed 2560/1280 for borderless cards 33 and 38,attacks against enemies below 25 % hp will kill,user_2026-09-27/Screenshot 2026-09-26 at 6.32.23 PM.png,9,20
180,Slum Dweller,7,Era 2,humanlike,inferred_from_art_and_name,,inferred_not_verified,false,,available,screenshot_brightness_inference,medium,2026-09-26,true,training_dummy_available,500000000,not_reviewed,,1,Base,1,1,4156,2078,Generic dataset formula before abilities/supports; card-specific stat exceptions are not fully validated; dataset_formula; confirmed 2560/1280 for borderless cards 33 and 38,attacks on entry; attacks reduce the target's damage by 30 %,user_2026-09-27/Screenshot 2026-09-26 at 6.32.23 PM.png,9,21
181,Malakim,7,Era 2,divine | winged,inferred_from_art_and_name,,inferred_not_verified,false,,available,screenshot_brightness_inference,medium,2026-09-26,true,training_dummy_available,666666000,not_reviewed,,1,Base,1,1,4532,2266,Generic dataset formula before abilities/supports; card-specific stat exceptions are not fully validated; dataset_formula; confirmed 2560/1280 for borderless cards 33 and 38,+ 3 turns; fades below 50 % hp,user_2026-09-27/Screenshot 2026-09-26 at 6.32.23 PM.png,9,22
182,Hard Claws,7,Era 2,animal | feline,inferred_from_art_and_name,,inferred_not_verified,false,,available,screenshot_brightness_inference,medium,2026-09-26,true,training_dummy_available,1000000000,not_reviewed,,1,Base,1,1,5120,2560,Generic dataset formula before abilities/supports; card-specific stat exceptions are not fully validated; dataset_formula; confirmed 2560/1280 for borderless cards 33 and 38,reduce enemy's damage by 40 % on entry,user_2026-09-27/Screenshot 2026-09-26 at 6.32.23 PM.png,9,23
183,Steven,8,Video Game,humanlike | construct,inferred_from_art_and_name,,inferred_not_verified,false,,unavailable,screenshot_brightness_inference,medium,2026-09-26,true,training_dummy_available,80000,not_reviewed,,1,Base,1,1,300,150,Generic dataset formula before abilities/supports; card-specific stat exceptions are not fully validated; dataset_formula; confirmed 2560/1280 for borderless cards 33 and 38,"after attack, place block in front of self; each block absorbs 40 % self max hp damage; max 3 blocks",user_2026-09-27/Screenshot 2026-09-26 at 6.32.30 PM.png,10,1
184,Hollow,8,Video Game,humanoid | insectoid,inferred_from_art_and_name,,inferred_not_verified,false,,unavailable,screenshot_brightness_inference,medium,2026-09-26,true,training_dummy_available,500000,not_reviewed,,4,Shroud,2,1,1039,520,Generic dataset formula before abilities/supports; card-specific stat exceptions are not fully validated; dataset_formula; confirmed 2560/1280 for borderless cards 33 and 38,"each turn gain 1 void stack; at 3 void, consume them to make the next attack deal 100 % increased damage and heal 25 % max hp",user_2026-09-27/Screenshot 2026-09-26 at 6.32.30 PM.png,10,2
185,Hell killer,8,Video Game,humanlike | armored,inferred_from_art_and_name,,inferred_not_verified,false,,unavailable,screenshot_brightness_inference,medium,2026-09-26,true,training_dummy_available,1500000,not_reviewed,,11,Blood Rain,8,1,5785,2893,Generic dataset formula before abilities/supports; card-specific stat exceptions are not fully validated; dataset_formula; confirmed 2560/1280 for borderless cards 33 and 38,"defeating an enemy fully restores hp and permanently increases damage by 50 %, stacking with each kill",user_2026-09-27/Screenshot 2026-09-26 at 6.32.30 PM.png,10,3
186,The Sack,8,Video Game,humanoid,inferred_from_art_and_name,,inferred_not_verified,false,,unavailable,screenshot_brightness_inference,medium,2026-09-26,true,training_dummy_available,2500000,not_reviewed,,1,Base,1,1,844,422,Generic dataset formula before abilities/supports; card-specific stat exceptions are not fully validated; dataset_formula; confirmed 2560/1280 for borderless cards 33 and 38,"on entry, roll the d6 to randomly gain 1 - 50 % damage, 1 - 50 % max hp, and 1 - 30 % damage reduction for battle",user_2026-09-27/Screenshot 2026-09-26 at 6.32.30 PM.png,10,4
187,Creed,8,Video Game,humanlike | warrior,inferred_from_art_and_name,,inferred_not_verified,false,,unavailable,screenshot_brightness_inference,medium,2026-09-26,true,training_dummy_available,4500000,not_reviewed,,1,Base,1,1,1007,504,Generic dataset formula before abilities/supports; card-specific stat exceptions are not fully validated; dataset_formula; confirmed 2560/1280 for borderless cards 33 and 38,the first attack against each enemy deals 100 % increased damage and ignores defense abilities,user_2026-09-27/Screenshot 2026-09-26 at 6.32.30 PM.png,10,5
188,god-Slayer,8,Video Game,humanlike | warrior,inferred_from_art_and_name,,inferred_not_verified,false,,unavailable,screenshot_brightness_inference,medium,2026-09-26,true,training_dummy_available,5000000,not_reviewed,,12,Armageddon,9,1,9351,4676,Generic dataset formula before abilities/supports; card-specific stat exceptions are not fully validated; dataset_formula; confirmed 2560/1280 for borderless cards 33 and 38,"for every 1 % of max hp lost, gain 1 % increased damage; additionally, gain 0.5 % lifesteal for every 1 % of max hp lost",user_2026-09-27/Screenshot 2026-09-26 at 6.32.30 PM.png,10,6
189,Melanin,8,Video Game,humanlike | warrior,inferred_from_art_and_name,,inferred_not_verified,false,,unavailable,screenshot_brightness_inference,medium,2026-09-26,true,training_dummy_available,6000000,not_reviewed,,12,Armageddon,9,1,9879,4940,Generic dataset formula before abilities/supports; card-specific stat exceptions are not fully validated; dataset_formula; confirmed 2560/1280 for borderless cards 33 and 38,"attacks restore hp equal to 25 % of damage dealt; every third attack performs waterfowl dance, striking 3 times for 50 % damage each",user_2026-09-27/Screenshot 2026-09-26 at 6.32.30 PM.png,10,7
190,Necro-orc,8,Video Game,humanoid,inferred_from_art_and_name,,inferred_not_verified,false,,unavailable,screenshot_brightness_inference,medium,2026-09-26,true,training_dummy_available,9000000,not_reviewed,,10,Virus,6,1,7441,3721,Generic dataset formula before abilities/supports; card-specific stat exceptions are not fully validated; dataset_formula; confirmed 2560/1280 for borderless cards 33 and 38,"before attack, sacrifice 15 % of current hp to gain 30 % increased damage; defeating an enemy restores 20 % of max hp",user_2026-09-27/Screenshot 2026-09-26 at 6.32.30 PM.png,10,8
191,NO. 2,8,Video Game,humanlike | construct,inferred_from_art_and_name,,inferred_not_verified,false,,unavailable,screenshot_brightness_inference,medium,2026-09-26,true,training_dummy_available,10000000,not_reviewed,,1,Base,1,1,1280,640,Generic dataset formula before abilities/supports; card-specific stat exceptions are not fully validated; dataset_formula; confirmed 2560/1280 for borderless cards 33 and 38,first time self would die: black box overloads; survive at 1 hp and deal 50 % self max hp damage to enemy,user_2026-09-27/Screenshot 2026-09-26 at 6.32.30 PM.png,10,9
192,Ice King,8,Video Game,humanoid | armored | ice,inferred_from_art_and_name,,inferred_not_verified,false,,unavailable,screenshot_brightness_inference,medium,2026-09-26,true,training_dummy_available,55000000,not_reviewed,,3,Snow,1.5,1,3208,1604,Generic dataset formula before abilities/supports; card-specific stat exceptions are not fully validated; dataset_formula; confirmed 2560/1280 for borderless cards 33 and 38,"while active, freeze each enemy on their first turn; deal 100 % increased damage to frozen enemies",user_2026-09-27/Screenshot 2026-09-26 at 6.32.30 PM.png,10,10
193,Heavenly father,8,Video Game,humanoid | divine,inferred_from_art_and_name,,inferred_not_verified,false,,unavailable,screenshot_brightness_inference,medium,2026-09-26,true,training_dummy_available,100000000,not_reviewed,,6,Rapture,3,1,7680,3840,Generic dataset formula before abilities/supports; card-specific stat exceptions are not fully validated; dataset_formula; confirmed 2560/1280 for borderless cards 33 and 38,deal 75 % increased damage while above the enemys hp; while below the enemys hp take 45 % reduced damage instead,user_2026-09-27/Screenshot 2026-09-26 at 6.32.30 PM.png,10,11
194,Durante,8,Video Game,humanlike | demon,inferred_from_art_and_name,demon,inferred_not_verified,false,,unavailable,screenshot_brightness_inference,medium,2026-09-26,true,training_dummy_available,777777777,not_reviewed,,2,Storm,1.5,1,7121,3561,Generic dataset formula before abilities/supports; card-specific stat exceptions are not fully validated; dataset_formula; confirmed 2560/1280 for borderless cards 33 and 38,"30 % chance to critically strike, dealing 50 % increased damage; critical strikes immediately trigger a follow-up attack dealing 50 % damage",user_2026-09-27/Screenshot 2026-09-26 at 6.32.30 PM.png,10,12
195,Fresno Nightcrawler,9,Cryptid,cryptid | humanoid,inferred_from_art_and_name,,inferred_not_verified,false,,unavailable,screenshot_brightness_inference,medium,2026-09-26,true,training_dummy_available,100000,not_reviewed,,4,Shroud,2,1,640,320,Generic dataset formula before abilities/supports; card-specific stat exceptions are not fully validated; dataset_formula; confirmed 2560/1280 for borderless cards 33 and 38,"on entry, summon two copies of self to the back of ally deck; each copy has 35 % of self's stats",user_2026-09-27/Screenshot 2026-09-26 at 6.32.30 PM.png,10,13
196,Loch Ness,9,Cryptid,cryptid | aquatic | reptile,inferred_from_art_and_name,,inferred_not_verified,false,,unavailable,screenshot_brightness_inference,medium,2026-09-26,true,training_dummy_available,2500000,not_reviewed,,4,Shroud,2,1,1687,844,Generic dataset formula before abilities/supports; card-specific stat exceptions are not fully validated; dataset_formula; confirmed 2560/1280 for borderless cards 33 and 38,"while not the active card, gain 10 % damage and max hp after each allied turn; max of 300 % base",user_2026-09-27/Screenshot 2026-09-26 at 6.32.30 PM.png,10,14
197,Loveland Frog,9,Cryptid,cryptid | amphibian,inferred_from_art_and_name,,inferred_not_verified,false,,unavailable,screenshot_brightness_inference,medium,2026-09-26,true,training_dummy_available,5000000,not_reviewed,,1,Base,1,1,1039,520,Generic dataset formula before abilities/supports; card-specific stat exceptions are not fully validated; dataset_formula; confirmed 2560/1280 for borderless cards 33 and 38,"on death, give 25 % stats to next ally and 1 turn shield",user_2026-09-27/Screenshot 2026-09-26 at 6.32.30 PM.png,10,15
198,Chupcabra,9,Cryptid,cryptid | animal,inferred_from_art_and_name,,inferred_not_verified,false,,unavailable,screenshot_brightness_inference,medium,2026-09-26,true,training_dummy_available,5000000,not_reviewed,,1,Base,1,1,1039,520,Generic dataset formula before abilities/supports; card-specific stat exceptions are not fully validated; dataset_formula; confirmed 2560/1280 for borderless cards 33 and 38,counterattacks and sets enemy on fire,user_2026-09-27/Screenshot 2026-09-26 at 6.32.30 PM.png,10,16
199,Jersey Devil,9,Cryptid,cryptid | winged,inferred_from_art_and_name,,inferred_not_verified,false,,unavailable,screenshot_brightness_inference,medium,2026-09-26,true,training_dummy_available,10000000,not_reviewed,,1,Base,1,1,1280,640,Generic dataset formula before abilities/supports; card-specific stat exceptions are not fully validated; dataset_formula; confirmed 2560/1280 for borderless cards 33 and 38,"on entry, shuffle the lineup",user_2026-09-27/Screenshot 2026-09-26 at 6.32.30 PM.png,10,17
200,Mothman,9,Cryptid,cryptid | insectoid | winged,inferred_from_art_and_name,,inferred_not_verified,false,,unavailable,screenshot_brightness_inference,medium,2026-09-26,true,training_dummy_available,10000000,not_reviewed,,1,Base,1,1,1280,640,Generic dataset formula before abilities/supports; card-specific stat exceptions are not fully validated; dataset_formula; confirmed 2560/1280 for borderless cards 33 and 38,dodge first lethal attack and heal 50 % max hp,user_2026-09-27/Screenshot 2026-09-26 at 6.32.30 PM.png,10,18
201,Bigfoot,9,Cryptid,cryptid | primate,inferred_from_art_and_name,,inferred_not_verified,false,,unavailable,screenshot_brightness_inference,medium,2026-09-26,true,training_dummy_available,15000000,not_reviewed,,1,Base,1,1,1447,724,Generic dataset formula before abilities/supports; card-specific stat exceptions are not fully validated; dataset_formula; confirmed 2560/1280 for borderless cards 33 and 38,gain 20 % dodge chance and every hit taken increases the chance by 10 % up to 50 %,user_2026-09-27/Screenshot 2026-09-26 at 6.32.40 PM.png,11,1
202,Wendigo,9,Cryptid,cryptid | antlered,inferred_from_art_and_name,,inferred_not_verified,false,,unavailable,screenshot_brightness_inference,medium,2026-09-26,true,training_dummy_available,25000000,not_reviewed,,3,Snow,1.5,1,2530,1265,Generic dataset formula before abilities/supports; card-specific stat exceptions are not fully validated; dataset_formula; confirmed 2560/1280 for borderless cards 33 and 38,"whenever an enemy is defeated by self, permanently gain 30 % stats of defeated card and immediately extra attack",user_2026-09-27/Screenshot 2026-09-26 at 6.32.40 PM.png,11,2
203,The Rake,9,Cryptid,cryptid | humanoid,inferred_from_art_and_name,,inferred_not_verified,false,,unavailable,screenshot_brightness_inference,medium,2026-09-26,true,training_dummy_available,2500000000,not_reviewed,,1,Base,1,1,6747,3374,Generic dataset formula before abilities/supports; card-specific stat exceptions are not fully validated; dataset_formula; confirmed 2560/1280 for borderless cards 33 and 38,field: attack alongside active card for 25 % damage,user_2026-09-27/Screenshot 2026-09-26 at 6.32.40 PM.png,11,3
204,Kraken,9,Cryptid,cryptid | aquatic,inferred_from_art_and_name,,inferred_not_verified,false,,unavailable,screenshot_brightness_inference,medium,2026-09-26,true,training_dummy_available,7000000000,not_reviewed,,1,Base,1,1,9198,4599,Generic dataset formula before abilities/supports; card-specific stat exceptions are not fully validated; dataset_formula; confirmed 2560/1280 for borderless cards 33 and 38,"on entry, attack all enemies 1 - 8 times, dealing 10 % damage per hit",user_2026-09-27/Screenshot 2026-09-26 at 6.32.40 PM.png,11,4
205,Chronus The Hoarder,10,Bosses,humanlike,inferred_from_art_and_name,,inferred_not_verified,false,,available,screenshot_brightness_inference,medium,2026-09-26,true,training_dummy_available,10000,not_reviewed,,1,Base,1,2,320,160,Generic dataset formula before abilities/supports; card-specific stat exceptions are not fully validated; dataset_formula; confirmed 2560/1280 for borderless cards 33 and 38,steal 10 % of enemy's atk and hp on their entry,user_2026-09-27/Screenshot 2026-09-26 at 6.32.40 PM.png,11,5
206,Malik The Sovereign,10,Bosses,humanlike,inferred_from_art_and_name,,inferred_not_verified,false,,available,screenshot_brightness_inference,medium,2026-09-26,true,training_dummy_available,100000,not_reviewed,,1,Base,1,2,640,320,Generic dataset formula before abilities/supports; card-specific stat exceptions are not fully validated; dataset_formula; confirmed 2560/1280 for borderless cards 33 and 38,"+ 50 % damage, - 30 % damage taken; fades below 1 / 2 hp; heal and gain damage by 20 % on kill",user_2026-09-27/Screenshot 2026-09-26 at 6.32.40 PM.png,11,6
207,Gideon The Insatiable,10,Bosses,humanoid | ogre,inferred_from_art_and_name,,inferred_not_verified,false,,available,screenshot_brightness_inference,medium,2026-09-26,true,training_dummy_available,1000000,not_reviewed,,1,Base,1,2,1280,640,Generic dataset formula before abilities/supports; card-specific stat exceptions are not fully validated; dataset_formula; confirmed 2560/1280 for borderless cards 33 and 38,heal and gain damage by 20 % on kill,user_2026-09-27/Screenshot 2026-09-26 at 6.32.40 PM.png,11,7
208,Lilith the Enchantress,10,Bosses,humanlike | demon,inferred_from_art_and_name,demon,inferred_not_verified,false,,available,screenshot_brightness_inference,medium,2026-09-26,true,training_dummy_available,5000000,not_reviewed,,1,Base,1,2,2078,1039,Generic dataset formula before abilities/supports; card-specific stat exceptions are not fully validated; dataset_formula; confirmed 2560/1280 for borderless cards 33 and 38,enemy's first 3 attacks drop its atk by 35 %,user_2026-09-27/Screenshot 2026-09-26 at 6.32.40 PM.png,11,8
209,Morpheus the Slumberer,10,Bosses,animal | spirit,inferred_from_art_and_name,,inferred_not_verified,false,,available,screenshot_brightness_inference,medium,2026-09-26,true,training_dummy_available,20000000,not_reviewed,,1,Base,1,2,3154,1577,Generic dataset formula before abilities/supports; card-specific stat exceptions are not fully validated; dataset_formula; confirmed 2560/1280 for borderless cards 33 and 38,"heal 200 % of atk as hp each turn, lose 10 % atk",user_2026-09-27/Screenshot 2026-09-26 at 6.32.40 PM.png,11,9
210,Raze The Destroyer,10,Bosses,dragon,inferred_from_art_and_name,dragon,inferred_not_verified,false,dragon:wiki_supported_unverified_current,available,screenshot_brightness_inference,medium,2026-09-26,true,training_dummy_available,50000000,not_reviewed,,1,Base,1,2,4156,2078,Generic dataset formula before abilities/supports; card-specific stat exceptions are not fully validated; dataset_formula; confirmed 2560/1280 for borderless cards 33 and 38,counterattack when damaged,user_2026-09-27/Screenshot 2026-09-26 at 6.32.40 PM.png,11,10
211,Sable The Envious,10,Bosses,humanlike,inferred_from_art_and_name,demon,inferred_not_verified,false,demon:wiki_supported_unverified_current,available,screenshot_brightness_inference,medium,2026-09-26,true,training_dummy_available,100000000,not_reviewed,,1,Base,1,2,5120,2560,Generic dataset formula before abilities/supports; card-specific stat exceptions are not fully validated; dataset_formula; confirmed 2560/1280 for borderless cards 33 and 38,enemy abilities apply to you instead,user_2026-09-27/Screenshot 2026-09-26 at 6.32.40 PM.png,11,11
212,Mother of Beasts,10,Bosses,humanoid | antlered,inferred_from_art_and_name,,inferred_not_verified,false,,unavailable,screenshot_brightness_inference,medium,2026-09-26,true,training_dummy_available,5000000000,not_reviewed,,1,Base,1,2,16624,8312,Generic dataset formula before abilities/supports; card-specific stat exceptions are not fully validated; dataset_formula; confirmed 2560/1280 for borderless cards 33 and 38,steal 15 % of enemy stats each turn; steal enemies ability on the first kill,user_2026-09-27/Screenshot 2026-09-26 at 6.32.40 PM.png,11,12
213,100 Men,11,Limited,humanlike | group,inferred_from_art_and_name,,inferred_not_verified,false,,unavailable,screenshot_brightness_inference,medium,2026-09-26,true,training_dummy_available,100000,not_reviewed,,1,Base,1,1,32000,160,Generic dataset formula before abilities/supports; card-specific stat exceptions are not fully validated; baseline HP boosted 100x before battle (user-confirmed),hp boosted by 100 x; when attacked counterattack at 10 % damage,user_2026-09-27/Screenshot 2026-09-26 at 6.33.01 PM.png,12,1
214,Naga,11,Limited,humanoid | serpent,inferred_from_art_and_name,,inferred_not_verified,false,,unavailable,screenshot_brightness_inference,medium,2026-09-26,true,training_dummy_available,1777776,not_reviewed,,1,Base,1,1,762,381,Generic dataset formula before abilities/supports; card-specific stat exceptions are not fully validated; dataset_formula; confirmed 2560/1280 for borderless cards 33 and 38,transform and heal when hp drops below 65 %,user_2026-09-27/Screenshot 2026-09-26 at 6.33.01 PM.png,12,2
215,Uncle Sam,11,Limited,humanlike,inferred_from_art_and_name,,inferred_not_verified,false,,unavailable,screenshot_brightness_inference,medium,2026-09-26,true,training_dummy_available,3000000,not_reviewed,,1,Base,1,1,891,446,Generic dataset formula before abilities/supports; card-specific stat exceptions are not fully validated; dataset_formula; confirmed 2560/1280 for borderless cards 33 and 38,"buff next card's damage by 400 %, but it dies after attack",user_2026-09-27/Screenshot 2026-09-26 at 6.33.01 PM.png,12,3
216,"Shay, Heart of the Cards",11,Limited,humanlike,inferred_from_art_and_name,,inferred_not_verified,false,,unavailable,screenshot_brightness_inference,medium,2026-09-26,true,training_dummy_available,7777777,not_reviewed,,1,Base,1,1,1187,594,Generic dataset formula before abilities/supports; card-specific stat exceptions are not fully validated; dataset_formula; confirmed 2560/1280 for borderless cards 33 and 38,deal 1 - 5 x damage at random,user_2026-09-27/Screenshot 2026-09-26 at 6.33.01 PM.png,12,4
217,Gorilla,11,Limited,animal | primate,inferred_from_art_and_name,,inferred_not_verified,false,,unavailable,screenshot_brightness_inference,medium,2026-09-26,true,training_dummy_available,10000000,not_reviewed,,1,Base,1,1,1280,640,Generic dataset formula before abilities/supports; card-specific stat exceptions are not fully validated; dataset_formula; confirmed 2560/1280 for borderless cards 33 and 38,"+ 200 % damage, - 50 % damage taken; fades below 25 % hp",user_2026-09-27/Screenshot 2026-09-26 at 6.33.01 PM.png,12,5
218,Valentine's Specter,11,Limited,humanlike | spirit,inferred_from_art_and_name,,inferred_not_verified,false,,unavailable,screenshot_brightness_inference,medium,2026-09-26,true,training_dummy_available,14141414,not_reviewed,,1,Base,1,1,1421,711,Generic dataset formula before abilities/supports; card-specific stat exceptions are not fully validated; dataset_formula; confirmed 2560/1280 for borderless cards 33 and 38,"chance to kill based on damage to hp ratio; 50 % chance to self destruct on death, inflicting max hp as damage",user_2026-09-27/Screenshot 2026-09-26 at 6.33.01 PM.png,12,6
219,Sisyphus,11,Limited,avian | shadow,inferred_from_art_and_name,avian,inferred_not_verified,false,,unavailable,screenshot_brightness_inference,medium,2026-09-26,true,training_dummy_available,15000000,not_reviewed,,1,Base,1,1,1447,724,Generic dataset formula before abilities/supports; card-specific stat exceptions are not fully validated; dataset_formula; confirmed 2560/1280 for borderless cards 33 and 38,2 x hp/atk on entry but lose 15 % each turn,user_2026-09-27/Screenshot 2026-09-26 at 6.33.01 PM.png,12,7
220,George Washington,11,Limited,humanlike,inferred_from_art_and_name,,inferred_not_verified,false,,unavailable,screenshot_brightness_inference,medium,2026-09-26,true,training_dummy_available,17760000,not_reviewed,,1,Base,1,1,1522,761,Generic dataset formula before abilities/supports; card-specific stat exceptions are not fully validated; dataset_formula; confirmed 2560/1280 for borderless cards 33 and 38,"40 % chance to dodge attacks, increase damage by 20 % on dodge",user_2026-09-27/Screenshot 2026-09-26 at 6.33.01 PM.png,12,8
221,Cave Goblin & Wind Spirit,11,Limited,humanoid | group,inferred_from_art_and_name,,inferred_not_verified,false,,unavailable,screenshot_brightness_inference,medium,2026-09-26,true,training_dummy_available,30000000,not_reviewed,,1,Base,1,1,1782,891,Generic dataset formula before abilities/supports; card-specific stat exceptions are not fully validated; dataset_formula; confirmed 2560/1280 for borderless cards 33 and 38,"attack 3 times at 0.5 x, 1 x, and 2 x damage",user_2026-09-27/Screenshot 2026-09-26 at 6.33.01 PM.png,12,9
222,Hera,11,Limited,humanlike | divine,inferred_from_art_and_name,,inferred_not_verified,false,,unavailable,screenshot_brightness_inference,medium,2026-09-26,true,training_dummy_available,38450000,not_reviewed,,1,Base,1,1,1920,960,Generic dataset formula before abilities/supports; card-specific stat exceptions are not fully validated; dataset_formula; confirmed 2560/1280 for borderless cards 33 and 38,add 1 / 2 stats to next card on death,user_2026-09-27/Screenshot 2026-09-26 at 6.33.01 PM.png,12,10
223,Dad,11,Limited,humanlike,inferred_from_art_and_name,,inferred_not_verified,false,,unavailable,screenshot_brightness_inference,medium,2026-09-26,true,training_dummy_available,50000000,not_reviewed,,1,Base,1,1,2078,1039,Generic dataset formula before abilities/supports; card-specific stat exceptions are not fully validated; dataset_formula; confirmed 2560/1280 for borderless cards 33 and 38,deals 100 % more damage to younger cards,user_2026-09-27/Screenshot 2026-09-26 at 6.33.01 PM.png,12,11
224,Kid Gohan,11,Limited,humanlike,inferred_from_art_and_name,,inferred_not_verified,false,,unavailable,screenshot_brightness_inference,medium,2026-09-26,true,training_dummy_available,75000000,not_reviewed,,1,Base,1,1,2348,1174,Generic dataset formula before abilities/supports; card-specific stat exceptions are not fully validated; dataset_formula; confirmed 2560/1280 for borderless cards 33 and 38,"when piccolo uses its ability to swap with self, piccolo gains 1.5 x stats",user_2026-09-27/Screenshot 2026-09-26 at 6.33.01 PM.png,12,12
225,Milk,11,Limited,object,inferred_from_art_and_name,,inferred_not_verified,false,,unavailable,screenshot_brightness_inference,medium,2026-09-26,true,training_dummy_available,100000000,not_reviewed,,1,Base,1,1,2560,1280,Generic dataset formula before abilities/supports; card-specific stat exceptions are not fully validated; dataset_formula; confirmed 2560/1280 for borderless cards 33 and 38,dies and transfer stats to dad cards,user_2026-09-27/Screenshot 2026-09-26 at 6.33.01 PM.png,12,13
226,Aphrodite,11,Limited,humanlike | divine,inferred_from_art_and_name,,inferred_not_verified,false,,unavailable,screenshot_brightness_inference,medium,2026-09-26,true,training_dummy_available,100000000,not_reviewed,,1,Base,1,1,2560,1280,Generic dataset formula before abilities/supports; card-specific stat exceptions are not fully validated; dataset_formula; confirmed 2560/1280 for borderless cards 33 and 38,self max hp gets added to next ally's on death,user_2026-09-27/Screenshot 2026-09-26 at 6.33.01 PM.png,12,14
227,Frank,11,Limited,animal | feline,inferred_from_art_and_name,,inferred_not_verified,false,,unavailable,screenshot_brightness_inference,medium,2026-09-26,true,training_dummy_available,120000000,not_reviewed,,1,Base,1,1,2705,1353,Generic dataset formula before abilities/supports; card-specific stat exceptions are not fully validated; dataset_formula; confirmed 2560/1280 for borderless cards 33 and 38,does not attack; all damage taken at 1.5 x is added to next card's attack,user_2026-09-27/Screenshot 2026-09-26 at 6.33.01 PM.png,12,15
228,Eclipseborn Luminant,11,Limited,humanoid | armored,inferred_from_art_and_name,,inferred_not_verified,false,,unavailable,screenshot_brightness_inference,medium,2026-09-26,true,training_dummy_available,299792458,not_reviewed,,1,Base,1,1,3563,1782,Generic dataset formula before abilities/supports; card-specific stat exceptions are not fully validated; dataset_formula; confirmed 2560/1280 for borderless cards 33 and 38,"grants allies 40 % evasion, decreasing by 10 % per successful dodge to 20 %; max 2 per card; gain 10 % of prevented damage; 200 % cap",user_2026-09-27/Screenshot 2026-09-26 at 6.33.01 PM.png,12,16
229,Turkey,11,Limited,avian,inferred_from_art_and_name,avian,inferred_not_verified,false,,unavailable,screenshot_brightness_inference,medium,2026-09-26,true,training_dummy_available,333000000,not_reviewed,,1,Base,1,1,3678,1839,Generic dataset formula before abilities/supports; card-specific stat exceptions are not fully validated; dataset_formula; confirmed 2560/1280 for borderless cards 33 and 38,steal 50 % of the enemy's stats and heal 30 % hp when defeating them,user_2026-09-27/Screenshot 2026-09-26 at 6.33.01 PM.png,12,17
230,The Broken One,11,Limited,construct | toy,inferred_from_art_and_name,toy,inferred_not_verified,false,,unavailable,screenshot_brightness_inference,medium,2026-09-26,true,training_dummy_available,400000000,not_reviewed,,1,Base,1,1,3886,1943,Generic dataset formula before abilities/supports; card-specific stat exceptions are not fully validated; dataset_formula; confirmed 2560/1280 for borderless cards 33 and 38,"on death, split into joy and sorrow; each inherits 50 % of max hp and 60 % of damage, entering battle one after another",user_2026-09-27/Screenshot 2026-09-26 at 6.33.01 PM.png,12,18
231,Supreme Ozzy,11,Limited,animal | feline,inferred_from_art_and_name,,inferred_not_verified,false,,unavailable,screenshot_brightness_inference,medium,2026-09-26,true,training_dummy_available,411000000,not_reviewed,,1,Base,1,1,3918,1959,Generic dataset formula before abilities/supports; card-specific stat exceptions are not fully validated; dataset_formula; confirmed 2560/1280 for borderless cards 33 and 38,does not attack; all damage taken at 1.25 x is added to ally party attack,user_2026-09-27/Screenshot 2026-09-26 at 6.33.01 PM.png,12,19
232,Cave Goblin God,11,Limited,humanoid | goblin,inferred_from_art_and_name,,inferred_not_verified,false,,unavailable,screenshot_brightness_inference,medium,2026-09-26,true,training_dummy_available,666000000,not_reviewed,,1,Base,1,1,4531,2266,Generic dataset formula before abilities/supports; card-specific stat exceptions are not fully validated; dataset_formula; confirmed 2560/1280 for borderless cards 33 and 38,deals 2 x damage; 50 % chance to skip enemy's turn,user_2026-09-27/Screenshot 2026-09-26 at 6.33.01 PM.png,12,20
233,Anubis & Hades,11,Limited,humanoid | group | divine,inferred_from_art_and_name,,inferred_not_verified,false,,unavailable,screenshot_brightness_inference,medium,2026-09-26,true,training_dummy_available,666666666,not_reviewed,,1,Base,1,1,4532,2266,Generic dataset formula before abilities/supports; card-specific stat exceptions are not fully validated; dataset_formula; confirmed 2560/1280 for borderless cards 33 and 38,revive an ally with 75 % of self stats for each fallen enemy,user_2026-09-27/Screenshot 2026-09-26 at 6.33.01 PM.png,12,21
234,Longmu,11,Limited,humanlike,inferred_from_art_and_name,,inferred_not_verified,false,,unavailable,screenshot_brightness_inference,medium,2026-09-26,true,training_dummy_available,715000000,not_reviewed,,1,Base,1,1,4629,2315,Generic dataset formula before abilities/supports; card-specific stat exceptions are not fully validated; dataset_formula; confirmed 2560/1280 for borderless cards 33 and 38,"if first in deck, ability is safeguarding; otherwise, mother of dragons",user_2026-09-27/Screenshot 2026-09-26 at 6.33.01 PM.png,12,22
235,Star Eater,11,Limited,aquatic,inferred_from_art_and_name,,inferred_not_verified,false,,unavailable,screenshot_brightness_inference,medium,2026-09-26,true,training_dummy_available,800000000,not_reviewed,,1,Base,1,1,4788,2394,Generic dataset formula before abilities/supports; card-specific stat exceptions are not fully validated; dataset_formula; confirmed 2560/1280 for borderless cards 33 and 38,"when an enemy sees self, steal 20 % of its stats",user_2026-09-27/Screenshot 2026-09-26 at 6.33.01 PM.png,12,23
236,Eonus,11,Limited,abstract,inferred_from_art_and_name,,inferred_not_verified,false,,unavailable,screenshot_brightness_inference,medium,2026-09-26,true,training_dummy_available,888888888,not_reviewed,,1,Base,1,1,4942,2471,Generic dataset formula before abilities/supports; card-specific stat exceptions are not fully validated; dataset_formula; confirmed 2560/1280 for borderless cards 33 and 38,"on entry, steals 5 % of all other cards' stats, including allies; stolen stats decay after 3 turns",user_2026-09-27/Screenshot 2026-09-26 at 6.33.01 PM.png,12,24
237,Pestilence,11,Limited,undead | hooded,inferred_from_art_and_name,undead,inferred_not_verified,false,,unavailable,screenshot_brightness_inference,medium,2026-09-26,true,training_dummy_available,1000000000,not_reviewed,,1,Base,1,1,5120,2560,Generic dataset formula before abilities/supports; card-specific stat exceptions are not fully validated; dataset_formula; confirmed 2560/1280 for borderless cards 33 and 38,inflict poison for 2 turns when dealing/receiving damage,user_2026-09-27/Screenshot 2026-09-26 at 6.33.14 PM.png,13,1
238,Ragon & Fafnir,11,Limited,dragon | group,inferred_from_art_and_name,dragon,inferred_not_verified,false,dragon:wiki_supported_unverified_current,unavailable,screenshot_brightness_inference,medium,2026-09-26,true,training_dummy_available,1000000000,not_reviewed,,1,Base,1,1,5120,2560,Generic dataset formula before abilities/supports; card-specific stat exceptions are not fully validated; dataset_formula; confirmed 2560/1280 for borderless cards 33 and 38,"deal 3 x damage, take 1 / 3 damage but lose 10 % stats per attack",user_2026-09-27/Screenshot 2026-09-26 at 6.33.14 PM.png,13,2
239,Cthulu,11,Limited,humanoid | aquatic,inferred_from_art_and_name,,inferred_not_verified,false,,unavailable,screenshot_brightness_inference,medium,2026-09-26,true,training_dummy_available,1100000000,not_reviewed,,1,Base,1,1,5270,2635,Generic dataset formula before abilities/supports; card-specific stat exceptions are not fully validated; dataset_formula; confirmed 2560/1280 for borderless cards 33 and 38,"enemies you see are inflicted with confusion eternally; when a confused enemy hits themselves, + 50 % stats",user_2026-09-27/Screenshot 2026-09-26 at 6.33.14 PM.png,13,3
240,Fate Seamstress,11,Limited,humanlike,inferred_from_art_and_name,,inferred_not_verified,false,,unavailable,screenshot_brightness_inference,medium,2026-09-26,true,training_dummy_available,2000000000,not_reviewed,,1,Base,1,1,6308,3154,Generic dataset formula before abilities/supports; card-specific stat exceptions are not fully validated; dataset_formula; confirmed 2560/1280 for borderless cards 33 and 38,"on entry, permanently link the first 2 enemies; damage dealt to one is shared with the other",user_2026-09-27/Screenshot 2026-09-26 at 6.33.14 PM.png,13,4
241,Famine,11,Limited,undead | hooded,inferred_from_art_and_name,undead,inferred_not_verified,false,,unavailable,screenshot_brightness_inference,medium,2026-09-26,true,training_dummy_available,2000000000,not_reviewed,,1,Base,1,1,6308,3154,Generic dataset formula before abilities/supports; card-specific stat exceptions are not fully validated; dataset_formula; confirmed 2560/1280 for borderless cards 33 and 38,enemy loses 25 % stats enemy turn start,user_2026-09-27/Screenshot 2026-09-26 at 6.33.14 PM.png,13,5
242,War,11,Limited,humanoid | armored,inferred_from_art_and_name,,inferred_not_verified,false,,unavailable,screenshot_brightness_inference,medium,2026-09-26,true,training_dummy_available,3000000000,not_reviewed,,1,Base,1,1,7127,3564,Generic dataset formula before abilities/supports; card-specific stat exceptions are not fully validated; dataset_formula; confirmed 2560/1280 for borderless cards 33 and 38,"gain 100 % atk, then gain the initial boost each turn",user_2026-09-27/Screenshot 2026-09-26 at 6.33.14 PM.png,13,6
243,Community,11,Limited,humanoid | group | divine,inferred_from_art_and_name,,inferred_not_verified,false,,unavailable,screenshot_brightness_inference,medium,2026-09-26,true,training_dummy_available,3000000000,not_reviewed,,1,Base,1,1,7127,3564,Generic dataset formula before abilities/supports; card-specific stat exceptions are not fully validated; dataset_formula; confirmed 2560/1280 for borderless cards 33 and 38,gain 25 % atk for every card in ally party,user_2026-09-27/Screenshot 2026-09-26 at 6.33.14 PM.png,13,7
244,Azure Witch,11,Limited,humanlike | mage,inferred_from_art_and_name,,inferred_not_verified,false,,unavailable,screenshot_brightness_inference,medium,2026-09-26,true,training_dummy_available,3100000000,not_reviewed,,1,Base,1,1,7198,3599,Generic dataset formula before abilities/supports; card-specific stat exceptions are not fully validated; dataset_formula; confirmed 2560/1280 for borderless cards 33 and 38,deal 5 x damage once,user_2026-09-27/Screenshot 2026-09-26 at 6.33.14 PM.png,13,8
245,Death,11,Limited,undead | hooded,inferred_from_art_and_name,undead,inferred_not_verified,false,,unavailable,screenshot_brightness_inference,medium,2026-09-26,true,training_dummy_available,4000000000,not_reviewed,,1,Base,1,1,7772,3886,Generic dataset formula before abilities/supports; card-specific stat exceptions are not fully validated; dataset_formula; confirmed 2560/1280 for borderless cards 33 and 38,inflicts death based on damage to hp ratio,user_2026-09-27/Screenshot 2026-09-26 at 6.33.14 PM.png,13,9
246,Memories,11,Limited,avian | group,inferred_from_art_and_name,avian,inferred_not_verified,false,,unavailable,screenshot_brightness_inference,medium,2026-09-26,true,training_dummy_available,6000000000,not_reviewed,,1,Base,1,1,8781,4391,Generic dataset formula before abilities/supports; card-specific stat exceptions are not fully validated; dataset_formula; confirmed 2560/1280 for borderless cards 33 and 38,gain 25 % stats for every fallen ally,user_2026-09-27/Screenshot 2026-09-26 at 6.33.14 PM.png,13,10
247,Legends,11,Limited,humanoid | armored,inferred_from_art_and_name,,inferred_not_verified,false,,unavailable,screenshot_brightness_inference,medium,2026-09-26,true,training_dummy_available,10000000000,not_reviewed,,1,Base,1,1,10240,5120,Generic dataset formula before abilities/supports; card-specific stat exceptions are not fully validated; dataset_formula; confirmed 2560/1280 for borderless cards 33 and 38,gain the ability of a fallen ally,user_2026-09-27/Screenshot 2026-09-26 at 6.33.14 PM.png,13,11
248,Sarimanok,11,Limited,avian,inferred_from_art_and_name,avian,inferred_not_verified,false,,unavailable,screenshot_brightness_inference,medium,2026-09-26,true,training_dummy_available,20000000000,not_reviewed,,1,Base,1,1,12616,6308,Generic dataset formula before abilities/supports; card-specific stat exceptions are not fully validated; dataset_formula; confirmed 2560/1280 for borderless cards 33 and 38,when self falls below 30 % hp: both it and the enemy are defeated,user_2026-09-27/Screenshot 2026-09-26 at 6.33.14 PM.png,13,12
249,Bakunawa,11,Limited,dragon | aquatic,inferred_from_art_and_name,dragon,inferred_not_verified,false,,unavailable,screenshot_brightness_inference,medium,2026-09-26,true,training_dummy_available,20000000000,not_reviewed,,1,Base,1,1,12616,6308,Generic dataset formula before abilities/supports; card-specific stat exceptions are not fully validated; dataset_formula; confirmed 2560/1280 for borderless cards 33 and 38,when the enemy falls below 30 % hp: it is instantly defeated,user_2026-09-27/Screenshot 2026-09-26 at 6.33.14 PM.png,13,13
250,Time Lord Stryx,11,Limited,humanlike | divine,inferred_from_art_and_name,,inferred_not_verified,false,,unavailable,screenshot_brightness_inference,medium,2026-09-26,true,training_dummy_available,100000000000,not_reviewed,,1,Base,1,1,20480,10240,Generic dataset formula before abilities/supports; card-specific stat exceptions are not fully validated; dataset_formula; confirmed 2560/1280 for borderless cards 33 and 38,"on death, revive ally party",user_2026-09-27/Screenshot 2026-09-26 at 6.33.14 PM.png,13,14
251,Frosty The Snowman,12,Christmas,construct | snowman,inferred_from_art_and_name,,inferred_not_verified,false,,unavailable,screenshot_brightness_inference,medium,2026-09-26,true,training_dummy_available,500,not_reviewed,,1,Base,1,1,65,33,Generic dataset formula before abilities/supports; card-specific stat exceptions are not fully validated; dataset_formula; confirmed 2560/1280 for borderless cards 33 and 38,"on death, inflict frostbite",user_2026-09-27/Screenshot 2026-09-26 at 6.33.14 PM.png,13,15
252,Old Man Winter,12,Christmas,animal | mammal | ice,inferred_from_art_and_name,,inferred_not_verified,false,,unavailable,screenshot_brightness_inference,medium,2026-09-26,true,training_dummy_available,10000,not_reviewed,,3,Snow,1.5,1,240,120,Generic dataset formula before abilities/supports; card-specific stat exceptions are not fully validated; dataset_formula; confirmed 2560/1280 for borderless cards 33 and 38,"on entry, randomly inflict 3-turn frostbite/slow/freeze",user_2026-09-27/Screenshot 2026-09-26 at 6.33.14 PM.png,13,16
253,Rudolph,12,Christmas,animal | deer,inferred_from_art_and_name,,inferred_not_verified,false,,unavailable,screenshot_brightness_inference,medium,2026-09-26,true,training_dummy_available,35000,not_reviewed,,1,Base,1,1,234,117,Generic dataset formula before abilities/supports; card-specific stat exceptions are not fully validated; dataset_formula; confirmed 2560/1280 for borderless cards 33 and 38,blind target on entry,user_2026-09-27/Screenshot 2026-09-26 at 6.33.14 PM.png,13,17
254,Gingerbread Man,12,Christmas,construct | toy,inferred_from_art_and_name,toy,inferred_not_verified,false,,unavailable,screenshot_brightness_inference,medium,2026-09-26,true,training_dummy_available,70000,not_reviewed,,1,Base,1,1,288,144,Generic dataset formula before abilities/supports; card-specific stat exceptions are not fully validated; dataset_formula; confirmed 2560/1280 for borderless cards 33 and 38,"dodge every other attack, and when you do, gain 1 more attack",user_2026-09-27/Screenshot 2026-09-26 at 6.33.14 PM.png,13,18
255,Dionysus,12,Christmas,humanlike | divine,inferred_from_art_and_name,,inferred_not_verified,false,,unavailable,screenshot_brightness_inference,medium,2026-09-26,true,training_dummy_available,1000000,not_reviewed,,6,Rapture,3,1,1920,960,Generic dataset formula before abilities/supports; card-specific stat exceptions are not fully validated; dataset_formula; confirmed 2560/1280 for borderless cards 33 and 38,attacker takes damage equal to 1 / 2 your attack,user_2026-09-27/Screenshot 2026-09-26 at 6.33.14 PM.png,13,19
256,The Grinch,12,Christmas,humanoid,inferred_from_art_and_name,,inferred_not_verified,false,,unavailable,screenshot_brightness_inference,medium,2026-09-26,true,training_dummy_available,1000000,not_reviewed,,9,Eclipse,5,1,3200,1600,Generic dataset formula before abilities/supports; card-specific stat exceptions are not fully validated; dataset_formula; confirmed 2560/1280 for borderless cards 33 and 38,steal 20 % of enemy stats upon being attacked,user_2026-09-27/Screenshot 2026-09-26 at 6.33.14 PM.png,13,20
257,Krampus,12,Christmas,demon | horned,inferred_from_art_and_name,demon,inferred_not_verified,false,,unavailable,screenshot_brightness_inference,medium,2026-09-26,true,training_dummy_available,2000000,not_reviewed,,11,Blood Rain,8,1,6308,3154,Generic dataset formula before abilities/supports; card-specific stat exceptions are not fully validated; dataset_formula; confirmed 2560/1280 for borderless cards 33 and 38,slow target on entry; attacks inflict bleed; attacks twice,user_2026-09-27/Screenshot 2026-09-26 at 6.33.22 PM.png,14,1
258,Wandering Snowman,12,Christmas,construct | snowman,inferred_from_art_and_name,,inferred_not_verified,false,,unavailable,screenshot_brightness_inference,medium,2026-09-26,true,training_dummy_available,5000000,not_reviewed,,3,Snow,1.5,1,1559,780,Generic dataset formula before abilities/supports; card-specific stat exceptions are not fully validated; dataset_formula; confirmed 2560/1280 for borderless cards 33 and 38,"every other turn, freeze self; self cannot take damage that turn",user_2026-09-27/Screenshot 2026-09-26 at 6.33.22 PM.png,14,2
259,Mrs. Claus,12,Christmas,humanlike,inferred_from_art_and_name,,inferred_not_verified,false,,unavailable,screenshot_brightness_inference,medium,2026-09-26,true,training_dummy_available,150000000,not_reviewed,,1,Base,1,1,2893,1447,Generic dataset formula before abilities/supports; card-specific stat exceptions are not fully validated; dataset_formula; confirmed 2560/1280 for borderless cards 33 and 38,"on death, 2 x stats of next card and freeze it for 2 turns",user_2026-09-27/Screenshot 2026-09-26 at 6.33.22 PM.png,14,3
260,Santa Claus,12,Christmas,humanlike,inferred_from_art_and_name,,inferred_not_verified,false,,unavailable,screenshot_brightness_inference,medium,2026-09-26,true,training_dummy_available,400000000,not_reviewed,,5,Aurora,1.75,1,6801,3401,Generic dataset formula before abilities/supports; card-specific stat exceptions are not fully validated; dataset_formula; confirmed 2560/1280 for borderless cards 33 and 38,deal 4 x damage with an 80 % chance; heal the enemy 50 % otherwise,user_2026-09-27/Screenshot 2026-09-26 at 6.33.22 PM.png,14,4
261,Toy Bear,12,Christmas,construct | toy | animal,inferred_from_art_and_name,toy,inferred_not_verified,false,,unavailable,screenshot_brightness_inference,medium,2026-09-26,true,training_dummy_available,400000000,not_reviewed,,3,Snow,1.5,0.6666666666666666,3886,1943,"Generic dataset formula before abilities/supports; card-specific stat exceptions are not fully validated; user-confirmed baseline; shared Card Modifier fitted to stats, underlying cause unverified","on entry, attack doubles",user_2026-09-27/Screenshot 2026-09-26 at 6.33.22 PM.png,14,5
262,Toy Car,12,Christmas,construct | toy | object,inferred_from_art_and_name,toy,inferred_not_verified,false,,unavailable,screenshot_brightness_inference,medium,2026-09-26,true,training_dummy_available,400000000,not_reviewed,,1,Base,1,1,3886,1943,Generic dataset formula before abilities/supports; card-specific stat exceptions are not fully validated; dataset_formula; confirmed 2560/1280 for borderless cards 33 and 38,"on entry, gain 3 attacks; dealing 1 / 3 damage",user_2026-09-27/Screenshot 2026-09-26 at 6.33.22 PM.png,14,6
263,The Jack-in-the-Box,12,Christmas,construct | toy,inferred_from_art_and_name,toy,inferred_not_verified,false,,unavailable,screenshot_brightness_inference,medium,2026-09-26,true,training_dummy_available,400000000,not_reviewed,,1,Base,1,1,3886,1943,Generic dataset formula before abilities/supports; card-specific stat exceptions are not fully validated; dataset_formula; confirmed 2560/1280 for borderless cards 33 and 38,inflict confusion for 2 turns on entry,user_2026-09-27/Screenshot 2026-09-26 at 6.33.22 PM.png,14,7
264,Toy Nutcracker,12,Christmas,construct | toy | humanoid,inferred_from_art_and_name,toy,inferred_not_verified,false,,unavailable,screenshot_brightness_inference,medium,2026-09-26,true,training_dummy_available,400000000,not_reviewed,,1,Base,1,1,3886,1943,Generic dataset formula before abilities/supports; card-specific stat exceptions are not fully validated; dataset_formula; confirmed 2560/1280 for borderless cards 33 and 38,damage cannot exceed 1 / 2 max hp,user_2026-09-27/Screenshot 2026-09-26 at 6.33.22 PM.png,14,8
265,Santa Claws,12,Christmas,humanoid,inferred_from_art_and_name,,inferred_not_verified,false,,unavailable,screenshot_brightness_inference,medium,2026-09-26,true,training_dummy_available,500000000,not_reviewed,,3,Snow,1.5,1,6234,3117,Generic dataset formula before abilities/supports; card-specific stat exceptions are not fully validated; dataset_formula; confirmed 2560/1280 for borderless cards 33 and 38,"on entry, every living ally gains 50 % stats, but loses 10 % stats each turn they're in play",user_2026-09-27/Screenshot 2026-09-26 at 6.33.22 PM.png,14,9
266,Zombie,13,Halloween,undead | humanoid,inferred_from_art_and_name,undead,inferred_not_verified,false,,unavailable,screenshot_brightness_inference,medium,2026-09-26,true,training_dummy_available,500,not_reviewed,,1,Base,1,1,65,33,Generic dataset formula before abilities/supports; card-specific stat exceptions are not fully validated; dataset_formula; confirmed 2560/1280 for borderless cards 33 and 38,heal and boost atk by 25 % of damage dealt,user_2026-09-27/Screenshot 2026-09-26 at 6.33.22 PM.png,14,10
267,Banshee,13,Halloween,spirit | undead,inferred_from_art_and_name,undead,inferred_not_verified,false,,unavailable,screenshot_brightness_inference,medium,2026-09-26,true,training_dummy_available,7500,not_reviewed,,1,Base,1,1,147,74,Generic dataset formula before abilities/supports; card-specific stat exceptions are not fully validated; dataset_formula; confirmed 2560/1280 for borderless cards 33 and 38,stun attacker when hp drops below half,user_2026-09-27/Screenshot 2026-09-26 at 6.33.22 PM.png,14,11
268,Witch,13,Halloween,humanlike | mage,inferred_from_art_and_name,,inferred_not_verified,false,,unavailable,screenshot_brightness_inference,medium,2026-09-26,true,training_dummy_available,35000,not_reviewed,,1,Base,1,1,234,117,Generic dataset formula before abilities/supports; card-specific stat exceptions are not fully validated; dataset_formula; confirmed 2560/1280 for borderless cards 33 and 38,chance to steal 50 % atk on entry,user_2026-09-27/Screenshot 2026-09-26 at 6.33.22 PM.png,14,12
269,Scarecrow,13,Halloween,construct | plant,inferred_from_art_and_name,,inferred_not_verified,false,,unavailable,screenshot_brightness_inference,medium,2026-09-26,true,training_dummy_available,100000,not_reviewed,,1,Base,1,1,320,160,Generic dataset formula before abilities/supports; card-specific stat exceptions are not fully validated; dataset_formula; confirmed 2560/1280 for borderless cards 33 and 38,inflict confusion to bird cards for 3 turns when you encounter one,user_2026-09-27/Screenshot 2026-09-26 at 6.33.22 PM.png,14,13
270,Bloody Mary,13,Halloween,humanlike | spirit,inferred_from_art_and_name,,inferred_not_verified,false,,unavailable,screenshot_brightness_inference,medium,2026-09-26,true,training_dummy_available,150000,not_reviewed,,11,Blood Rain,8,1,2893,1447,Generic dataset formula before abilities/supports; card-specific stat exceptions are not fully validated; dataset_formula; confirmed 2560/1280 for borderless cards 33 and 38,50 % chance to return when an ally dies,user_2026-09-27/Screenshot 2026-09-26 at 6.33.22 PM.png,14,14
271,Revenant,13,Halloween,undead | skeletal,inferred_from_art_and_name,undead,inferred_not_verified,false,,unavailable,screenshot_brightness_inference,medium,2026-09-26,true,training_dummy_available,500000,not_reviewed,,1,Base,1,1,520,260,Generic dataset formula before abilities/supports; card-specific stat exceptions are not fully validated; dataset_formula; confirmed 2560/1280 for borderless cards 33 and 38,reduce enemy's max hp by damage dealt,user_2026-09-27/Screenshot 2026-09-26 at 6.33.22 PM.png,14,15
272,Dr. Frankenstein,13,Halloween,humanlike | undead,inferred_from_art_and_name,undead,inferred_not_verified,false,,unavailable,screenshot_brightness_inference,medium,2026-09-26,true,training_dummy_available,3500000,not_reviewed,,1,Base,1,1,934,467,Generic dataset formula before abilities/supports; card-specific stat exceptions are not fully validated; dataset_formula; confirmed 2560/1280 for borderless cards 33 and 38,add a frankenstein with self stats to ally deck on kill,user_2026-09-27/Screenshot 2026-09-26 at 6.33.22 PM.png,14,16
273,Marionette,13,Halloween,construct | toy | humanoid,inferred_from_art_and_name,toy,inferred_not_verified,false,,unavailable,screenshot_brightness_inference,medium,2026-09-26,true,training_dummy_available,7500000,not_reviewed,,1,Base,1,1,1174,587,Generic dataset formula before abilities/supports; card-specific stat exceptions are not fully validated; dataset_formula; confirmed 2560/1280 for borderless cards 33 and 38,"swap 2 random enemies' stats/positions, reducing stats by 15 % per swap",user_2026-09-27/Screenshot 2026-09-26 at 6.33.22 PM.png,14,17
274,Ghoul,14,Halloween 2025,unknown,unresolved_blank_art,,inferred_not_verified,false,,unavailable,screenshot_brightness_inference,medium,2026-09-26,true,training_dummy_available,1000,not_reviewed,,1,Base,1,1,80,40,Generic dataset formula before abilities/supports; card-specific stat exceptions are not fully validated; dataset_formula; confirmed 2560/1280 for borderless cards 33 and 38,attacks inflict poison and weakness (enemy takes 30 % more damage),user_2026-09-27/Screenshot 2026-09-26 at 6.33.32 PM.png,15,1
275,Zombie Nurse,14,Halloween 2025,humanlike | undead,inferred_from_art_and_name,undead,inferred_not_verified,false,,unavailable,screenshot_brightness_inference,medium,2026-09-26,true,training_dummy_available,10000,not_reviewed,,1,Base,1,1,160,80,Generic dataset formula before abilities/supports; card-specific stat exceptions are not fully validated; dataset_formula; confirmed 2560/1280 for borderless cards 33 and 38,attacks inflict bleed; heals 50 % when below 1 / 2 hp only once,user_2026-09-27/Screenshot 2026-09-26 at 6.33.32 PM.png,15,2
276,Night Witch,14,Halloween 2025,humanlike | mage,inferred_from_art_and_name,,inferred_not_verified,false,,unavailable,screenshot_brightness_inference,medium,2026-09-26,true,training_dummy_available,18000,not_reviewed,,1,Base,1,1,191,96,Generic dataset formula before abilities/supports; card-specific stat exceptions are not fully validated; dataset_formula; confirmed 2560/1280 for borderless cards 33 and 38,"hex target, making rng abilities fail",user_2026-09-27/Screenshot 2026-09-26 at 6.33.32 PM.png,15,3
277,The Hanged Man,14,Halloween 2025,humanoid | shadow,inferred_from_art_and_name,,inferred_not_verified,false,,unavailable,screenshot_brightness_inference,medium,2026-09-26,true,training_dummy_available,100000,not_reviewed,,1,Base,1,1,320,160,Generic dataset formula before abilities/supports; card-specific stat exceptions are not fully validated; dataset_formula; confirmed 2560/1280 for borderless cards 33 and 38,enemy that kills self loses 25 % hp each turn,user_2026-09-27/Screenshot 2026-09-26 at 6.33.32 PM.png,15,4
278,Walking Dead,14,Halloween 2025,undead | humanoid,inferred_from_art_and_name,undead,inferred_not_verified,false,,unavailable,screenshot_brightness_inference,medium,2026-09-26,true,training_dummy_available,500000,not_reviewed,,1,Base,1,1,520,260,Generic dataset formula before abilities/supports; card-specific stat exceptions are not fully validated; dataset_formula; confirmed 2560/1280 for borderless cards 33 and 38,survive 1 turn when dead; while dead: gain a turn of lifespan kill,user_2026-09-27/Screenshot 2026-09-26 at 6.33.32 PM.png,15,5
279,Headless Horseman,14,Halloween 2025,undead | plant,inferred_from_art_and_name,undead,inferred_not_verified,false,,unavailable,screenshot_brightness_inference,medium,2026-09-26,true,training_dummy_available,1000000,not_reviewed,,1,Base,1,1,640,320,Generic dataset formula before abilities/supports; card-specific stat exceptions are not fully validated; dataset_formula; confirmed 2560/1280 for borderless cards 33 and 38,reduce enemy stats by 35 % of yours on entry,user_2026-09-27/Screenshot 2026-09-26 at 6.33.32 PM.png,15,6
280,The Blood Countess,14,Halloween 2025,humanlike | undead,inferred_from_art_and_name,undead,inferred_not_verified,false,,unavailable,screenshot_brightness_inference,medium,2026-09-26,true,training_dummy_available,3300000,not_reviewed,,11,Blood Rain,8,1,7335,3668,Generic dataset formula before abilities/supports; card-specific stat exceptions are not fully validated; dataset_formula; confirmed 2560/1280 for borderless cards 33 and 38,each turn steal 25 % of the enemy's hp before attack,user_2026-09-27/Screenshot 2026-09-26 at 6.33.32 PM.png,15,7
281,The Composer,14,Halloween 2025,humanoid | undead,inferred_from_art_and_name,undead,inferred_not_verified,false,,unavailable,screenshot_brightness_inference,medium,2026-09-26,true,training_dummy_available,7500000,not_reviewed,,1,Base,1,1,1174,587,Generic dataset formula before abilities/supports; card-specific stat exceptions are not fully validated; dataset_formula; confirmed 2560/1280 for borderless cards 33 and 38,field: at the start of any ally's turn 10 % chance to confuse target; goes up 10 % each turn,user_2026-09-27/Screenshot 2026-09-26 at 6.33.32 PM.png,15,8
282,Dracula,14,Halloween 2025,humanlike | undead,inferred_from_art_and_name,undead,inferred_not_verified,false,,unavailable,screenshot_brightness_inference,medium,2026-09-26,true,training_dummy_available,25000000,not_reviewed,,1,Base,1,1,1687,844,Generic dataset formula before abilities/supports; card-specific stat exceptions are not fully validated; dataset_formula; confirmed 2560/1280 for borderless cards 33 and 38,gain an extra turn; heal 10 % each turn,user_2026-09-27/Screenshot 2026-09-26 at 6.33.32 PM.png,15,9
283,Flying Dutchman,14,Halloween 2025,object | spirit,inferred_from_art_and_name,,inferred_not_verified,false,,unavailable,screenshot_brightness_inference,medium,2026-09-26,true,training_dummy_available,30000000,not_reviewed,,1,Base,1,1,1782,891,Generic dataset formula before abilities/supports; card-specific stat exceptions are not fully validated; dataset_formula; confirmed 2560/1280 for borderless cards 33 and 38,"after attack, switch places with a random ally",user_2026-09-27/Screenshot 2026-09-26 at 6.33.32 PM.png,15,10
284,Hecate,14,Halloween 2025,humanlike | mage,inferred_from_art_and_name,,inferred_not_verified,false,,unavailable,screenshot_brightness_inference,medium,2026-09-26,true,training_dummy_available,30000000,not_reviewed,,1,Base,1,1,1782,891,Generic dataset formula before abilities/supports; card-specific stat exceptions are not fully validated; dataset_formula; confirmed 2560/1280 for borderless cards 33 and 38,steals the ability of the first card it attacks,user_2026-09-27/Screenshot 2026-09-26 at 6.33.32 PM.png,15,11
285,Abomination,14,Halloween 2025,humanoid | undead,inferred_from_art_and_name,undead,inferred_not_verified,false,,unavailable,screenshot_brightness_inference,medium,2026-09-26,true,training_dummy_available,50000000,not_reviewed,,1,Base,1,1,2078,1039,Generic dataset formula before abilities/supports; card-specific stat exceptions are not fully validated; dataset_formula; confirmed 2560/1280 for borderless cards 33 and 38,"4 x stats on entry, fades below 1 / 2 hp",user_2026-09-27/Screenshot 2026-09-26 at 6.33.32 PM.png,15,12
286,Sleep Paralysis,14,Halloween 2025,humanoid | undead,inferred_from_art_and_name,undead,inferred_not_verified,false,,unavailable,screenshot_brightness_inference,medium,2026-09-26,true,training_dummy_available,500000000,not_reviewed,,1,Base,1,1,4156,2078,Generic dataset formula before abilities/supports; card-specific stat exceptions are not fully validated; dataset_formula; confirmed 2560/1280 for borderless cards 33 and 38,"on entry, the enemy is stunned in 3 turns, both active cards die",user_2026-09-27/Screenshot 2026-09-26 at 6.33.32 PM.png,15,13
287,Michael M.,14,Halloween 2025,humanlike | masked,inferred_from_art_and_name,,inferred_not_verified,false,,unavailable,screenshot_brightness_inference,medium,2026-09-26,true,training_dummy_available,600000000,not_reviewed,,1,Base,1,1,4391,2196,Generic dataset formula before abilities/supports; card-specific stat exceptions are not fully validated; dataset_formula; confirmed 2560/1280 for borderless cards 33 and 38,survives lethal attacks twice; attack resets to normal if it has been lowered,user_2026-09-27/Screenshot 2026-09-26 at 6.33.32 PM.png,15,14
288,Jason,14,Halloween 2025,humanlike | masked,inferred_from_art_and_name,,inferred_not_verified,false,,unavailable,screenshot_brightness_inference,medium,2026-09-26,true,training_dummy_available,800000000,not_reviewed,,1,Base,1,2,9575,4788,"Generic dataset formula before abilities/supports; card-specific stat exceptions are not fully validated; user-confirmed baseline; shared Card Modifier fitted to stats, underlying cause unverified",attack 8 times at half the damage,user_2026-09-27/Screenshot 2026-09-26 at 6.33.32 PM.png,15,15
289,Glamour,14,Halloween 2025,humanoid | demon,inferred_from_art_and_name,demon,inferred_not_verified,false,,unavailable,screenshot_brightness_inference,medium,2026-09-26,true,training_dummy_available,1000000000,not_reviewed,,1,Base,1,1,5120,2560,Generic dataset formula before abilities/supports; card-specific stat exceptions are not fully validated; dataset_formula; confirmed 2560/1280 for borderless cards 33 and 38,"each turn, becomes a different card",user_2026-09-27/Screenshot 2026-09-26 at 6.33.32 PM.png,15,16
