card_id,name,rarity,rarity_lexical,weather_id,weather_id_lexical,card_modifier,card_modifier_lexical,packs,classes,source,pack_id,class_assignment_status,metadata,identity_key
1,Archer,2,2,1,1,1,1,"[""Era 1""]","[""rng""]","{""name"":{""file"":""Cards-2.xml"",""xml_path"":""/project[1]/scenes[1]/scene[1]/variables[1]/variable[1]"",""snap_value_id"":""34123"",""variable"":""Cards"",""item_1"":1},""rarity"":{""file"":""Cards-2.xml"",""xml_path"":""/project[1]/scenes[1]/scene[1]/variables[1]/variable[19]"",""snap_value_id"":""34147"",""variable"":""Card Rarities"",""item_1"":1},""weather"":{""file"":""data-10.csv"",""record_1"":1,""column_1"":1},""card_modifier"":{""file"":""data-9.csv"",""record_1"":1,""column_1"":1}}",1,user_verified,"{""card_id"":1,""name"":""Archer"",""pack_id"":1,""pack"":""Era 1"",""screenshot"":{""file"":""user_2026-09-27/Screenshot 2026-09-26 at 6.30.20 PM.png"",""image_number"":1,""card_ordinal_excluding_clipped_repeats"":1},""visual_tags"":[""humanlike""],""visual_inference_status"":""inferred_from_art_and_name"",""gameplay_class_candidates"":[""rng""],""sourced_class_memberships"":[{""card_id"":1,""class_name"":""rng"",""source_url"":""https://card-rng.fandom.com/wiki/Abilities"",""evidence_summary"":""The card ability table explicitly labels this ability type RNG."",""status"":""wiki_supported_unverified_current""}],""gameplay_classes_verified"":true,""availability"":{""player_use"":""available"",""opponent_use"":""training_dummy_available"",""basis"":""screenshot_brightness_inference"",""confidence"":""medium"",""as_of"":""2026-09-26"",""requires_confirmation_for_test_setup"":true}}",1
2,Shining Armor,4,4,1,1,1,1,"[""Era 1""]","[""swordsmen""]","{""name"":{""file"":""Cards-2.xml"",""xml_path"":""/project[1]/scenes[1]/scene[1]/variables[1]/variable[1]"",""snap_value_id"":""34123"",""variable"":""Cards"",""item_1"":2},""rarity"":{""file"":""Cards-2.xml"",""xml_path"":""/project[1]/scenes[1]/scene[1]/variables[1]/variable[19]"",""snap_value_id"":""34147"",""variable"":""Card Rarities"",""item_1"":2},""weather"":{""file"":""data-10.csv"",""record_1"":1,""column_1"":2},""card_modifier"":{""file"":""data-9.csv"",""record_1"":1,""column_1"":2}}",1,user_verified,"{""card_id"":2,""name"":""Shining Armor"",""pack_id"":1,""pack"":""Era 1"",""screenshot"":{""file"":""user_2026-09-27/Screenshot 2026-09-26 at 6.30.20 PM.png"",""image_number"":1,""card_ordinal_excluding_clipped_repeats"":2},""visual_tags"":[""humanlike"",""armored""],""visual_inference_status"":""inferred_from_art_and_name"",""gameplay_class_candidates"":[""swordsmen""],""sourced_class_memberships"":[],""gameplay_classes_verified"":true,""availability"":{""player_use"":""available"",""opponent_use"":""training_dummy_available"",""basis"":""screenshot_brightness_inference"",""confidence"":""medium"",""as_of"":""2026-09-26"",""requires_confirmation_for_test_setup"":true}}",2
3,Good Boy,8,8,1,1,1,1,"[""Era 1""]",[],"{""name"":{""file"":""Cards-2.xml"",""xml_path"":""/project[1]/scenes[1]/scene[1]/variables[1]/variable[1]"",""snap_value_id"":""34123"",""variable"":""Cards"",""item_1"":3},""rarity"":{""file"":""Cards-2.xml"",""xml_path"":""/project[1]/scenes[1]/scene[1]/variables[1]/variable[19]"",""snap_value_id"":""34147"",""variable"":""Card Rarities"",""item_1"":3},""weather"":{""file"":""data-10.csv"",""record_1"":1,""column_1"":3},""card_modifier"":{""file"":""data-9.csv"",""record_1"":1,""column_1"":3}}",1,user_verified,"{""card_id"":3,""name"":""Good Boy"",""pack_id"":1,""pack"":""Era 1"",""screenshot"":{""file"":""user_2026-09-27/Screenshot 2026-09-26 at 6.30.20 PM.png"",""image_number"":1,""card_ordinal_excluding_clipped_repeats"":3},""visual_tags"":[""animal"",""canine""],""visual_inference_status"":""inferred_from_art_and_name"",""gameplay_class_candidates"":[],""sourced_class_memberships"":[],""gameplay_classes_verified"":true,""availability"":{""player_use"":""available"",""opponent_use"":""training_dummy_available"",""basis"":""user_battle_observation"",""confidence"":""confirmed"",""as_of"":""2026-09-26"",""requires_confirmation_for_test_setup"":false}}",3
4,Useless Seer,12,12,1,1,1,1,"[""Era 1""]",[],"{""name"":{""file"":""Cards-2.xml"",""xml_path"":""/project[1]/scenes[1]/scene[1]/variables[1]/variable[1]"",""snap_value_id"":""34123"",""variable"":""Cards"",""item_1"":4},""rarity"":{""file"":""Cards-2.xml"",""xml_path"":""/project[1]/scenes[1]/scene[1]/variables[1]/variable[19]"",""snap_value_id"":""34147"",""variable"":""Card Rarities"",""item_1"":4},""weather"":{""file"":""data-10.csv"",""record_1"":1,""column_1"":4},""card_modifier"":{""file"":""data-9.csv"",""record_1"":1,""column_1"":4}}",1,user_verified,"{""card_id"":4,""name"":""Useless Seer"",""pack_id"":1,""pack"":""Era 1"",""screenshot"":{""file"":""user_2026-09-27/Screenshot 2026-09-26 at 6.30.20 PM.png"",""image_number"":1,""card_ordinal_excluding_clipped_repeats"":4},""visual_tags"":[""humanlike""],""visual_inference_status"":""inferred_from_art_and_name"",""gameplay_class_candidates"":[],""sourced_class_memberships"":[],""gameplay_classes_verified"":true,""availability"":{""player_use"":""available"",""opponent_use"":""training_dummy_available"",""basis"":""screenshot_brightness_inference"",""confidence"":""medium"",""as_of"":""2026-09-26"",""requires_confirmation_for_test_setup"":true}}",4
5,Baby Skeleton,20,20,1,1,1,1,"[""Era 1""]","[""undead""]","{""name"":{""file"":""Cards-2.xml"",""xml_path"":""/project[1]/scenes[1]/scene[1]/variables[1]/variable[1]"",""snap_value_id"":""34123"",""variable"":""Cards"",""item_1"":5},""rarity"":{""file"":""Cards-2.xml"",""xml_path"":""/project[1]/scenes[1]/scene[1]/variables[1]/variable[19]"",""snap_value_id"":""34147"",""variable"":""Card Rarities"",""item_1"":5},""weather"":{""file"":""data-10.csv"",""record_1"":1,""column_1"":5},""card_modifier"":{""file"":""data-9.csv"",""record_1"":1,""column_1"":5}}",1,user_verified,"{""card_id"":5,""name"":""Baby Skeleton"",""pack_id"":1,""pack"":""Era 1"",""screenshot"":{""file"":""user_2026-09-27/Screenshot 2026-09-26 at 6.30.20 PM.png"",""image_number"":1,""card_ordinal_excluding_clipped_repeats"":5},""visual_tags"":[""undead"",""skeletal""],""visual_inference_status"":""inferred_from_art_and_name"",""gameplay_class_candidates"":[""undead""],""sourced_class_memberships"":[],""gameplay_classes_verified"":true,""availability"":{""player_use"":""available"",""opponent_use"":""training_dummy_available"",""basis"":""screenshot_brightness_inference"",""confidence"":""medium"",""as_of"":""2026-09-26"",""requires_confirmation_for_test_setup"":true}}",5
6,Wizard,35,35,1,1,1,1,"[""Era 1""]",[],"{""name"":{""file"":""Cards-2.xml"",""xml_path"":""/project[1]/scenes[1]/scene[1]/variables[1]/variable[1]"",""snap_value_id"":""34123"",""variable"":""Cards"",""item_1"":6},""rarity"":{""file"":""Cards-2.xml"",""xml_path"":""/project[1]/scenes[1]/scene[1]/variables[1]/variable[19]"",""snap_value_id"":""34147"",""variable"":""Card Rarities"",""item_1"":6},""weather"":{""file"":""data-10.csv"",""record_1"":1,""column_1"":6},""card_modifier"":{""file"":""data-9.csv"",""record_1"":1,""column_1"":6}}",1,user_verified,"{""card_id"":6,""name"":""Wizard"",""pack_id"":1,""pack"":""Era 1"",""screenshot"":{""file"":""user_2026-09-27/Screenshot 2026-09-26 at 6.30.20 PM.png"",""image_number"":1,""card_ordinal_excluding_clipped_repeats"":6},""visual_tags"":[""humanlike"",""mage""],""visual_inference_status"":""inferred_from_art_and_name"",""gameplay_class_candidates"":[],""sourced_class_memberships"":[],""gameplay_classes_verified"":true,""availability"":{""player_use"":""available"",""opponent_use"":""training_dummy_available"",""basis"":""screenshot_brightness_inference"",""confidence"":""medium"",""as_of"":""2026-09-26"",""requires_confirmation_for_test_setup"":true}}",6
7,Forest Spirit,75,75,1,1,1,1,"[""Era 1""]",[],"{""name"":{""file"":""Cards-2.xml"",""xml_path"":""/project[1]/scenes[1]/scene[1]/variables[1]/variable[1]"",""snap_value_id"":""34123"",""variable"":""Cards"",""item_1"":7},""rarity"":{""file"":""Cards-2.xml"",""xml_path"":""/project[1]/scenes[1]/scene[1]/variables[1]/variable[19]"",""snap_value_id"":""34147"",""variable"":""Card Rarities"",""item_1"":7},""weather"":{""file"":""data-10.csv"",""record_1"":1,""column_1"":7},""card_modifier"":{""file"":""data-9.csv"",""record_1"":1,""column_1"":7}}",1,user_verified,"{""card_id"":7,""name"":""Forest Spirit"",""pack_id"":1,""pack"":""Era 1"",""screenshot"":{""file"":""user_2026-09-27/Screenshot 2026-09-26 at 6.30.20 PM.png"",""image_number"":1,""card_ordinal_excluding_clipped_repeats"":7},""visual_tags"":[""animal"",""deer""],""visual_inference_status"":""inferred_from_art_and_name"",""gameplay_class_candidates"":[],""sourced_class_memberships"":[],""gameplay_classes_verified"":true,""availability"":{""player_use"":""available"",""opponent_use"":""training_dummy_available"",""basis"":""screenshot_brightness_inference"",""confidence"":""medium"",""as_of"":""2026-09-26"",""requires_confirmation_for_test_setup"":true}}",7
8,General Moon Zoo,100,100,1,1,1,1,"[""Era 1""]",[],"{""name"":{""file"":""Cards-2.xml"",""xml_path"":""/project[1]/scenes[1]/scene[1]/variables[1]/variable[1]"",""snap_value_id"":""34123"",""variable"":""Cards"",""item_1"":8},""rarity"":{""file"":""Cards-2.xml"",""xml_path"":""/project[1]/scenes[1]/scene[1]/variables[1]/variable[19]"",""snap_value_id"":""34147"",""variable"":""Card Rarities"",""item_1"":8},""weather"":{""file"":""data-10.csv"",""record_1"":1,""column_1"":8},""card_modifier"":{""file"":""data-9.csv"",""record_1"":1,""column_1"":8}}",1,user_verified,"{""card_id"":8,""name"":""General Moon Zoo"",""pack_id"":1,""pack"":""Era 1"",""screenshot"":{""file"":""user_2026-09-27/Screenshot 2026-09-26 at 6.30.20 PM.png"",""image_number"":1,""card_ordinal_excluding_clipped_repeats"":8},""visual_tags"":[""humanlike"",""warrior""],""visual_inference_status"":""inferred_from_art_and_name"",""gameplay_class_candidates"":[],""sourced_class_memberships"":[],""gameplay_classes_verified"":true,""availability"":{""player_use"":""available"",""opponent_use"":""training_dummy_available"",""basis"":""screenshot_brightness_inference"",""confidence"":""medium"",""as_of"":""2026-09-26"",""requires_confirmation_for_test_setup"":true}}",8
9,Crown Prince,200,200,1,1,1,1,"[""Era 1""]",[],"{""name"":{""file"":""Cards-2.xml"",""xml_path"":""/project[1]/scenes[1]/scene[1]/variables[1]/variable[1]"",""snap_value_id"":""34123"",""variable"":""Cards"",""item_1"":9},""rarity"":{""file"":""Cards-2.xml"",""xml_path"":""/project[1]/scenes[1]/scene[1]/variables[1]/variable[19]"",""snap_value_id"":""34147"",""variable"":""Card Rarities"",""item_1"":9},""weather"":{""file"":""data-10.csv"",""record_1"":1,""column_1"":9},""card_modifier"":{""file"":""data-9.csv"",""record_1"":1,""column_1"":9}}",1,user_verified,"{""card_id"":9,""name"":""Crown Prince"",""pack_id"":1,""pack"":""Era 1"",""screenshot"":{""file"":""user_2026-09-27/Screenshot 2026-09-26 at 6.30.20 PM.png"",""image_number"":1,""card_ordinal_excluding_clipped_repeats"":9},""visual_tags"":[""humanlike""],""visual_inference_status"":""inferred_from_art_and_name"",""gameplay_class_candidates"":[],""sourced_class_memberships"":[],""gameplay_classes_verified"":true,""availability"":{""player_use"":""available"",""opponent_use"":""training_dummy_available"",""basis"":""screenshot_brightness_inference"",""confidence"":""medium"",""as_of"":""2026-09-26"",""requires_confirmation_for_test_setup"":true}}",9
10,Arthur,500,500,1,1,1,1,"[""Era 1""]","[""swordsmen""]","{""name"":{""file"":""Cards-2.xml"",""xml_path"":""/project[1]/scenes[1]/scene[1]/variables[1]/variable[1]"",""snap_value_id"":""34123"",""variable"":""Cards"",""item_1"":10},""rarity"":{""file"":""Cards-2.xml"",""xml_path"":""/project[1]/scenes[1]/scene[1]/variables[1]/variable[19]"",""snap_value_id"":""34147"",""variable"":""Card Rarities"",""item_1"":10},""weather"":{""file"":""data-10.csv"",""record_1"":1,""column_1"":10},""card_modifier"":{""file"":""data-9.csv"",""record_1"":1,""column_1"":10}}",1,user_verified,"{""card_id"":10,""name"":""Arthur"",""pack_id"":1,""pack"":""Era 1"",""screenshot"":{""file"":""user_2026-09-27/Screenshot 2026-09-26 at 6.30.20 PM.png"",""image_number"":1,""card_ordinal_excluding_clipped_repeats"":10},""visual_tags"":[""humanlike"",""warrior""],""visual_inference_status"":""inferred_from_art_and_name"",""gameplay_class_candidates"":[""swordsmen""],""sourced_class_memberships"":[],""gameplay_classes_verified"":true,""availability"":{""player_use"":""available"",""opponent_use"":""training_dummy_available"",""basis"":""screenshot_brightness_inference"",""confidence"":""medium"",""as_of"":""2026-09-26"",""requires_confirmation_for_test_setup"":true}}",10
11,Beelzebub,666,666,1,1,1,1,"[""Era 1""]","[""demon""]","{""name"":{""file"":""Cards-2.xml"",""xml_path"":""/project[1]/scenes[1]/scene[1]/variables[1]/variable[1]"",""snap_value_id"":""34123"",""variable"":""Cards"",""item_1"":11},""rarity"":{""file"":""Cards-2.xml"",""xml_path"":""/project[1]/scenes[1]/scene[1]/variables[1]/variable[19]"",""snap_value_id"":""34147"",""variable"":""Card Rarities"",""item_1"":11},""weather"":{""file"":""data-10.csv"",""record_1"":1,""column_1"":11},""card_modifier"":{""file"":""data-9.csv"",""record_1"":1,""column_1"":11}}",1,user_verified,"{""card_id"":11,""name"":""Beelzebub"",""pack_id"":1,""pack"":""Era 1"",""screenshot"":{""file"":""user_2026-09-27/Screenshot 2026-09-26 at 6.30.20 PM.png"",""image_number"":1,""card_ordinal_excluding_clipped_repeats"":11},""visual_tags"":[""demon"",""insectoid""],""visual_inference_status"":""inferred_from_art_and_name"",""gameplay_class_candidates"":[""demon""],""sourced_class_memberships"":[],""gameplay_classes_verified"":true,""availability"":{""player_use"":""available"",""opponent_use"":""training_dummy_available"",""basis"":""screenshot_brightness_inference"",""confidence"":""medium"",""as_of"":""2026-09-26"",""requires_confirmation_for_test_setup"":true}}",11
12,Michael,1000,1000,1,1,1,1,"[""Era 1""]",[],"{""name"":{""file"":""Cards-2.xml"",""xml_path"":""/project[1]/scenes[1]/scene[1]/variables[1]/variable[1]"",""snap_value_id"":""34123"",""variable"":""Cards"",""item_1"":12},""rarity"":{""file"":""Cards-2.xml"",""xml_path"":""/project[1]/scenes[1]/scene[1]/variables[1]/variable[19]"",""snap_value_id"":""34147"",""variable"":""Card Rarities"",""item_1"":12},""weather"":{""file"":""data-10.csv"",""record_1"":1,""column_1"":12},""card_modifier"":{""file"":""data-9.csv"",""record_1"":1,""column_1"":12}}",1,user_verified,"{""card_id"":12,""name"":""Michael"",""pack_id"":1,""pack"":""Era 1"",""screenshot"":{""file"":""user_2026-09-27/Screenshot 2026-09-26 at 6.30.20 PM.png"",""image_number"":1,""card_ordinal_excluding_clipped_repeats"":12},""visual_tags"":[""humanlike"",""divine""],""visual_inference_status"":""inferred_from_art_and_name"",""gameplay_class_candidates"":[],""sourced_class_memberships"":[],""gameplay_classes_verified"":true,""availability"":{""player_use"":""available"",""opponent_use"":""training_dummy_available"",""basis"":""screenshot_brightness_inference"",""confidence"":""medium"",""as_of"":""2026-09-26"",""requires_confirmation_for_test_setup"":true}}",12
13,Lucifer,1000,1000,11,11,1,1,"[""Era 1""]","[""demon""]","{""name"":{""file"":""Cards-2.xml"",""xml_path"":""/project[1]/scenes[1]/scene[1]/variables[1]/variable[1]"",""snap_value_id"":""34123"",""variable"":""Cards"",""item_1"":13},""rarity"":{""file"":""Cards-2.xml"",""xml_path"":""/project[1]/scenes[1]/scene[1]/variables[1]/variable[19]"",""snap_value_id"":""34147"",""variable"":""Card Rarities"",""item_1"":13},""weather"":{""file"":""data-10.csv"",""record_1"":1,""column_1"":13},""card_modifier"":{""file"":""data-9.csv"",""record_1"":1,""column_1"":13}}",1,user_verified,"{""card_id"":13,""name"":""Lucifer"",""pack_id"":1,""pack"":""Era 1"",""screenshot"":{""file"":""user_2026-09-27/Screenshot 2026-09-26 at 6.30.20 PM.png"",""image_number"":1,""card_ordinal_excluding_clipped_repeats"":13},""visual_tags"":[""humanlike"",""demon""],""visual_inference_status"":""inferred_from_art_and_name"",""gameplay_class_candidates"":[""demon""],""sourced_class_memberships"":[],""gameplay_classes_verified"":true,""availability"":{""player_use"":""available"",""opponent_use"":""training_dummy_available"",""basis"":""screenshot_brightness_inference"",""confidence"":""medium"",""as_of"":""2026-09-26"",""requires_confirmation_for_test_setup"":true}}",13
14,Knightmare,5000,5000,1,1,1,1,"[""Era 1""]","[""swordsmen""]","{""name"":{""file"":""Cards-2.xml"",""xml_path"":""/project[1]/scenes[1]/scene[1]/variables[1]/variable[1]"",""snap_value_id"":""34123"",""variable"":""Cards"",""item_1"":14},""rarity"":{""file"":""Cards-2.xml"",""xml_path"":""/project[1]/scenes[1]/scene[1]/variables[1]/variable[19]"",""snap_value_id"":""34147"",""variable"":""Card Rarities"",""item_1"":14},""weather"":{""file"":""data-10.csv"",""record_1"":1,""column_1"":14},""card_modifier"":{""file"":""data-9.csv"",""record_1"":1,""column_1"":14}}",1,user_verified,"{""card_id"":14,""name"":""Knightmare"",""pack_id"":1,""pack"":""Era 1"",""screenshot"":{""file"":""user_2026-09-27/Screenshot 2026-09-26 at 6.30.20 PM.png"",""image_number"":1,""card_ordinal_excluding_clipped_repeats"":14},""visual_tags"":[""armored"",""humanoid""],""visual_inference_status"":""inferred_from_art_and_name"",""gameplay_class_candidates"":[""swordsmen""],""sourced_class_memberships"":[],""gameplay_classes_verified"":true,""availability"":{""player_use"":""available"",""opponent_use"":""training_dummy_available"",""basis"":""screenshot_brightness_inference"",""confidence"":""medium"",""as_of"":""2026-09-26"",""requires_confirmation_for_test_setup"":true}}",14
15,Arcane Avian,5000,5000,2,2,1,1,"[""Era 1""]","[""avian"",""rng""]","{""name"":{""file"":""Cards-2.xml"",""xml_path"":""/project[1]/scenes[1]/scene[1]/variables[1]/variable[1]"",""snap_value_id"":""34123"",""variable"":""Cards"",""item_1"":15},""rarity"":{""file"":""Cards-2.xml"",""xml_path"":""/project[1]/scenes[1]/scene[1]/variables[1]/variable[19]"",""snap_value_id"":""34147"",""variable"":""Card Rarities"",""item_1"":15},""weather"":{""file"":""data-10.csv"",""record_1"":1,""column_1"":15},""card_modifier"":{""file"":""data-9.csv"",""record_1"":1,""column_1"":15}}",1,user_verified,"{""card_id"":15,""name"":""Arcane Avian"",""pack_id"":1,""pack"":""Era 1"",""screenshot"":{""file"":""user_2026-09-27/Screenshot 2026-09-26 at 6.30.20 PM.png"",""image_number"":1,""card_ordinal_excluding_clipped_repeats"":15},""visual_tags"":[""humanoid"",""avian""],""visual_inference_status"":""inferred_from_art_and_name"",""gameplay_class_candidates"":[""avian"",""rng""],""sourced_class_memberships"":[{""card_id"":15,""class_name"":""rng"",""source_url"":""https://card-rng.fandom.com/wiki/Abilities"",""evidence_summary"":""The card ability table explicitly labels this ability type RNG."",""status"":""wiki_supported_unverified_current""}],""gameplay_classes_verified"":true,""availability"":{""player_use"":""available"",""opponent_use"":""training_dummy_available"",""basis"":""screenshot_brightness_inference"",""confidence"":""medium"",""as_of"":""2026-09-26"",""requires_confirmation_for_test_setup"":true}}",15
16,Tartarus,6666,6666,1,1,1,1,"[""Era 1""]","[""demon""]","{""name"":{""file"":""Cards-2.xml"",""xml_path"":""/project[1]/scenes[1]/scene[1]/variables[1]/variable[1]"",""snap_value_id"":""34123"",""variable"":""Cards"",""item_1"":16},""rarity"":{""file"":""Cards-2.xml"",""xml_path"":""/project[1]/scenes[1]/scene[1]/variables[1]/variable[19]"",""snap_value_id"":""34147"",""variable"":""Card Rarities"",""item_1"":16},""weather"":{""file"":""data-10.csv"",""record_1"":1,""column_1"":16},""card_modifier"":{""file"":""data-9.csv"",""record_1"":1,""column_1"":16}}",1,user_verified,"{""card_id"":16,""name"":""Tartarus"",""pack_id"":1,""pack"":""Era 1"",""screenshot"":{""file"":""user_2026-09-27/Screenshot 2026-09-26 at 6.30.20 PM.png"",""image_number"":1,""card_ordinal_excluding_clipped_repeats"":16},""visual_tags"":[""humanoid"",""demon"",""armored""],""visual_inference_status"":""inferred_from_art_and_name"",""gameplay_class_candidates"":[""demon""],""sourced_class_memberships"":[],""gameplay_classes_verified"":true,""availability"":{""player_use"":""available"",""opponent_use"":""training_dummy_available"",""basis"":""screenshot_brightness_inference"",""confidence"":""medium"",""as_of"":""2026-09-26"",""requires_confirmation_for_test_setup"":true}}",16
17,Greedy Belly,10000,10000,1,1,1,1,"[""Era 1""]","[""dragon""]","{""name"":{""file"":""Cards-2.xml"",""xml_path"":""/project[1]/scenes[1]/scene[1]/variables[1]/variable[1]"",""snap_value_id"":""34123"",""variable"":""Cards"",""item_1"":17},""rarity"":{""file"":""Cards-2.xml"",""xml_path"":""/project[1]/scenes[1]/scene[1]/variables[1]/variable[19]"",""snap_value_id"":""34147"",""variable"":""Card Rarities"",""item_1"":17},""weather"":{""file"":""data-10.csv"",""record_1"":1,""column_1"":17},""card_modifier"":{""file"":""data-9.csv"",""record_1"":1,""column_1"":17}}",1,user_verified,"{""card_id"":17,""name"":""Greedy Belly"",""pack_id"":1,""pack"":""Era 1"",""screenshot"":{""file"":""user_2026-09-27/Screenshot 2026-09-26 at 6.30.20 PM.png"",""image_number"":1,""card_ordinal_excluding_clipped_repeats"":17},""visual_tags"":[""dragon"",""reptile""],""visual_inference_status"":""inferred_from_art_and_name"",""gameplay_class_candidates"":[""dragon""],""sourced_class_memberships"":[{""card_id"":17,""class_name"":""dragon"",""source_url"":""https://card-rng.fandom.com/wiki/Dragon_King"",""evidence_summary"":""Dragon King trivia explicitly includes this card among its dragon targets."",""status"":""wiki_supported_unverified_current""}],""gameplay_classes_verified"":true,""availability"":{""player_use"":""available"",""opponent_use"":""training_dummy_available"",""basis"":""screenshot_brightness_inference"",""confidence"":""medium"",""as_of"":""2026-09-26"",""requires_confirmation_for_test_setup"":true}}",17
18,Arthur of Excalibur,15000,15000,1,1,1,1,"[""Era 1""]","[""rng"",""swordsmen""]","{""name"":{""file"":""Cards-2.xml"",""xml_path"":""/project[1]/scenes[1]/scene[1]/variables[1]/variable[1]"",""snap_value_id"":""34123"",""variable"":""Cards"",""item_1"":18},""rarity"":{""file"":""Cards-2.xml"",""xml_path"":""/project[1]/scenes[1]/scene[1]/variables[1]/variable[19]"",""snap_value_id"":""34147"",""variable"":""Card Rarities"",""item_1"":18},""weather"":{""file"":""data-10.csv"",""record_1"":1,""column_1"":18},""card_modifier"":{""file"":""data-9.csv"",""record_1"":1,""column_1"":18}}",1,user_verified,"{""card_id"":18,""name"":""Arthur of Excalibur"",""pack_id"":1,""pack"":""Era 1"",""screenshot"":{""file"":""user_2026-09-27/Screenshot 2026-09-26 at 6.30.20 PM.png"",""image_number"":1,""card_ordinal_excluding_clipped_repeats"":18},""visual_tags"":[""humanlike"",""warrior""],""visual_inference_status"":""inferred_from_art_and_name"",""gameplay_class_candidates"":[""rng"",""swordsmen""],""sourced_class_memberships"":[],""gameplay_classes_verified"":true,""availability"":{""player_use"":""available"",""opponent_use"":""training_dummy_available"",""basis"":""screenshot_brightness_inference"",""confidence"":""medium"",""as_of"":""2026-09-26"",""requires_confirmation_for_test_setup"":true}}",18
19,Wind Spirit,20000,20000,5,5,1,1,"[""Era 1""]",[],"{""name"":{""file"":""Cards-2.xml"",""xml_path"":""/project[1]/scenes[1]/scene[1]/variables[1]/variable[1]"",""snap_value_id"":""34123"",""variable"":""Cards"",""item_1"":19},""rarity"":{""file"":""Cards-2.xml"",""xml_path"":""/project[1]/scenes[1]/scene[1]/variables[1]/variable[19]"",""snap_value_id"":""34147"",""variable"":""Card Rarities"",""item_1"":19},""weather"":{""file"":""data-10.csv"",""record_1"":1,""column_1"":19},""card_modifier"":{""file"":""data-9.csv"",""record_1"":1,""column_1"":19}}",1,user_verified,"{""card_id"":19,""name"":""Wind Spirit"",""pack_id"":1,""pack"":""Era 1"",""screenshot"":{""file"":""user_2026-09-27/Screenshot 2026-09-26 at 6.30.20 PM.png"",""image_number"":1,""card_ordinal_excluding_clipped_repeats"":19},""visual_tags"":[""humanlike"",""spirit""],""visual_inference_status"":""inferred_from_art_and_name"",""gameplay_class_candidates"":[],""sourced_class_memberships"":[],""gameplay_classes_verified"":true,""availability"":{""player_use"":""available"",""opponent_use"":""training_dummy_available"",""basis"":""screenshot_brightness_inference"",""confidence"":""medium"",""as_of"":""2026-09-26"",""requires_confirmation_for_test_setup"":true}}",19
20,Conqueror,25000,25000,1,1,1,1,"[""Era 1""]","[""swordsmen""]","{""name"":{""file"":""Cards-2.xml"",""xml_path"":""/project[1]/scenes[1]/scene[1]/variables[1]/variable[1]"",""snap_value_id"":""34123"",""variable"":""Cards"",""item_1"":20},""rarity"":{""file"":""Cards-2.xml"",""xml_path"":""/project[1]/scenes[1]/scene[1]/variables[1]/variable[19]"",""snap_value_id"":""34147"",""variable"":""Card Rarities"",""item_1"":20},""weather"":{""file"":""data-10.csv"",""record_1"":1,""column_1"":20},""card_modifier"":{""file"":""data-9.csv"",""record_1"":1,""column_1"":20}}",1,user_verified,"{""card_id"":20,""name"":""Conqueror"",""pack_id"":1,""pack"":""Era 1"",""screenshot"":{""file"":""user_2026-09-27/Screenshot 2026-09-26 at 6.30.20 PM.png"",""image_number"":1,""card_ordinal_excluding_clipped_repeats"":20},""visual_tags"":[""humanlike"",""hooded""],""visual_inference_status"":""inferred_from_art_and_name"",""gameplay_class_candidates"":[""swordsmen""],""sourced_class_memberships"":[],""gameplay_classes_verified"":true,""availability"":{""player_use"":""available"",""opponent_use"":""training_dummy_available"",""basis"":""screenshot_brightness_inference"",""confidence"":""medium"",""as_of"":""2026-09-26"",""requires_confirmation_for_test_setup"":true}}",20
21,Ice Queen,30000,30000,3,3,1,1,"[""Era 1""]","[""rng""]","{""name"":{""file"":""Cards-2.xml"",""xml_path"":""/project[1]/scenes[1]/scene[1]/variables[1]/variable[1]"",""snap_value_id"":""34123"",""variable"":""Cards"",""item_1"":21},""rarity"":{""file"":""Cards-2.xml"",""xml_path"":""/project[1]/scenes[1]/scene[1]/variables[1]/variable[19]"",""snap_value_id"":""34147"",""variable"":""Card Rarities"",""item_1"":21},""weather"":{""file"":""data-10.csv"",""record_1"":1,""column_1"":21},""card_modifier"":{""file"":""data-9.csv"",""record_1"":1,""column_1"":21}}",1,user_verified,"{""card_id"":21,""name"":""Ice Queen"",""pack_id"":1,""pack"":""Era 1"",""screenshot"":{""file"":""user_2026-09-27/Screenshot 2026-09-26 at 6.30.20 PM.png"",""image_number"":1,""card_ordinal_excluding_clipped_repeats"":21},""visual_tags"":[""humanlike"",""ice""],""visual_inference_status"":""inferred_from_art_and_name"",""gameplay_class_candidates"":[""rng""],""sourced_class_memberships"":[],""gameplay_classes_verified"":true,""availability"":{""player_use"":""available"",""opponent_use"":""training_dummy_available"",""basis"":""screenshot_brightness_inference"",""confidence"":""medium"",""as_of"":""2026-09-26"",""requires_confirmation_for_test_setup"":true}}",21
22,Three-Legged Golden Crow,55555,55555,1,1,1,1,"[""Era 1""]","[""avian"",""rng""]","{""name"":{""file"":""Cards-2.xml"",""xml_path"":""/project[1]/scenes[1]/scene[1]/variables[1]/variable[1]"",""snap_value_id"":""34123"",""variable"":""Cards"",""item_1"":22},""rarity"":{""file"":""Cards-2.xml"",""xml_path"":""/project[1]/scenes[1]/scene[1]/variables[1]/variable[19]"",""snap_value_id"":""34147"",""variable"":""Card Rarities"",""item_1"":22},""weather"":{""file"":""data-10.csv"",""record_1"":1,""column_1"":22},""card_modifier"":{""file"":""data-9.csv"",""record_1"":1,""column_1"":22}}",1,user_verified,"{""card_id"":22,""name"":""Three-Legged Golden Crow"",""pack_id"":1,""pack"":""Era 1"",""screenshot"":{""file"":""user_2026-09-27/Screenshot 2026-09-26 at 6.30.20 PM.png"",""image_number"":1,""card_ordinal_excluding_clipped_repeats"":22},""visual_tags"":[""avian"",""fire""],""visual_inference_status"":""inferred_from_art_and_name"",""gameplay_class_candidates"":[""avian"",""rng""],""sourced_class_memberships"":[{""card_id"":22,""class_name"":""rng"",""source_url"":""https://card-rng.fandom.com/wiki/Abilities"",""evidence_summary"":""The card ability table explicitly labels this ability type RNG."",""status"":""wiki_supported_unverified_current""}],""gameplay_classes_verified"":true,""availability"":{""player_use"":""available"",""opponent_use"":""training_dummy_available"",""basis"":""screenshot_brightness_inference"",""confidence"":""medium"",""as_of"":""2026-09-26"",""requires_confirmation_for_test_setup"":true}}",22
23,Ixion,100000,100000,8,8,1,1,"[""Era 1""]","[""swordsmen""]","{""name"":{""file"":""Cards-2.xml"",""xml_path"":""/project[1]/scenes[1]/scene[1]/variables[1]/variable[1]"",""snap_value_id"":""34123"",""variable"":""Cards"",""item_1"":23},""rarity"":{""file"":""Cards-2.xml"",""xml_path"":""/project[1]/scenes[1]/scene[1]/variables[1]/variable[19]"",""snap_value_id"":""34147"",""variable"":""Card Rarities"",""item_1"":23},""weather"":{""file"":""data-10.csv"",""record_1"":1,""column_1"":23},""card_modifier"":{""file"":""data-9.csv"",""record_1"":1,""column_1"":23}}",1,user_verified,"{""card_id"":23,""name"":""Ixion"",""pack_id"":1,""pack"":""Era 1"",""screenshot"":{""file"":""user_2026-09-27/Screenshot 2026-09-26 at 6.30.20 PM.png"",""image_number"":1,""card_ordinal_excluding_clipped_repeats"":23},""visual_tags"":[""armored"",""humanoid""],""visual_inference_status"":""inferred_from_art_and_name"",""gameplay_class_candidates"":[""swordsmen""],""sourced_class_memberships"":[],""gameplay_classes_verified"":true,""availability"":{""player_use"":""available"",""opponent_use"":""training_dummy_available"",""basis"":""screenshot_brightness_inference"",""confidence"":""medium"",""as_of"":""2026-09-26"",""requires_confirmation_for_test_setup"":true}}",23
24,Leviathan,100000,100000,1,1,1,1,"[""Era 1""]","[""dragon""]","{""name"":{""file"":""Cards-2.xml"",""xml_path"":""/project[1]/scenes[1]/scene[1]/variables[1]/variable[1]"",""snap_value_id"":""34123"",""variable"":""Cards"",""item_1"":24},""rarity"":{""file"":""Cards-2.xml"",""xml_path"":""/project[1]/scenes[1]/scene[1]/variables[1]/variable[19]"",""snap_value_id"":""34147"",""variable"":""Card Rarities"",""item_1"":24},""weather"":{""file"":""data-10.csv"",""record_1"":1,""column_1"":24},""card_modifier"":{""file"":""data-9.csv"",""record_1"":1,""column_1"":24}}",1,user_verified,"{""card_id"":24,""name"":""Leviathan"",""pack_id"":1,""pack"":""Era 1"",""screenshot"":{""file"":""user_2026-09-27/Screenshot 2026-09-26 at 6.30.20 PM.png"",""image_number"":1,""card_ordinal_excluding_clipped_repeats"":24},""visual_tags"":[""dragon"",""aquatic""],""visual_inference_status"":""inferred_from_art_and_name"",""gameplay_class_candidates"":[""dragon""],""sourced_class_memberships"":[],""gameplay_classes_verified"":true,""availability"":{""player_use"":""available"",""opponent_use"":""training_dummy_available"",""basis"":""screenshot_brightness_inference"",""confidence"":""medium"",""as_of"":""2026-09-26"",""requires_confirmation_for_test_setup"":true}}",24
25,Brunhilde,250000,250000,1,1,1,1,"[""Era 1""]",[],"{""name"":{""file"":""Cards-2.xml"",""xml_path"":""/project[1]/scenes[1]/scene[1]/variables[1]/variable[1]"",""snap_value_id"":""34123"",""variable"":""Cards"",""item_1"":25},""rarity"":{""file"":""Cards-2.xml"",""xml_path"":""/project[1]/scenes[1]/scene[1]/variables[1]/variable[19]"",""snap_value_id"":""34147"",""variable"":""Card Rarities"",""item_1"":25},""weather"":{""file"":""data-10.csv"",""record_1"":1,""column_1"":25},""card_modifier"":{""file"":""data-9.csv"",""record_1"":1,""column_1"":25}}",1,user_verified,"{""card_id"":25,""name"":""Brunhilde"",""pack_id"":1,""pack"":""Era 1"",""screenshot"":{""file"":""user_2026-09-27/Screenshot 2026-09-26 at 6.30.31 PM.png"",""image_number"":2,""card_ordinal_excluding_clipped_repeats"":1},""visual_tags"":[""humanlike"",""warrior""],""visual_inference_status"":""inferred_from_art_and_name"",""gameplay_class_candidates"":[],""sourced_class_memberships"":[],""gameplay_classes_verified"":true,""availability"":{""player_use"":""available"",""opponent_use"":""training_dummy_available"",""basis"":""screenshot_brightness_inference"",""confidence"":""medium"",""as_of"":""2026-09-26"",""requires_confirmation_for_test_setup"":true}}",25
26,Savior,300000,300000,11,11,1,1,"[""Era 1""]",[],"{""name"":{""file"":""Cards-2.xml"",""xml_path"":""/project[1]/scenes[1]/scene[1]/variables[1]/variable[1]"",""snap_value_id"":""34123"",""variable"":""Cards"",""item_1"":26},""rarity"":{""file"":""Cards-2.xml"",""xml_path"":""/project[1]/scenes[1]/scene[1]/variables[1]/variable[19]"",""snap_value_id"":""34147"",""variable"":""Card Rarities"",""item_1"":26},""weather"":{""file"":""data-10.csv"",""record_1"":1,""column_1"":26},""card_modifier"":{""file"":""data-9.csv"",""record_1"":1,""column_1"":26}}",1,user_verified,"{""card_id"":26,""name"":""Savior"",""pack_id"":1,""pack"":""Era 1"",""screenshot"":{""file"":""user_2026-09-27/Screenshot 2026-09-26 at 6.30.31 PM.png"",""image_number"":2,""card_ordinal_excluding_clipped_repeats"":2},""visual_tags"":[""humanlike"",""hooded""],""visual_inference_status"":""inferred_from_art_and_name"",""gameplay_class_candidates"":[],""sourced_class_memberships"":[],""gameplay_classes_verified"":true,""availability"":{""player_use"":""available"",""opponent_use"":""training_dummy_available"",""basis"":""screenshot_brightness_inference"",""confidence"":""medium"",""as_of"":""2026-09-26"",""requires_confirmation_for_test_setup"":true}}",26
27,Frankenstein,350000,350000,1,1,1,1,"[""Era 1""]","[""rng"",""undead""]","{""name"":{""file"":""Cards-2.xml"",""xml_path"":""/project[1]/scenes[1]/scene[1]/variables[1]/variable[1]"",""snap_value_id"":""34123"",""variable"":""Cards"",""item_1"":27},""rarity"":{""file"":""Cards-2.xml"",""xml_path"":""/project[1]/scenes[1]/scene[1]/variables[1]/variable[19]"",""snap_value_id"":""34147"",""variable"":""Card Rarities"",""item_1"":27},""weather"":{""file"":""data-10.csv"",""record_1"":1,""column_1"":27},""card_modifier"":{""file"":""data-9.csv"",""record_1"":1,""column_1"":27}}",1,user_verified,"{""card_id"":27,""name"":""Frankenstein"",""pack_id"":1,""pack"":""Era 1"",""screenshot"":{""file"":""user_2026-09-27/Screenshot 2026-09-26 at 6.30.31 PM.png"",""image_number"":2,""card_ordinal_excluding_clipped_repeats"":3},""visual_tags"":[""humanoid"",""undead""],""visual_inference_status"":""inferred_from_art_and_name"",""gameplay_class_candidates"":[""rng"",""undead""],""sourced_class_memberships"":[{""card_id"":27,""class_name"":""rng"",""source_url"":""https://card-rng.fandom.com/wiki/Abilities"",""evidence_summary"":""The card ability table explicitly labels this ability type RNG."",""status"":""wiki_supported_unverified_current""}],""gameplay_classes_verified"":true,""availability"":{""player_use"":""available"",""opponent_use"":""training_dummy_available"",""basis"":""screenshot_brightness_inference"",""confidence"":""medium"",""as_of"":""2026-09-26"",""requires_confirmation_for_test_setup"":true}}",27
28,Titan,500000,500000,1,1,1,1,"[""Era 1""]",[],"{""name"":{""file"":""Cards-2.xml"",""xml_path"":""/project[1]/scenes[1]/scene[1]/variables[1]/variable[1]"",""snap_value_id"":""34123"",""variable"":""Cards"",""item_1"":28},""rarity"":{""file"":""Cards-2.xml"",""xml_path"":""/project[1]/scenes[1]/scene[1]/variables[1]/variable[19]"",""snap_value_id"":""34147"",""variable"":""Card Rarities"",""item_1"":28},""weather"":{""file"":""data-10.csv"",""record_1"":1,""column_1"":28},""card_modifier"":{""file"":""data-9.csv"",""record_1"":1,""column_1"":28}}",1,user_verified,"{""card_id"":28,""name"":""Titan"",""pack_id"":1,""pack"":""Era 1"",""screenshot"":{""file"":""user_2026-09-27/Screenshot 2026-09-26 at 6.30.31 PM.png"",""image_number"":2,""card_ordinal_excluding_clipped_repeats"":4},""visual_tags"":[""humanoid"",""armored""],""visual_inference_status"":""inferred_from_art_and_name"",""gameplay_class_candidates"":[],""sourced_class_memberships"":[],""gameplay_classes_verified"":true,""availability"":{""player_use"":""available"",""opponent_use"":""training_dummy_available"",""basis"":""screenshot_brightness_inference"",""confidence"":""medium"",""as_of"":""2026-09-26"",""requires_confirmation_for_test_setup"":true}}",28
29,Sciron,500000,500000,8,8,0.9,0.9,"[""Era 1""]","[""rng"",""swordsmen""]","{""name"":{""file"":""Cards-2.xml"",""xml_path"":""/project[1]/scenes[1]/scene[1]/variables[1]/variable[1]"",""snap_value_id"":""34123"",""variable"":""Cards"",""item_1"":29},""rarity"":{""file"":""Cards-2.xml"",""xml_path"":""/project[1]/scenes[1]/scene[1]/variables[1]/variable[19]"",""snap_value_id"":""34147"",""variable"":""Card Rarities"",""item_1"":29},""weather"":{""file"":""data-10.csv"",""record_1"":1,""column_1"":29},""card_modifier"":{""file"":""../../card_engine/data_corrections.py"",""evidence"":""DaddyDrago's engine card data, user: more accurate than ours, 2026-10-03""}}",1,user_verified,"{""card_id"":29,""name"":""Sciron"",""pack_id"":1,""pack"":""Era 1"",""screenshot"":{""file"":""user_2026-09-27/Screenshot 2026-09-26 at 6.30.31 PM.png"",""image_number"":2,""card_ordinal_excluding_clipped_repeats"":5},""visual_tags"":[""construct"",""armored""],""visual_inference_status"":""inferred_from_art_and_name"",""gameplay_class_candidates"":[""rng"",""swordsmen""],""sourced_class_memberships"":[],""gameplay_classes_verified"":true,""availability"":{""player_use"":""available"",""opponent_use"":""training_dummy_available"",""basis"":""screenshot_brightness_inference"",""confidence"":""medium"",""as_of"":""2026-09-26"",""requires_confirmation_for_test_setup"":true}}",29
30,Mist Spirit,550000,550000,4,4,1,1,"[""Era 1""]",[],"{""name"":{""file"":""Cards-2.xml"",""xml_path"":""/project[1]/scenes[1]/scene[1]/variables[1]/variable[1]"",""snap_value_id"":""34123"",""variable"":""Cards"",""item_1"":30},""rarity"":{""file"":""Cards-2.xml"",""xml_path"":""/project[1]/scenes[1]/scene[1]/variables[1]/variable[19]"",""snap_value_id"":""34147"",""variable"":""Card Rarities"",""item_1"":30},""weather"":{""file"":""data-10.csv"",""record_1"":1,""column_1"":30},""card_modifier"":{""file"":""data-9.csv"",""record_1"":1,""column_1"":30}}",1,user_verified,"{""card_id"":30,""name"":""Mist Spirit"",""pack_id"":1,""pack"":""Era 1"",""screenshot"":{""file"":""user_2026-09-27/Screenshot 2026-09-26 at 6.30.31 PM.png"",""image_number"":2,""card_ordinal_excluding_clipped_repeats"":6},""visual_tags"":[""spirit"",""hooded""],""visual_inference_status"":""inferred_from_art_and_name"",""gameplay_class_candidates"":[],""sourced_class_memberships"":[],""gameplay_classes_verified"":true,""availability"":{""player_use"":""available"",""opponent_use"":""training_dummy_available"",""basis"":""screenshot_brightness_inference"",""confidence"":""medium"",""as_of"":""2026-09-26"",""requires_confirmation_for_test_setup"":true}}",30
31,Phoenix,555555,555555,1,1,1,1,"[""Era 1""]","[""avian"",""rng""]","{""name"":{""file"":""Cards-2.xml"",""xml_path"":""/project[1]/scenes[1]/scene[1]/variables[1]/variable[1]"",""snap_value_id"":""34123"",""variable"":""Cards"",""item_1"":31},""rarity"":{""file"":""Cards-2.xml"",""xml_path"":""/project[1]/scenes[1]/scene[1]/variables[1]/variable[19]"",""snap_value_id"":""34147"",""variable"":""Card Rarities"",""item_1"":31},""weather"":{""file"":""data-10.csv"",""record_1"":1,""column_1"":31},""card_modifier"":{""file"":""data-9.csv"",""record_1"":1,""column_1"":31}}",1,user_verified,"{""card_id"":31,""name"":""Phoenix"",""pack_id"":1,""pack"":""Era 1"",""screenshot"":{""file"":""user_2026-09-27/Screenshot 2026-09-26 at 6.30.31 PM.png"",""image_number"":2,""card_ordinal_excluding_clipped_repeats"":7},""visual_tags"":[""avian"",""fire""],""visual_inference_status"":""inferred_from_art_and_name"",""gameplay_class_candidates"":[""avian"",""rng""],""sourced_class_memberships"":[{""card_id"":31,""class_name"":""avian"",""source_url"":""https://card-rng.fandom.com/wiki/Phoenix"",""evidence_summary"":""The card page explicitly carries the Avians category."",""status"":""wiki_supported_unverified_current""},{""card_id"":31,""class_name"":""rng"",""source_url"":""https://card-rng.fandom.com/wiki/Phoenix"",""evidence_summary"":""The card page explicitly carries the RNG Cards category."",""status"":""wiki_supported_unverified_current""}],""gameplay_classes_verified"":true,""availability"":{""player_use"":""available"",""opponent_use"":""training_dummy_available"",""basis"":""screenshot_brightness_inference"",""confidence"":""medium"",""as_of"":""2026-09-26"",""requires_confirmation_for_test_setup"":true}}",31
32,Hoarfrost Phoenix,555555,555555,3,3,1,1,"[""Era 1""]","[""avian"",""rng""]","{""name"":{""file"":""Cards-2.xml"",""xml_path"":""/project[1]/scenes[1]/scene[1]/variables[1]/variable[1]"",""snap_value_id"":""34123"",""variable"":""Cards"",""item_1"":32},""rarity"":{""file"":""Cards-2.xml"",""xml_path"":""/project[1]/scenes[1]/scene[1]/variables[1]/variable[19]"",""snap_value_id"":""34147"",""variable"":""Card Rarities"",""item_1"":32},""weather"":{""file"":""data-10.csv"",""record_1"":1,""column_1"":32},""card_modifier"":{""file"":""data-9.csv"",""record_1"":1,""column_1"":32}}",1,user_verified,"{""card_id"":32,""name"":""Hoarfrost Phoenix"",""pack_id"":1,""pack"":""Era 1"",""screenshot"":{""file"":""user_2026-09-27/Screenshot 2026-09-26 at 6.30.31 PM.png"",""image_number"":2,""card_ordinal_excluding_clipped_repeats"":8},""visual_tags"":[""avian"",""ice""],""visual_inference_status"":""inferred_from_art_and_name"",""gameplay_class_candidates"":[""avian"",""rng""],""sourced_class_memberships"":[],""gameplay_classes_verified"":true,""availability"":{""player_use"":""available"",""opponent_use"":""training_dummy_available"",""basis"":""screenshot_brightness_inference"",""confidence"":""medium"",""as_of"":""2026-09-26"",""requires_confirmation_for_test_setup"":true}}",32
33,Hell's Army,1000000,1000000,6,6,1.333333,1.333333,"[""Era 1""]","[""demon"",""swordsmen""]","{""name"":{""file"":""Cards-2.xml"",""xml_path"":""/project[1]/scenes[1]/scene[1]/variables[1]/variable[1]"",""snap_value_id"":""34123"",""variable"":""Cards"",""item_1"":33},""rarity"":{""file"":""Cards-2.xml"",""xml_path"":""/project[1]/scenes[1]/scene[1]/variables[1]/variable[19]"",""snap_value_id"":""34147"",""variable"":""Card Rarities"",""item_1"":33},""weather"":{""file"":""data-10.csv"",""record_1"":1,""column_1"":33},""card_modifier"":{""file"":""data-9.csv"",""record_1"":1,""column_1"":33}}",1,user_verified,"{""card_id"":33,""name"":""Hell's Army"",""pack_id"":1,""pack"":""Era 1"",""screenshot"":{""file"":""user_2026-09-27/Screenshot 2026-09-26 at 6.30.31 PM.png"",""image_number"":2,""card_ordinal_excluding_clipped_repeats"":9},""visual_tags"":[""humanlike"",""demon""],""visual_inference_status"":""inferred_from_art_and_name"",""gameplay_class_candidates"":[""demon"",""swordsmen""],""sourced_class_memberships"":[],""gameplay_classes_verified"":true,""availability"":{""player_use"":""available"",""opponent_use"":""training_dummy_available"",""basis"":""screenshot_brightness_inference"",""confidence"":""medium"",""as_of"":""2026-09-26"",""requires_confirmation_for_test_setup"":true}}",33
34,Zeus,1000000,1000000,2,2,1,1,"[""Era 1""]",[],"{""name"":{""file"":""Cards-2.xml"",""xml_path"":""/project[1]/scenes[1]/scene[1]/variables[1]/variable[1]"",""snap_value_id"":""34123"",""variable"":""Cards"",""item_1"":34},""rarity"":{""file"":""Cards-2.xml"",""xml_path"":""/project[1]/scenes[1]/scene[1]/variables[1]/variable[19]"",""snap_value_id"":""34147"",""variable"":""Card Rarities"",""item_1"":34},""weather"":{""file"":""data-10.csv"",""record_1"":1,""column_1"":34},""card_modifier"":{""file"":""data-9.csv"",""record_1"":1,""column_1"":34}}",1,user_verified,"{""card_id"":34,""name"":""Zeus"",""pack_id"":1,""pack"":""Era 1"",""screenshot"":{""file"":""user_2026-09-27/Screenshot 2026-09-26 at 6.30.31 PM.png"",""image_number"":2,""card_ordinal_excluding_clipped_repeats"":10},""visual_tags"":[""humanlike"",""divine""],""visual_inference_status"":""inferred_from_art_and_name"",""gameplay_class_candidates"":[],""sourced_class_memberships"":[],""gameplay_classes_verified"":true,""availability"":{""player_use"":""available"",""opponent_use"":""training_dummy_available"",""basis"":""screenshot_brightness_inference"",""confidence"":""medium"",""as_of"":""2026-09-26"",""requires_confirmation_for_test_setup"":true}}",34
35,Pegasus,1000000,1000000,7,7,1,1,"[""Era 1""]",[],"{""name"":{""file"":""Cards-2.xml"",""xml_path"":""/project[1]/scenes[1]/scene[1]/variables[1]/variable[1]"",""snap_value_id"":""34123"",""variable"":""Cards"",""item_1"":35},""rarity"":{""file"":""Cards-2.xml"",""xml_path"":""/project[1]/scenes[1]/scene[1]/variables[1]/variable[19]"",""snap_value_id"":""34147"",""variable"":""Card Rarities"",""item_1"":35},""weather"":{""file"":""data-10.csv"",""record_1"":1,""column_1"":35},""card_modifier"":{""file"":""data-9.csv"",""record_1"":1,""column_1"":35}}",1,user_verified,"{""card_id"":35,""name"":""Pegasus"",""pack_id"":1,""pack"":""Era 1"",""screenshot"":{""file"":""user_2026-09-27/Screenshot 2026-09-26 at 6.30.31 PM.png"",""image_number"":2,""card_ordinal_excluding_clipped_repeats"":11},""visual_tags"":[""equine"",""winged""],""visual_inference_status"":""inferred_from_art_and_name"",""gameplay_class_candidates"":[],""sourced_class_memberships"":[],""gameplay_classes_verified"":true,""availability"":{""player_use"":""available"",""opponent_use"":""training_dummy_available"",""basis"":""screenshot_brightness_inference"",""confidence"":""medium"",""as_of"":""2026-09-26"",""requires_confirmation_for_test_setup"":true}}",35
36,Bad Boys,1000000,1000000,1,1,1,1,"[""Era 1""]",[],"{""name"":{""file"":""Cards-2.xml"",""xml_path"":""/project[1]/scenes[1]/scene[1]/variables[1]/variable[1]"",""snap_value_id"":""34123"",""variable"":""Cards"",""item_1"":36},""rarity"":{""file"":""Cards-2.xml"",""xml_path"":""/project[1]/scenes[1]/scene[1]/variables[1]/variable[19]"",""snap_value_id"":""34147"",""variable"":""Card Rarities"",""item_1"":36},""weather"":{""file"":""../../card_engine/data_corrections.py"",""evidence"":""user stat/weather corrections and all-Bosses clarification, 2026-09-28""},""card_modifier"":{""file"":""data-9.csv"",""record_1"":1,""column_1"":36}}",1,user_verified,"{""card_id"":36,""name"":""Bad Boys"",""pack_id"":1,""pack"":""Era 1"",""screenshot"":{""file"":""user_2026-09-27/Screenshot 2026-09-26 at 6.30.31 PM.png"",""image_number"":2,""card_ordinal_excluding_clipped_repeats"":12},""visual_tags"":[""spirit"",""group""],""visual_inference_status"":""inferred_from_art_and_name"",""gameplay_class_candidates"":[],""sourced_class_memberships"":[],""gameplay_classes_verified"":true,""availability"":{""player_use"":""available"",""opponent_use"":""training_dummy_available"",""basis"":""screenshot_brightness_inference"",""confidence"":""medium"",""as_of"":""2026-09-26"",""requires_confirmation_for_test_setup"":true}}",36
37,Pandora,1000000,1000000,9,9,1,1,"[""Era 1""]","[""rng""]","{""name"":{""file"":""Cards-2.xml"",""xml_path"":""/project[1]/scenes[1]/scene[1]/variables[1]/variable[1]"",""snap_value_id"":""34123"",""variable"":""Cards"",""item_1"":37},""rarity"":{""file"":""Cards-2.xml"",""xml_path"":""/project[1]/scenes[1]/scene[1]/variables[1]/variable[19]"",""snap_value_id"":""34147"",""variable"":""Card Rarities"",""item_1"":37},""weather"":{""file"":""../../card_engine/data_corrections.py"",""evidence"":""user stat/weather corrections and all-Bosses clarification, 2026-09-28""},""card_modifier"":{""file"":""data-9.csv"",""record_1"":1,""column_1"":37}}",1,user_verified,"{""card_id"":37,""name"":""Pandora"",""pack_id"":1,""pack"":""Era 1"",""screenshot"":{""file"":""user_2026-09-27/Screenshot 2026-09-26 at 6.30.31 PM.png"",""image_number"":2,""card_ordinal_excluding_clipped_repeats"":13},""visual_tags"":[""humanlike""],""visual_inference_status"":""inferred_from_art_and_name"",""gameplay_class_candidates"":[""rng""],""sourced_class_memberships"":[{""card_id"":37,""class_name"":""rng"",""source_url"":""https://card-rng.fandom.com/wiki/Pandora"",""evidence_summary"":""Trivia explicitly identifies Pandora as RNG-based for Black Cat bonus damage."",""status"":""wiki_supported_unverified_current""}],""gameplay_classes_verified"":true,""availability"":{""player_use"":""available"",""opponent_use"":""training_dummy_available"",""basis"":""screenshot_brightness_inference"",""confidence"":""medium"",""as_of"":""2026-09-26"",""requires_confirmation_for_test_setup"":true}}",37
38,Heaven's Armor,1000000,1000000,6,6,1.333333,1.333333,"[""Era 1""]",[],"{""name"":{""file"":""Cards-2.xml"",""xml_path"":""/project[1]/scenes[1]/scene[1]/variables[1]/variable[1]"",""snap_value_id"":""34123"",""variable"":""Cards"",""item_1"":38},""rarity"":{""file"":""Cards-2.xml"",""xml_path"":""/project[1]/scenes[1]/scene[1]/variables[1]/variable[19]"",""snap_value_id"":""34147"",""variable"":""Card Rarities"",""item_1"":38},""weather"":{""file"":""data-10.csv"",""record_1"":1,""column_1"":38},""card_modifier"":{""file"":""data-9.csv"",""record_1"":1,""column_1"":38}}",1,user_verified,"{""card_id"":38,""name"":""Heaven's Armor"",""pack_id"":1,""pack"":""Era 1"",""screenshot"":{""file"":""user_2026-09-27/Screenshot 2026-09-26 at 6.30.31 PM.png"",""image_number"":2,""card_ordinal_excluding_clipped_repeats"":14},""visual_tags"":[""armored"",""divine""],""visual_inference_status"":""inferred_from_art_and_name"",""gameplay_class_candidates"":[],""sourced_class_memberships"":[],""gameplay_classes_verified"":true,""availability"":{""player_use"":""available"",""opponent_use"":""training_dummy_available"",""basis"":""screenshot_brightness_inference"",""confidence"":""medium"",""as_of"":""2026-09-26"",""requires_confirmation_for_test_setup"":true}}",38
39,Jamiy the Bald One,1000000,1000000,1,1,1,1,"[""Era 1""]",[],"{""name"":{""file"":""Cards-2.xml"",""xml_path"":""/project[1]/scenes[1]/scene[1]/variables[1]/variable[1]"",""snap_value_id"":""34123"",""variable"":""Cards"",""item_1"":39},""rarity"":{""file"":""Cards-2.xml"",""xml_path"":""/project[1]/scenes[1]/scene[1]/variables[1]/variable[19]"",""snap_value_id"":""34147"",""variable"":""Card Rarities"",""item_1"":39},""weather"":{""file"":""data-10.csv"",""record_1"":1,""column_1"":39},""card_modifier"":{""file"":""data-9.csv"",""record_1"":1,""column_1"":39}}",1,user_verified,"{""card_id"":39,""name"":""Jamiy the Bald One"",""pack_id"":1,""pack"":""Era 1"",""screenshot"":{""file"":""user_2026-09-27/Screenshot 2026-09-26 at 6.30.31 PM.png"",""image_number"":2,""card_ordinal_excluding_clipped_repeats"":15},""visual_tags"":[""humanlike"",""armored""],""visual_inference_status"":""inferred_from_art_and_name"",""gameplay_class_candidates"":[],""sourced_class_memberships"":[],""gameplay_classes_verified"":true,""availability"":{""player_use"":""available"",""opponent_use"":""training_dummy_available"",""basis"":""screenshot_brightness_inference"",""confidence"":""medium"",""as_of"":""2026-09-26"",""requires_confirmation_for_test_setup"":true}}",39
40,ToadBoiGaming,1200000,1200000,1,1,1,1,"[""Era 1""]","[""rng""]","{""name"":{""file"":""Cards-2.xml"",""xml_path"":""/project[1]/scenes[1]/scene[1]/variables[1]/variable[1]"",""snap_value_id"":""34123"",""variable"":""Cards"",""item_1"":40},""rarity"":{""file"":""Cards-2.xml"",""xml_path"":""/project[1]/scenes[1]/scene[1]/variables[1]/variable[19]"",""snap_value_id"":""34147"",""variable"":""Card Rarities"",""item_1"":40},""weather"":{""file"":""data-10.csv"",""record_1"":1,""column_1"":40},""card_modifier"":{""file"":""data-9.csv"",""record_1"":1,""column_1"":40}}",1,user_verified,"{""card_id"":40,""name"":""ToadBoiGaming"",""pack_id"":1,""pack"":""Era 1"",""screenshot"":{""file"":""user_2026-09-27/Screenshot 2026-09-26 at 6.30.31 PM.png"",""image_number"":2,""card_ordinal_excluding_clipped_repeats"":16},""visual_tags"":[""humanoid"",""fungal""],""visual_inference_status"":""inferred_from_art_and_name"",""gameplay_class_candidates"":[""rng""],""sourced_class_memberships"":[],""gameplay_classes_verified"":true,""availability"":{""player_use"":""available"",""opponent_use"":""training_dummy_available"",""basis"":""screenshot_brightness_inference"",""confidence"":""medium"",""as_of"":""2026-09-26"",""requires_confirmation_for_test_setup"":true}}",40
41,Boreas,1500000,1500000,5,5,1,1,"[""Era 1""]",[],"{""name"":{""file"":""Cards-2.xml"",""xml_path"":""/project[1]/scenes[1]/scene[1]/variables[1]/variable[1]"",""snap_value_id"":""34123"",""variable"":""Cards"",""item_1"":41},""rarity"":{""file"":""Cards-2.xml"",""xml_path"":""/project[1]/scenes[1]/scene[1]/variables[1]/variable[19]"",""snap_value_id"":""34147"",""variable"":""Card Rarities"",""item_1"":41},""weather"":{""file"":""data-10.csv"",""record_1"":1,""column_1"":41},""card_modifier"":{""file"":""data-9.csv"",""record_1"":1,""column_1"":41}}",1,user_verified,"{""card_id"":41,""name"":""Boreas"",""pack_id"":1,""pack"":""Era 1"",""screenshot"":{""file"":""user_2026-09-27/Screenshot 2026-09-26 at 6.30.31 PM.png"",""image_number"":2,""card_ordinal_excluding_clipped_repeats"":17},""visual_tags"":[""humanlike"",""spirit""],""visual_inference_status"":""inferred_from_art_and_name"",""gameplay_class_candidates"":[],""sourced_class_memberships"":[],""gameplay_classes_verified"":true,""availability"":{""player_use"":""available"",""opponent_use"":""training_dummy_available"",""basis"":""screenshot_brightness_inference"",""confidence"":""medium"",""as_of"":""2026-09-26"",""requires_confirmation_for_test_setup"":true}}",41
42,Thor,2000000,2000000,12,12,1,1,"[""Era 1""]",[],"{""name"":{""file"":""Cards-2.xml"",""xml_path"":""/project[1]/scenes[1]/scene[1]/variables[1]/variable[1]"",""snap_value_id"":""34123"",""variable"":""Cards"",""item_1"":42},""rarity"":{""file"":""Cards-2.xml"",""xml_path"":""/project[1]/scenes[1]/scene[1]/variables[1]/variable[19]"",""snap_value_id"":""34147"",""variable"":""Card Rarities"",""item_1"":42},""weather"":{""file"":""data-10.csv"",""record_1"":1,""column_1"":42},""card_modifier"":{""file"":""data-9.csv"",""record_1"":1,""column_1"":42}}",1,user_verified,"{""card_id"":42,""name"":""Thor"",""pack_id"":1,""pack"":""Era 1"",""screenshot"":{""file"":""user_2026-09-27/Screenshot 2026-09-26 at 6.30.31 PM.png"",""image_number"":2,""card_ordinal_excluding_clipped_repeats"":18},""visual_tags"":[""humanlike"",""warrior""],""visual_inference_status"":""inferred_from_art_and_name"",""gameplay_class_candidates"":[],""sourced_class_memberships"":[],""gameplay_classes_verified"":true,""availability"":{""player_use"":""available"",""opponent_use"":""training_dummy_available"",""basis"":""screenshot_brightness_inference"",""confidence"":""medium"",""as_of"":""2026-09-26"",""requires_confirmation_for_test_setup"":true}}",42
43,Loki,2000000,2000000,12,12,1,1,"[""Era 1""]",[],"{""name"":{""file"":""Cards-2.xml"",""xml_path"":""/project[1]/scenes[1]/scene[1]/variables[1]/variable[1]"",""snap_value_id"":""34123"",""variable"":""Cards"",""item_1"":43},""rarity"":{""file"":""Cards-2.xml"",""xml_path"":""/project[1]/scenes[1]/scene[1]/variables[1]/variable[19]"",""snap_value_id"":""34147"",""variable"":""Card Rarities"",""item_1"":43},""weather"":{""file"":""data-10.csv"",""record_1"":1,""column_1"":43},""card_modifier"":{""file"":""data-9.csv"",""record_1"":1,""column_1"":43}}",1,user_verified,"{""card_id"":43,""name"":""Loki"",""pack_id"":1,""pack"":""Era 1"",""screenshot"":{""file"":""user_2026-09-27/Screenshot 2026-09-26 at 6.30.31 PM.png"",""image_number"":2,""card_ordinal_excluding_clipped_repeats"":19},""visual_tags"":[""humanlike"",""horned""],""visual_inference_status"":""inferred_from_art_and_name"",""gameplay_class_candidates"":[],""sourced_class_memberships"":[],""gameplay_classes_verified"":true,""availability"":{""player_use"":""available"",""opponent_use"":""training_dummy_available"",""basis"":""screenshot_brightness_inference"",""confidence"":""medium"",""as_of"":""2026-09-26"",""requires_confirmation_for_test_setup"":true}}",43
44,Poseidon,3000000,3000000,1,1,1,1,"[""Era 1""]",[],"{""name"":{""file"":""Cards-2.xml"",""xml_path"":""/project[1]/scenes[1]/scene[1]/variables[1]/variable[1]"",""snap_value_id"":""34123"",""variable"":""Cards"",""item_1"":44},""rarity"":{""file"":""Cards-2.xml"",""xml_path"":""/project[1]/scenes[1]/scene[1]/variables[1]/variable[19]"",""snap_value_id"":""34147"",""variable"":""Card Rarities"",""item_1"":44},""weather"":{""file"":""data-10.csv"",""record_1"":1,""column_1"":44},""card_modifier"":{""file"":""data-9.csv"",""record_1"":1,""column_1"":44}}",1,user_verified,"{""card_id"":44,""name"":""Poseidon"",""pack_id"":1,""pack"":""Era 1"",""screenshot"":{""file"":""user_2026-09-27/Screenshot 2026-09-26 at 6.30.31 PM.png"",""image_number"":2,""card_ordinal_excluding_clipped_repeats"":20},""visual_tags"":[""humanlike"",""divine""],""visual_inference_status"":""inferred_from_art_and_name"",""gameplay_class_candidates"":[],""sourced_class_memberships"":[],""gameplay_classes_verified"":true,""availability"":{""player_use"":""available"",""opponent_use"":""training_dummy_available"",""basis"":""screenshot_brightness_inference"",""confidence"":""medium"",""as_of"":""2026-09-26"",""requires_confirmation_for_test_setup"":true}}",44
45,Limitless Rivals,3500000,3500000,13,13,1,1,"[""Era 1""]",[],"{""name"":{""file"":""Cards-2.xml"",""xml_path"":""/project[1]/scenes[1]/scene[1]/variables[1]/variable[1]"",""snap_value_id"":""34123"",""variable"":""Cards"",""item_1"":45},""rarity"":{""file"":""Cards-2.xml"",""xml_path"":""/project[1]/scenes[1]/scene[1]/variables[1]/variable[19]"",""snap_value_id"":""34147"",""variable"":""Card Rarities"",""item_1"":45},""weather"":{""file"":""data-10.csv"",""record_1"":1,""column_1"":45},""card_modifier"":{""file"":""data-9.csv"",""record_1"":1,""column_1"":45}}",1,user_verified,"{""card_id"":45,""name"":""Limitless Rivals"",""pack_id"":1,""pack"":""Era 1"",""screenshot"":{""file"":""user_2026-09-27/Screenshot 2026-09-26 at 6.30.31 PM.png"",""image_number"":2,""card_ordinal_excluding_clipped_repeats"":21},""visual_tags"":[""abstract""],""visual_inference_status"":""inferred_from_art_and_name"",""gameplay_class_candidates"":[],""sourced_class_memberships"":[],""gameplay_classes_verified"":true,""availability"":{""player_use"":""available"",""opponent_use"":""training_dummy_available"",""basis"":""screenshot_brightness_inference"",""confidence"":""medium"",""as_of"":""2026-09-26"",""requires_confirmation_for_test_setup"":true}}",45
46,Vicious,5000000,5000000,10,10,1,1,"[""Era 1""]","[""demon""]","{""name"":{""file"":""Cards-2.xml"",""xml_path"":""/project[1]/scenes[1]/scene[1]/variables[1]/variable[1]"",""snap_value_id"":""34123"",""variable"":""Cards"",""item_1"":46},""rarity"":{""file"":""Cards-2.xml"",""xml_path"":""/project[1]/scenes[1]/scene[1]/variables[1]/variable[19]"",""snap_value_id"":""34147"",""variable"":""Card Rarities"",""item_1"":46},""weather"":{""file"":""data-10.csv"",""record_1"":1,""column_1"":46},""card_modifier"":{""file"":""data-9.csv"",""record_1"":1,""column_1"":46}}",1,user_verified,"{""card_id"":46,""name"":""Vicious"",""pack_id"":1,""pack"":""Era 1"",""screenshot"":{""file"":""user_2026-09-27/Screenshot 2026-09-26 at 6.30.31 PM.png"",""image_number"":2,""card_ordinal_excluding_clipped_repeats"":22},""visual_tags"":[""spirit""],""visual_inference_status"":""inferred_from_art_and_name"",""gameplay_class_candidates"":[""demon""],""sourced_class_memberships"":[],""gameplay_classes_verified"":true,""availability"":{""player_use"":""available"",""opponent_use"":""training_dummy_available"",""basis"":""screenshot_brightness_inference"",""confidence"":""medium"",""as_of"":""2026-09-26"",""requires_confirmation_for_test_setup"":true}}",46
47,Typhon,5000000,5000000,8,8,1,1,"[""Era 1""]","[""dragon""]","{""name"":{""file"":""Cards-2.xml"",""xml_path"":""/project[1]/scenes[1]/scene[1]/variables[1]/variable[1]"",""snap_value_id"":""34123"",""variable"":""Cards"",""item_1"":47},""rarity"":{""file"":""Cards-2.xml"",""xml_path"":""/project[1]/scenes[1]/scene[1]/variables[1]/variable[19]"",""snap_value_id"":""34147"",""variable"":""Card Rarities"",""item_1"":47},""weather"":{""file"":""data-10.csv"",""record_1"":1,""column_1"":47},""card_modifier"":{""file"":""data-9.csv"",""record_1"":1,""column_1"":47}}",1,user_verified,"{""card_id"":47,""name"":""Typhon"",""pack_id"":1,""pack"":""Era 1"",""screenshot"":{""file"":""user_2026-09-27/Screenshot 2026-09-26 at 6.30.31 PM.png"",""image_number"":2,""card_ordinal_excluding_clipped_repeats"":23},""visual_tags"":[""dragon"",""armored""],""visual_inference_status"":""inferred_from_art_and_name"",""gameplay_class_candidates"":[""dragon""],""sourced_class_memberships"":[],""gameplay_classes_verified"":true,""availability"":{""player_use"":""available"",""opponent_use"":""training_dummy_available"",""basis"":""screenshot_brightness_inference"",""confidence"":""medium"",""as_of"":""2026-09-26"",""requires_confirmation_for_test_setup"":true}}",47
48,The Curse,6660666,6660666,13,13,1,1,"[""Era 1""]","[""demon""]","{""name"":{""file"":""Cards-2.xml"",""xml_path"":""/project[1]/scenes[1]/scene[1]/variables[1]/variable[1]"",""snap_value_id"":""34123"",""variable"":""Cards"",""item_1"":48},""rarity"":{""file"":""../../card_engine/data_corrections.py"",""evidence"":""DaddyDrago's engine card data, user: more accurate than ours, 2026-10-03""},""weather"":{""file"":""data-10.csv"",""record_1"":1,""column_1"":48},""card_modifier"":{""file"":""data-9.csv"",""record_1"":1,""column_1"":48}}",1,user_verified,"{""card_id"":48,""name"":""The Curse"",""pack_id"":1,""pack"":""Era 1"",""screenshot"":{""file"":""user_2026-09-27/Screenshot 2026-09-26 at 6.30.31 PM.png"",""image_number"":2,""card_ordinal_excluding_clipped_repeats"":24},""visual_tags"":[""humanlike"",""demon""],""visual_inference_status"":""inferred_from_art_and_name"",""gameplay_class_candidates"":[""demon""],""sourced_class_memberships"":[],""gameplay_classes_verified"":true,""availability"":{""player_use"":""available"",""opponent_use"":""training_dummy_available"",""basis"":""screenshot_brightness_inference"",""confidence"":""medium"",""as_of"":""2026-09-26"",""requires_confirmation_for_test_setup"":true}}",48
49,Hades,6666666,6666666,1,1,1,1,"[""Era 1""]","[""undead""]","{""name"":{""file"":""Cards-2.xml"",""xml_path"":""/project[1]/scenes[1]/scene[1]/variables[1]/variable[1]"",""snap_value_id"":""34123"",""variable"":""Cards"",""item_1"":49},""rarity"":{""file"":""Cards-2.xml"",""xml_path"":""/project[1]/scenes[1]/scene[1]/variables[1]/variable[19]"",""snap_value_id"":""34147"",""variable"":""Card Rarities"",""item_1"":49},""weather"":{""file"":""data-10.csv"",""record_1"":1,""column_1"":49},""card_modifier"":{""file"":""data-9.csv"",""record_1"":1,""column_1"":49}}",1,user_verified,"{""card_id"":49,""name"":""Hades"",""pack_id"":1,""pack"":""Era 1"",""screenshot"":{""file"":""user_2026-09-27/Screenshot 2026-09-26 at 6.30.52 PM.png"",""image_number"":3,""card_ordinal_excluding_clipped_repeats"":1},""visual_tags"":[""humanlike"",""divine""],""visual_inference_status"":""inferred_from_art_and_name"",""gameplay_class_candidates"":[""undead""],""sourced_class_memberships"":[{""card_id"":49,""class_name"":""undead"",""source_url"":""https://card-rng.fandom.com/wiki/Hades"",""evidence_summary"":""The card page explicitly carries the Undead category."",""status"":""wiki_supported_unverified_current""}],""gameplay_classes_verified"":true,""availability"":{""player_use"":""available"",""opponent_use"":""training_dummy_available"",""basis"":""screenshot_brightness_inference"",""confidence"":""medium"",""as_of"":""2026-09-26"",""requires_confirmation_for_test_setup"":true}}",49
50,Judgement Day,7777777,7777777,6,6,1,1,"[""Era 1""]","[""rng""]","{""name"":{""file"":""Cards-2.xml"",""xml_path"":""/project[1]/scenes[1]/scene[1]/variables[1]/variable[1]"",""snap_value_id"":""34123"",""variable"":""Cards"",""item_1"":50},""rarity"":{""file"":""Cards-2.xml"",""xml_path"":""/project[1]/scenes[1]/scene[1]/variables[1]/variable[19]"",""snap_value_id"":""34147"",""variable"":""Card Rarities"",""item_1"":50},""weather"":{""file"":""data-10.csv"",""record_1"":1,""column_1"":50},""card_modifier"":{""file"":""data-9.csv"",""record_1"":1,""column_1"":50}}",1,user_verified,"{""card_id"":50,""name"":""Judgement Day"",""pack_id"":1,""pack"":""Era 1"",""screenshot"":{""file"":""user_2026-09-27/Screenshot 2026-09-26 at 6.30.52 PM.png"",""image_number"":3,""card_ordinal_excluding_clipped_repeats"":2},""visual_tags"":[""divine"",""winged""],""visual_inference_status"":""inferred_from_art_and_name"",""gameplay_class_candidates"":[""rng""],""sourced_class_memberships"":[],""gameplay_classes_verified"":true,""availability"":{""player_use"":""available"",""opponent_use"":""training_dummy_available"",""basis"":""screenshot_brightness_inference"",""confidence"":""medium"",""as_of"":""2026-09-26"",""requires_confirmation_for_test_setup"":true}}",50
51,Odin,7777777,7777777,12,12,1,1,"[""Era 1""]",[],"{""name"":{""file"":""Cards-2.xml"",""xml_path"":""/project[1]/scenes[1]/scene[1]/variables[1]/variable[1]"",""snap_value_id"":""34123"",""variable"":""Cards"",""item_1"":51},""rarity"":{""file"":""Cards-2.xml"",""xml_path"":""/project[1]/scenes[1]/scene[1]/variables[1]/variable[19]"",""snap_value_id"":""34147"",""variable"":""Card Rarities"",""item_1"":51},""weather"":{""file"":""data-10.csv"",""record_1"":1,""column_1"":51},""card_modifier"":{""file"":""data-9.csv"",""record_1"":1,""column_1"":51}}",1,user_verified,"{""card_id"":51,""name"":""Odin"",""pack_id"":1,""pack"":""Era 1"",""screenshot"":{""file"":""user_2026-09-27/Screenshot 2026-09-26 at 6.30.52 PM.png"",""image_number"":3,""card_ordinal_excluding_clipped_repeats"":3},""visual_tags"":[""humanlike"",""divine""],""visual_inference_status"":""inferred_from_art_and_name"",""gameplay_class_candidates"":[],""sourced_class_memberships"":[],""gameplay_classes_verified"":true,""availability"":{""player_use"":""available"",""opponent_use"":""training_dummy_available"",""basis"":""screenshot_brightness_inference"",""confidence"":""medium"",""as_of"":""2026-09-26"",""requires_confirmation_for_test_setup"":true}}",51
52,Black Plague,10000000,10000000,10,10,1,1,"[""Era 1""]",[],"{""name"":{""file"":""Cards-2.xml"",""xml_path"":""/project[1]/scenes[1]/scene[1]/variables[1]/variable[1]"",""snap_value_id"":""34123"",""variable"":""Cards"",""item_1"":52},""rarity"":{""file"":""Cards-2.xml"",""xml_path"":""/project[1]/scenes[1]/scene[1]/variables[1]/variable[19]"",""snap_value_id"":""34147"",""variable"":""Card Rarities"",""item_1"":52},""weather"":{""file"":""data-10.csv"",""record_1"":1,""column_1"":52},""card_modifier"":{""file"":""data-9.csv"",""record_1"":1,""column_1"":52}}",1,user_verified,"{""card_id"":52,""name"":""Black Plague"",""pack_id"":1,""pack"":""Era 1"",""screenshot"":{""file"":""user_2026-09-27/Screenshot 2026-09-26 at 6.30.52 PM.png"",""image_number"":3,""card_ordinal_excluding_clipped_repeats"":4},""visual_tags"":[""humanoid"",""plant""],""visual_inference_status"":""inferred_from_art_and_name"",""gameplay_class_candidates"":[],""sourced_class_memberships"":[],""gameplay_classes_verified"":true,""availability"":{""player_use"":""available"",""opponent_use"":""training_dummy_available"",""basis"":""screenshot_brightness_inference"",""confidence"":""medium"",""as_of"":""2026-09-26"",""requires_confirmation_for_test_setup"":true}}",52
53,Chaos,10000000,10000000,9,9,1,1,"[""Era 1""]","[""rng""]","{""name"":{""file"":""Cards-2.xml"",""xml_path"":""/project[1]/scenes[1]/scene[1]/variables[1]/variable[1]"",""snap_value_id"":""34123"",""variable"":""Cards"",""item_1"":53},""rarity"":{""file"":""Cards-2.xml"",""xml_path"":""/project[1]/scenes[1]/scene[1]/variables[1]/variable[19]"",""snap_value_id"":""34147"",""variable"":""Card Rarities"",""item_1"":53},""weather"":{""file"":""data-10.csv"",""record_1"":1,""column_1"":53},""card_modifier"":{""file"":""data-9.csv"",""record_1"":1,""column_1"":53}}",1,user_verified,"{""card_id"":53,""name"":""Chaos"",""pack_id"":1,""pack"":""Era 1"",""screenshot"":{""file"":""user_2026-09-27/Screenshot 2026-09-26 at 6.30.52 PM.png"",""image_number"":3,""card_ordinal_excluding_clipped_repeats"":5},""visual_tags"":[""humanoid"",""antlered""],""visual_inference_status"":""inferred_from_art_and_name"",""gameplay_class_candidates"":[""rng""],""sourced_class_memberships"":[],""gameplay_classes_verified"":true,""availability"":{""player_use"":""available"",""opponent_use"":""training_dummy_available"",""basis"":""screenshot_brightness_inference"",""confidence"":""medium"",""as_of"":""2026-09-26"",""requires_confirmation_for_test_setup"":true}}",53
54,Deus Ex,10000000,10000000,1,1,1,1,"[""Era 1""]",[],"{""name"":{""file"":""Cards-2.xml"",""xml_path"":""/project[1]/scenes[1]/scene[1]/variables[1]/variable[1]"",""snap_value_id"":""34123"",""variable"":""Cards"",""item_1"":54},""rarity"":{""file"":""Cards-2.xml"",""xml_path"":""/project[1]/scenes[1]/scene[1]/variables[1]/variable[19]"",""snap_value_id"":""34147"",""variable"":""Card Rarities"",""item_1"":54},""weather"":{""file"":""data-10.csv"",""record_1"":1,""column_1"":54},""card_modifier"":{""file"":""data-9.csv"",""record_1"":1,""column_1"":54}}",1,user_verified,"{""card_id"":54,""name"":""Deus Ex"",""pack_id"":1,""pack"":""Era 1"",""screenshot"":{""file"":""user_2026-09-27/Screenshot 2026-09-26 at 6.30.52 PM.png"",""image_number"":3,""card_ordinal_excluding_clipped_repeats"":6},""visual_tags"":[""humanlike"",""hooded""],""visual_inference_status"":""inferred_from_art_and_name"",""gameplay_class_candidates"":[],""sourced_class_memberships"":[],""gameplay_classes_verified"":true,""availability"":{""player_use"":""available"",""opponent_use"":""training_dummy_available"",""basis"":""screenshot_brightness_inference"",""confidence"":""medium"",""as_of"":""2026-09-26"",""requires_confirmation_for_test_setup"":true}}",54
55,Siegfried,20000000,20000000,2,2,1,1,"[""Era 1""]","[""swordsmen""]","{""name"":{""file"":""Cards-2.xml"",""xml_path"":""/project[1]/scenes[1]/scene[1]/variables[1]/variable[1]"",""snap_value_id"":""34123"",""variable"":""Cards"",""item_1"":55},""rarity"":{""file"":""Cards-2.xml"",""xml_path"":""/project[1]/scenes[1]/scene[1]/variables[1]/variable[19]"",""snap_value_id"":""34147"",""variable"":""Card Rarities"",""item_1"":55},""weather"":{""file"":""data-10.csv"",""record_1"":1,""column_1"":55},""card_modifier"":{""file"":""data-9.csv"",""record_1"":1,""column_1"":55}}",1,user_verified,"{""card_id"":55,""name"":""Siegfried"",""pack_id"":1,""pack"":""Era 1"",""screenshot"":{""file"":""user_2026-09-27/Screenshot 2026-09-26 at 6.30.52 PM.png"",""image_number"":3,""card_ordinal_excluding_clipped_repeats"":7},""visual_tags"":[""humanlike"",""warrior""],""visual_inference_status"":""inferred_from_art_and_name"",""gameplay_class_candidates"":[""swordsmen""],""sourced_class_memberships"":[],""gameplay_classes_verified"":true,""availability"":{""player_use"":""available"",""opponent_use"":""training_dummy_available"",""basis"":""screenshot_brightness_inference"",""confidence"":""medium"",""as_of"":""2026-09-26"",""requires_confirmation_for_test_setup"":true}}",55
56,Astraeus,20000000,20000000,7,7,1,1,"[""Era 1""]",[],"{""name"":{""file"":""Cards-2.xml"",""xml_path"":""/project[1]/scenes[1]/scene[1]/variables[1]/variable[1]"",""snap_value_id"":""34123"",""variable"":""Cards"",""item_1"":56},""rarity"":{""file"":""Cards-2.xml"",""xml_path"":""/project[1]/scenes[1]/scene[1]/variables[1]/variable[19]"",""snap_value_id"":""34147"",""variable"":""Card Rarities"",""item_1"":56},""weather"":{""file"":""data-10.csv"",""record_1"":1,""column_1"":56},""card_modifier"":{""file"":""data-9.csv"",""record_1"":1,""column_1"":56}}",1,user_verified,"{""card_id"":56,""name"":""Astraeus"",""pack_id"":1,""pack"":""Era 1"",""screenshot"":{""file"":""user_2026-09-27/Screenshot 2026-09-26 at 6.30.52 PM.png"",""image_number"":3,""card_ordinal_excluding_clipped_repeats"":8},""visual_tags"":[""armored"",""divine""],""visual_inference_status"":""inferred_from_art_and_name"",""gameplay_class_candidates"":[],""sourced_class_memberships"":[],""gameplay_classes_verified"":true,""availability"":{""player_use"":""available"",""opponent_use"":""training_dummy_available"",""basis"":""screenshot_brightness_inference"",""confidence"":""medium"",""as_of"":""2026-09-26"",""requires_confirmation_for_test_setup"":true}}",56
57,Surtr,22222222,22222222,12,12,1,1,"[""Era 1""]",[],"{""name"":{""file"":""Cards-2.xml"",""xml_path"":""/project[1]/scenes[1]/scene[1]/variables[1]/variable[1]"",""snap_value_id"":""34123"",""variable"":""Cards"",""item_1"":57},""rarity"":{""file"":""Cards-2.xml"",""xml_path"":""/project[1]/scenes[1]/scene[1]/variables[1]/variable[19]"",""snap_value_id"":""34147"",""variable"":""Card Rarities"",""item_1"":57},""weather"":{""file"":""data-10.csv"",""record_1"":1,""column_1"":57},""card_modifier"":{""file"":""data-9.csv"",""record_1"":1,""column_1"":57}}",1,user_verified,"{""card_id"":57,""name"":""Surtr"",""pack_id"":1,""pack"":""Era 1"",""screenshot"":{""file"":""user_2026-09-27/Screenshot 2026-09-26 at 6.30.52 PM.png"",""image_number"":3,""card_ordinal_excluding_clipped_repeats"":9},""visual_tags"":[""humanoid"",""fire""],""visual_inference_status"":""inferred_from_art_and_name"",""gameplay_class_candidates"":[],""sourced_class_memberships"":[],""gameplay_classes_verified"":true,""availability"":{""player_use"":""available"",""opponent_use"":""training_dummy_available"",""basis"":""screenshot_brightness_inference"",""confidence"":""medium"",""as_of"":""2026-09-26"",""requires_confirmation_for_test_setup"":true}}",57
58,Cronus,25000000,25000000,8,8,1,1,"[""Era 1""]",[],"{""name"":{""file"":""Cards-2.xml"",""xml_path"":""/project[1]/scenes[1]/scene[1]/variables[1]/variable[1]"",""snap_value_id"":""34123"",""variable"":""Cards"",""item_1"":58},""rarity"":{""file"":""Cards-2.xml"",""xml_path"":""/project[1]/scenes[1]/scene[1]/variables[1]/variable[19]"",""snap_value_id"":""34147"",""variable"":""Card Rarities"",""item_1"":58},""weather"":{""file"":""data-10.csv"",""record_1"":1,""column_1"":58},""card_modifier"":{""file"":""data-9.csv"",""record_1"":1,""column_1"":58}}",1,user_verified,"{""card_id"":58,""name"":""Cronus"",""pack_id"":1,""pack"":""Era 1"",""screenshot"":{""file"":""user_2026-09-27/Screenshot 2026-09-26 at 6.30.52 PM.png"",""image_number"":3,""card_ordinal_excluding_clipped_repeats"":10},""visual_tags"":[""humanlike"",""divine""],""visual_inference_status"":""inferred_from_art_and_name"",""gameplay_class_candidates"":[],""sourced_class_memberships"":[],""gameplay_classes_verified"":true,""availability"":{""player_use"":""available"",""opponent_use"":""training_dummy_available"",""basis"":""screenshot_brightness_inference"",""confidence"":""medium"",""as_of"":""2026-09-26"",""requires_confirmation_for_test_setup"":true}}",58
59,Gilgamesh,50000000,50000000,1,1,1,1,"[""Era 1""]",[],"{""name"":{""file"":""Cards-2.xml"",""xml_path"":""/project[1]/scenes[1]/scene[1]/variables[1]/variable[1]"",""snap_value_id"":""34123"",""variable"":""Cards"",""item_1"":59},""rarity"":{""file"":""Cards-2.xml"",""xml_path"":""/project[1]/scenes[1]/scene[1]/variables[1]/variable[19]"",""snap_value_id"":""34147"",""variable"":""Card Rarities"",""item_1"":59},""weather"":{""file"":""data-10.csv"",""record_1"":1,""column_1"":59},""card_modifier"":{""file"":""data-9.csv"",""record_1"":1,""column_1"":59}}",1,user_verified,"{""card_id"":59,""name"":""Gilgamesh"",""pack_id"":1,""pack"":""Era 1"",""screenshot"":{""file"":""user_2026-09-27/Screenshot 2026-09-26 at 6.30.52 PM.png"",""image_number"":3,""card_ordinal_excluding_clipped_repeats"":11},""visual_tags"":[""humanlike"",""warrior""],""visual_inference_status"":""inferred_from_art_and_name"",""gameplay_class_candidates"":[],""sourced_class_memberships"":[],""gameplay_classes_verified"":true,""availability"":{""player_use"":""available"",""opponent_use"":""training_dummy_available"",""basis"":""screenshot_brightness_inference"",""confidence"":""medium"",""as_of"":""2026-09-26"",""requires_confirmation_for_test_setup"":true}}",59
60,Fafnir,100000000,100000000,1,1,1,1,"[""Era 1""]","[""demon"",""dragon""]","{""name"":{""file"":""Cards-2.xml"",""xml_path"":""/project[1]/scenes[1]/scene[1]/variables[1]/variable[1]"",""snap_value_id"":""34123"",""variable"":""Cards"",""item_1"":60},""rarity"":{""file"":""Cards-2.xml"",""xml_path"":""/project[1]/scenes[1]/scene[1]/variables[1]/variable[19]"",""snap_value_id"":""34147"",""variable"":""Card Rarities"",""item_1"":60},""weather"":{""file"":""data-10.csv"",""record_1"":1,""column_1"":60},""card_modifier"":{""file"":""data-9.csv"",""record_1"":1,""column_1"":60}}",1,user_verified,"{""card_id"":60,""name"":""Fafnir"",""pack_id"":1,""pack"":""Era 1"",""screenshot"":{""file"":""user_2026-09-27/Screenshot 2026-09-26 at 6.30.52 PM.png"",""image_number"":3,""card_ordinal_excluding_clipped_repeats"":12},""visual_tags"":[""dragon""],""visual_inference_status"":""inferred_from_art_and_name"",""gameplay_class_candidates"":[""demon"",""dragon""],""sourced_class_memberships"":[{""card_id"":60,""class_name"":""dragon"",""source_url"":""https://card-rng.fandom.com/wiki/Dragon_King"",""evidence_summary"":""Dragon King trivia explicitly includes this card among its dragon targets."",""status"":""wiki_supported_unverified_current""}],""gameplay_classes_verified"":true,""availability"":{""player_use"":""available"",""opponent_use"":""training_dummy_available"",""basis"":""screenshot_brightness_inference"",""confidence"":""medium"",""as_of"":""2026-09-26"",""requires_confirmation_for_test_setup"":true}}",60
61,Ragon,100000000,100000000,1,1,1,1,"[""Era 1""]","[""dragon""]","{""name"":{""file"":""Cards-2.xml"",""xml_path"":""/project[1]/scenes[1]/scene[1]/variables[1]/variable[1]"",""snap_value_id"":""34123"",""variable"":""Cards"",""item_1"":61},""rarity"":{""file"":""Cards-2.xml"",""xml_path"":""/project[1]/scenes[1]/scene[1]/variables[1]/variable[19]"",""snap_value_id"":""34147"",""variable"":""Card Rarities"",""item_1"":61},""weather"":{""file"":""data-10.csv"",""record_1"":1,""column_1"":61},""card_modifier"":{""file"":""data-9.csv"",""record_1"":1,""column_1"":61}}",1,user_verified,"{""card_id"":61,""name"":""Ragon"",""pack_id"":1,""pack"":""Era 1"",""screenshot"":{""file"":""user_2026-09-27/Screenshot 2026-09-26 at 6.30.52 PM.png"",""image_number"":3,""card_ordinal_excluding_clipped_repeats"":13},""visual_tags"":[""dragon""],""visual_inference_status"":""inferred_from_art_and_name"",""gameplay_class_candidates"":[""dragon""],""sourced_class_memberships"":[{""card_id"":61,""class_name"":""dragon"",""source_url"":""https://card-rng.fandom.com/wiki/Dragon_King"",""evidence_summary"":""Dragon King trivia explicitly includes this card among its dragon targets."",""status"":""wiki_supported_unverified_current""}],""gameplay_classes_verified"":true,""availability"":{""player_use"":""available"",""opponent_use"":""training_dummy_available"",""basis"":""screenshot_brightness_inference"",""confidence"":""medium"",""as_of"":""2026-09-26"",""requires_confirmation_for_test_setup"":true}}",61
62,Serpent Mist,300000000,300000000,4,4,1,1,"[""Era 1""]",[],"{""name"":{""file"":""Cards-2.xml"",""xml_path"":""/project[1]/scenes[1]/scene[1]/variables[1]/variable[1]"",""snap_value_id"":""34123"",""variable"":""Cards"",""item_1"":62},""rarity"":{""file"":""Cards-2.xml"",""xml_path"":""/project[1]/scenes[1]/scene[1]/variables[1]/variable[19]"",""snap_value_id"":""34147"",""variable"":""Card Rarities"",""item_1"":62},""weather"":{""file"":""data-10.csv"",""record_1"":1,""column_1"":62},""card_modifier"":{""file"":""data-9.csv"",""record_1"":1,""column_1"":62}}",1,user_verified,"{""card_id"":62,""name"":""Serpent Mist"",""pack_id"":1,""pack"":""Era 1"",""screenshot"":{""file"":""user_2026-09-27/Screenshot 2026-09-26 at 6.30.52 PM.png"",""image_number"":3,""card_ordinal_excluding_clipped_repeats"":14},""visual_tags"":[""aquatic"",""reptile""],""visual_inference_status"":""inferred_from_art_and_name"",""gameplay_class_candidates"":[],""sourced_class_memberships"":[],""gameplay_classes_verified"":true,""availability"":{""player_use"":""unavailable"",""opponent_use"":""training_dummy_available"",""basis"":""screenshot_brightness_inference"",""confidence"":""medium"",""as_of"":""2026-09-26"",""requires_confirmation_for_test_setup"":true}}",62
63,Yeti,500000000,500000000,3,3,1,1,"[""Era 1""]",[],"{""name"":{""file"":""Cards-2.xml"",""xml_path"":""/project[1]/scenes[1]/scene[1]/variables[1]/variable[1]"",""snap_value_id"":""34123"",""variable"":""Cards"",""item_1"":63},""rarity"":{""file"":""Cards-2.xml"",""xml_path"":""/project[1]/scenes[1]/scene[1]/variables[1]/variable[19]"",""snap_value_id"":""34147"",""variable"":""Card Rarities"",""item_1"":63},""weather"":{""file"":""data-10.csv"",""record_1"":1,""column_1"":63},""card_modifier"":{""file"":""data-9.csv"",""record_1"":1,""column_1"":63}}",1,user_verified,"{""card_id"":63,""name"":""Yeti"",""pack_id"":1,""pack"":""Era 1"",""screenshot"":{""file"":""user_2026-09-27/Screenshot 2026-09-26 at 6.30.52 PM.png"",""image_number"":3,""card_ordinal_excluding_clipped_repeats"":15},""visual_tags"":[""animal"",""mammal"",""ice""],""visual_inference_status"":""inferred_from_art_and_name"",""gameplay_class_candidates"":[],""sourced_class_memberships"":[],""gameplay_classes_verified"":true,""availability"":{""player_use"":""available"",""opponent_use"":""training_dummy_available"",""basis"":""screenshot_brightness_inference"",""confidence"":""medium"",""as_of"":""2026-09-26"",""requires_confirmation_for_test_setup"":true}}",63
64,Achyls,700000000,700000000,4,4,1,1,"[""Era 1""]","[""rng""]","{""name"":{""file"":""Cards-2.xml"",""xml_path"":""/project[1]/scenes[1]/scene[1]/variables[1]/variable[1]"",""snap_value_id"":""34123"",""variable"":""Cards"",""item_1"":64},""rarity"":{""file"":""Cards-2.xml"",""xml_path"":""/project[1]/scenes[1]/scene[1]/variables[1]/variable[19]"",""snap_value_id"":""34147"",""variable"":""Card Rarities"",""item_1"":64},""weather"":{""file"":""data-10.csv"",""record_1"":1,""column_1"":64},""card_modifier"":{""file"":""data-9.csv"",""record_1"":1,""column_1"":64}}",1,user_verified,"{""card_id"":64,""name"":""Achyls"",""pack_id"":1,""pack"":""Era 1"",""screenshot"":{""file"":""user_2026-09-27/Screenshot 2026-09-26 at 6.30.52 PM.png"",""image_number"":3,""card_ordinal_excluding_clipped_repeats"":16},""visual_tags"":[""spirit"",""humanoid""],""visual_inference_status"":""inferred_from_art_and_name"",""gameplay_class_candidates"":[""rng""],""sourced_class_memberships"":[],""gameplay_classes_verified"":true,""availability"":{""player_use"":""unavailable"",""opponent_use"":""training_dummy_available"",""basis"":""screenshot_brightness_inference"",""confidence"":""medium"",""as_of"":""2026-09-26"",""requires_confirmation_for_test_setup"":true}}",64
65,Parallax,1000000000,1000000000,8,8,1,1,"[""Era 1""]","[""dragon""]","{""name"":{""file"":""Cards-2.xml"",""xml_path"":""/project[1]/scenes[1]/scene[1]/variables[1]/variable[1]"",""snap_value_id"":""34123"",""variable"":""Cards"",""item_1"":65},""rarity"":{""file"":""Cards-2.xml"",""xml_path"":""/project[1]/scenes[1]/scene[1]/variables[1]/variable[19]"",""snap_value_id"":""34147"",""variable"":""Card Rarities"",""item_1"":65},""weather"":{""file"":""data-10.csv"",""record_1"":1,""column_1"":65},""card_modifier"":{""file"":""data-9.csv"",""record_1"":1,""column_1"":65}}",1,user_verified,"{""card_id"":65,""name"":""Parallax"",""pack_id"":1,""pack"":""Era 1"",""screenshot"":{""file"":""user_2026-09-27/Screenshot 2026-09-26 at 6.30.52 PM.png"",""image_number"":3,""card_ordinal_excluding_clipped_repeats"":17},""visual_tags"":[""humanoid"",""demon""],""visual_inference_status"":""inferred_from_art_and_name"",""gameplay_class_candidates"":[""dragon""],""sourced_class_memberships"":[],""gameplay_classes_verified"":true,""availability"":{""player_use"":""unavailable"",""opponent_use"":""training_dummy_available"",""basis"":""screenshot_brightness_inference"",""confidence"":""medium"",""as_of"":""2026-09-26"",""requires_confirmation_for_test_setup"":true}}",65
66,Mummy,250,250,1,1,1,1,"[""Egypt""]","[""undead""]","{""name"":{""file"":""Cards-2.xml"",""xml_path"":""/project[1]/scenes[1]/scene[1]/variables[1]/variable[1]"",""snap_value_id"":""34123"",""variable"":""Cards"",""item_1"":66},""rarity"":{""file"":""Cards-2.xml"",""xml_path"":""/project[1]/scenes[1]/scene[1]/variables[1]/variable[19]"",""snap_value_id"":""34147"",""variable"":""Card Rarities"",""item_1"":66},""weather"":{""file"":""data-10.csv"",""record_1"":1,""column_1"":66},""card_modifier"":{""file"":""data-9.csv"",""record_1"":1,""column_1"":66}}",2,user_verified,"{""card_id"":66,""name"":""Mummy"",""pack_id"":2,""pack"":""Egypt"",""screenshot"":{""file"":""user_2026-09-27/Screenshot 2026-09-26 at 6.31.00 PM.png"",""image_number"":4,""card_ordinal_excluding_clipped_repeats"":1},""visual_tags"":[""undead"",""hooded""],""visual_inference_status"":""inferred_from_art_and_name"",""gameplay_class_candidates"":[""undead""],""sourced_class_memberships"":[{""card_id"":66,""class_name"":""undead"",""source_url"":""https://card-rng.fandom.com/wiki/Mummy"",""evidence_summary"":""The card page explicitly carries the Undead category."",""status"":""wiki_supported_unverified_current""}],""gameplay_classes_verified"":true,""availability"":{""player_use"":""available"",""opponent_use"":""training_dummy_available"",""basis"":""screenshot_brightness_inference"",""confidence"":""medium"",""as_of"":""2026-09-26"",""requires_confirmation_for_test_setup"":true}}",66
67,Dancer,5000,5000,1,1,1,1,"[""Egypt""]",[],"{""name"":{""file"":""Cards-2.xml"",""xml_path"":""/project[1]/scenes[1]/scene[1]/variables[1]/variable[1]"",""snap_value_id"":""34123"",""variable"":""Cards"",""item_1"":67},""rarity"":{""file"":""Cards-2.xml"",""xml_path"":""/project[1]/scenes[1]/scene[1]/variables[1]/variable[19]"",""snap_value_id"":""34147"",""variable"":""Card Rarities"",""item_1"":67},""weather"":{""file"":""data-10.csv"",""record_1"":1,""column_1"":67},""card_modifier"":{""file"":""data-9.csv"",""record_1"":1,""column_1"":67}}",2,user_verified,"{""card_id"":67,""name"":""Dancer"",""pack_id"":2,""pack"":""Egypt"",""screenshot"":{""file"":""user_2026-09-27/Screenshot 2026-09-26 at 6.31.00 PM.png"",""image_number"":4,""card_ordinal_excluding_clipped_repeats"":2},""visual_tags"":[""humanlike""],""visual_inference_status"":""inferred_from_art_and_name"",""gameplay_class_candidates"":[],""sourced_class_memberships"":[],""gameplay_classes_verified"":true,""availability"":{""player_use"":""available"",""opponent_use"":""training_dummy_available"",""basis"":""screenshot_brightness_inference"",""confidence"":""medium"",""as_of"":""2026-09-26"",""requires_confirmation_for_test_setup"":true}}",67
68,Vizier,30000,30000,1,1,1,1,"[""Egypt""]",[],"{""name"":{""file"":""Cards-2.xml"",""xml_path"":""/project[1]/scenes[1]/scene[1]/variables[1]/variable[1]"",""snap_value_id"":""34123"",""variable"":""Cards"",""item_1"":68},""rarity"":{""file"":""Cards-2.xml"",""xml_path"":""/project[1]/scenes[1]/scene[1]/variables[1]/variable[19]"",""snap_value_id"":""34147"",""variable"":""Card Rarities"",""item_1"":68},""weather"":{""file"":""data-10.csv"",""record_1"":1,""column_1"":68},""card_modifier"":{""file"":""data-9.csv"",""record_1"":1,""column_1"":68}}",2,user_verified,"{""card_id"":68,""name"":""Vizier"",""pack_id"":2,""pack"":""Egypt"",""screenshot"":{""file"":""user_2026-09-27/Screenshot 2026-09-26 at 6.31.00 PM.png"",""image_number"":4,""card_ordinal_excluding_clipped_repeats"":3},""visual_tags"":[""humanlike""],""visual_inference_status"":""inferred_from_art_and_name"",""gameplay_class_candidates"":[],""sourced_class_memberships"":[],""gameplay_classes_verified"":true,""availability"":{""player_use"":""available"",""opponent_use"":""training_dummy_available"",""basis"":""screenshot_brightness_inference"",""confidence"":""medium"",""as_of"":""2026-09-26"",""requires_confirmation_for_test_setup"":true}}",68
69,Black Cat,66666,66666,1,1,1,1,"[""Egypt""]",[],"{""name"":{""file"":""Cards-2.xml"",""xml_path"":""/project[1]/scenes[1]/scene[1]/variables[1]/variable[1]"",""snap_value_id"":""34123"",""variable"":""Cards"",""item_1"":69},""rarity"":{""file"":""Cards-2.xml"",""xml_path"":""/project[1]/scenes[1]/scene[1]/variables[1]/variable[19]"",""snap_value_id"":""34147"",""variable"":""Card Rarities"",""item_1"":69},""weather"":{""file"":""data-10.csv"",""record_1"":1,""column_1"":69},""card_modifier"":{""file"":""data-9.csv"",""record_1"":1,""column_1"":69}}",2,user_verified,"{""card_id"":69,""name"":""Black Cat"",""pack_id"":2,""pack"":""Egypt"",""screenshot"":{""file"":""user_2026-09-27/Screenshot 2026-09-26 at 6.31.00 PM.png"",""image_number"":4,""card_ordinal_excluding_clipped_repeats"":4},""visual_tags"":[""animal"",""feline""],""visual_inference_status"":""inferred_from_art_and_name"",""gameplay_class_candidates"":[],""sourced_class_memberships"":[],""gameplay_classes_verified"":true,""availability"":{""player_use"":""available"",""opponent_use"":""training_dummy_available"",""basis"":""screenshot_brightness_inference"",""confidence"":""medium"",""as_of"":""2026-09-26"",""requires_confirmation_for_test_setup"":true}}",69
70,Sekhmet,78000,78000,11,11,1,1,"[""Egypt""]",[],"{""name"":{""file"":""Cards-2.xml"",""xml_path"":""/project[1]/scenes[1]/scene[1]/variables[1]/variable[1]"",""snap_value_id"":""34123"",""variable"":""Cards"",""item_1"":70},""rarity"":{""file"":""Cards-2.xml"",""xml_path"":""/project[1]/scenes[1]/scene[1]/variables[1]/variable[19]"",""snap_value_id"":""34147"",""variable"":""Card Rarities"",""item_1"":70},""weather"":{""file"":""data-10.csv"",""record_1"":1,""column_1"":70},""card_modifier"":{""file"":""data-9.csv"",""record_1"":1,""column_1"":70}}",2,user_verified,"{""card_id"":70,""name"":""Sekhmet"",""pack_id"":2,""pack"":""Egypt"",""screenshot"":{""file"":""user_2026-09-27/Screenshot 2026-09-26 at 6.31.00 PM.png"",""image_number"":4,""card_ordinal_excluding_clipped_repeats"":5},""visual_tags"":[""humanlike"",""divine""],""visual_inference_status"":""inferred_from_art_and_name"",""gameplay_class_candidates"":[],""sourced_class_memberships"":[],""gameplay_classes_verified"":true,""availability"":{""player_use"":""available"",""opponent_use"":""training_dummy_available"",""basis"":""screenshot_brightness_inference"",""confidence"":""medium"",""as_of"":""2026-09-26"",""requires_confirmation_for_test_setup"":true}}",70
71,Amenhotep,150000,150000,1,1,1,1,"[""Egypt""]",[],"{""name"":{""file"":""Cards-2.xml"",""xml_path"":""/project[1]/scenes[1]/scene[1]/variables[1]/variable[1]"",""snap_value_id"":""34123"",""variable"":""Cards"",""item_1"":71},""rarity"":{""file"":""Cards-2.xml"",""xml_path"":""/project[1]/scenes[1]/scene[1]/variables[1]/variable[19]"",""snap_value_id"":""34147"",""variable"":""Card Rarities"",""item_1"":71},""weather"":{""file"":""data-10.csv"",""record_1"":1,""column_1"":71},""card_modifier"":{""file"":""data-9.csv"",""record_1"":1,""column_1"":71}}",2,user_verified,"{""card_id"":71,""name"":""Amenhotep"",""pack_id"":2,""pack"":""Egypt"",""screenshot"":{""file"":""user_2026-09-27/Screenshot 2026-09-26 at 6.31.00 PM.png"",""image_number"":4,""card_ordinal_excluding_clipped_repeats"":6},""visual_tags"":[""humanlike""],""visual_inference_status"":""inferred_from_art_and_name"",""gameplay_class_candidates"":[],""sourced_class_memberships"":[],""gameplay_classes_verified"":true,""availability"":{""player_use"":""available"",""opponent_use"":""training_dummy_available"",""basis"":""screenshot_brightness_inference"",""confidence"":""medium"",""as_of"":""2026-09-26"",""requires_confirmation_for_test_setup"":true}}",71
72,Sphinx,222000,222000,1,1,1,1,"[""Egypt""]",[],"{""name"":{""file"":""Cards-2.xml"",""xml_path"":""/project[1]/scenes[1]/scene[1]/variables[1]/variable[1]"",""snap_value_id"":""34123"",""variable"":""Cards"",""item_1"":72},""rarity"":{""file"":""Cards-2.xml"",""xml_path"":""/project[1]/scenes[1]/scene[1]/variables[1]/variable[19]"",""snap_value_id"":""34147"",""variable"":""Card Rarities"",""item_1"":72},""weather"":{""file"":""data-10.csv"",""record_1"":1,""column_1"":72},""card_modifier"":{""file"":""data-9.csv"",""record_1"":1,""column_1"":72}}",2,user_verified,"{""card_id"":72,""name"":""Sphinx"",""pack_id"":2,""pack"":""Egypt"",""screenshot"":{""file"":""user_2026-09-27/Screenshot 2026-09-26 at 6.31.00 PM.png"",""image_number"":4,""card_ordinal_excluding_clipped_repeats"":7},""visual_tags"":[""animal"",""feline"",""divine""],""visual_inference_status"":""inferred_from_art_and_name"",""gameplay_class_candidates"":[],""sourced_class_memberships"":[],""gameplay_classes_verified"":true,""availability"":{""player_use"":""available"",""opponent_use"":""training_dummy_available"",""basis"":""screenshot_brightness_inference"",""confidence"":""medium"",""as_of"":""2026-09-26"",""requires_confirmation_for_test_setup"":true}}",72
73,Horus,750000,750000,1,1,1,1,"[""Egypt""]","[""avian""]","{""name"":{""file"":""Cards-2.xml"",""xml_path"":""/project[1]/scenes[1]/scene[1]/variables[1]/variable[1]"",""snap_value_id"":""34123"",""variable"":""Cards"",""item_1"":73},""rarity"":{""file"":""Cards-2.xml"",""xml_path"":""/project[1]/scenes[1]/scene[1]/variables[1]/variable[19]"",""snap_value_id"":""34147"",""variable"":""Card Rarities"",""item_1"":73},""weather"":{""file"":""data-10.csv"",""record_1"":1,""column_1"":73},""card_modifier"":{""file"":""data-9.csv"",""record_1"":1,""column_1"":73}}",2,user_verified,"{""card_id"":73,""name"":""Horus"",""pack_id"":2,""pack"":""Egypt"",""screenshot"":{""file"":""user_2026-09-27/Screenshot 2026-09-26 at 6.31.00 PM.png"",""image_number"":4,""card_ordinal_excluding_clipped_repeats"":8},""visual_tags"":[""avian"",""humanoid"",""divine""],""visual_inference_status"":""inferred_from_art_and_name"",""gameplay_class_candidates"":[""avian""],""sourced_class_memberships"":[],""gameplay_classes_verified"":true,""availability"":{""player_use"":""available"",""opponent_use"":""training_dummy_available"",""basis"":""screenshot_brightness_inference"",""confidence"":""medium"",""as_of"":""2026-09-26"",""requires_confirmation_for_test_setup"":true}}",73
74,Shu,1500000,1500000,5,5,1,1,"[""Egypt""]",[],"{""name"":{""file"":""Cards-2.xml"",""xml_path"":""/project[1]/scenes[1]/scene[1]/variables[1]/variable[1]"",""snap_value_id"":""34123"",""variable"":""Cards"",""item_1"":74},""rarity"":{""file"":""Cards-2.xml"",""xml_path"":""/project[1]/scenes[1]/scene[1]/variables[1]/variable[19]"",""snap_value_id"":""34147"",""variable"":""Card Rarities"",""item_1"":74},""weather"":{""file"":""data-10.csv"",""record_1"":1,""column_1"":74},""card_modifier"":{""file"":""data-9.csv"",""record_1"":1,""column_1"":74}}",2,user_verified,"{""card_id"":74,""name"":""Shu"",""pack_id"":2,""pack"":""Egypt"",""screenshot"":{""file"":""user_2026-09-27/Screenshot 2026-09-26 at 6.31.00 PM.png"",""image_number"":4,""card_ordinal_excluding_clipped_repeats"":9},""visual_tags"":[""humanlike"",""divine""],""visual_inference_status"":""inferred_from_art_and_name"",""gameplay_class_candidates"":[],""sourced_class_memberships"":[],""gameplay_classes_verified"":true,""availability"":{""player_use"":""available"",""opponent_use"":""training_dummy_available"",""basis"":""screenshot_brightness_inference"",""confidence"":""medium"",""as_of"":""2026-09-26"",""requires_confirmation_for_test_setup"":true}}",74
75,Set,1700000,1700000,9,9,1,1,"[""Egypt""]",[],"{""name"":{""file"":""Cards-2.xml"",""xml_path"":""/project[1]/scenes[1]/scene[1]/variables[1]/variable[1]"",""snap_value_id"":""34123"",""variable"":""Cards"",""item_1"":75},""rarity"":{""file"":""Cards-2.xml"",""xml_path"":""/project[1]/scenes[1]/scene[1]/variables[1]/variable[19]"",""snap_value_id"":""34147"",""variable"":""Card Rarities"",""item_1"":75},""weather"":{""file"":""data-10.csv"",""record_1"":1,""column_1"":75},""card_modifier"":{""file"":""data-9.csv"",""record_1"":1,""column_1"":75}}",2,user_verified,"{""card_id"":75,""name"":""Set"",""pack_id"":2,""pack"":""Egypt"",""screenshot"":{""file"":""user_2026-09-27/Screenshot 2026-09-26 at 6.31.00 PM.png"",""image_number"":4,""card_ordinal_excluding_clipped_repeats"":10},""visual_tags"":[""animal"",""humanoid"",""divine""],""visual_inference_status"":""inferred_from_art_and_name"",""gameplay_class_candidates"":[],""sourced_class_memberships"":[],""gameplay_classes_verified"":true,""availability"":{""player_use"":""available"",""opponent_use"":""training_dummy_available"",""basis"":""screenshot_brightness_inference"",""confidence"":""medium"",""as_of"":""2026-09-26"",""requires_confirmation_for_test_setup"":true}}",75
76,Anubis,2500000,2500000,1,1,1,1,"[""Egypt""]","[""undead""]","{""name"":{""file"":""Cards-2.xml"",""xml_path"":""/project[1]/scenes[1]/scene[1]/variables[1]/variable[1]"",""snap_value_id"":""34123"",""variable"":""Cards"",""item_1"":76},""rarity"":{""file"":""Cards-2.xml"",""xml_path"":""/project[1]/scenes[1]/scene[1]/variables[1]/variable[19]"",""snap_value_id"":""34147"",""variable"":""Card Rarities"",""item_1"":76},""weather"":{""file"":""data-10.csv"",""record_1"":1,""column_1"":76},""card_modifier"":{""file"":""data-9.csv"",""record_1"":1,""column_1"":76}}",2,user_verified,"{""card_id"":76,""name"":""Anubis"",""pack_id"":2,""pack"":""Egypt"",""screenshot"":{""file"":""user_2026-09-27/Screenshot 2026-09-26 at 6.31.00 PM.png"",""image_number"":4,""card_ordinal_excluding_clipped_repeats"":11},""visual_tags"":[""canine"",""humanoid"",""divine""],""visual_inference_status"":""inferred_from_art_and_name"",""gameplay_class_candidates"":[""undead""],""sourced_class_memberships"":[{""card_id"":76,""class_name"":""undead"",""source_url"":""https://card-rng.fandom.com/wiki/Anubis"",""evidence_summary"":""The card page explicitly carries the Undead category."",""status"":""wiki_supported_unverified_current""}],""gameplay_classes_verified"":true,""availability"":{""player_use"":""available"",""opponent_use"":""training_dummy_available"",""basis"":""screenshot_brightness_inference"",""confidence"":""medium"",""as_of"":""2026-09-26"",""requires_confirmation_for_test_setup"":true}}",76
77,Serket,15000000,15000000,10,10,1,1,"[""Egypt""]",[],"{""name"":{""file"":""Cards-2.xml"",""xml_path"":""/project[1]/scenes[1]/scene[1]/variables[1]/variable[1]"",""snap_value_id"":""34123"",""variable"":""Cards"",""item_1"":77},""rarity"":{""file"":""Cards-2.xml"",""xml_path"":""/project[1]/scenes[1]/scene[1]/variables[1]/variable[19]"",""snap_value_id"":""34147"",""variable"":""Card Rarities"",""item_1"":77},""weather"":{""file"":""data-10.csv"",""record_1"":1,""column_1"":77},""card_modifier"":{""file"":""data-9.csv"",""record_1"":1,""column_1"":77}}",2,user_verified,"{""card_id"":77,""name"":""Serket"",""pack_id"":2,""pack"":""Egypt"",""screenshot"":{""file"":""user_2026-09-27/Screenshot 2026-09-26 at 6.31.00 PM.png"",""image_number"":4,""card_ordinal_excluding_clipped_repeats"":12},""visual_tags"":[""humanoid"",""insectoid""],""visual_inference_status"":""inferred_from_art_and_name"",""gameplay_class_candidates"":[],""sourced_class_memberships"":[],""gameplay_classes_verified"":true,""availability"":{""player_use"":""available"",""opponent_use"":""training_dummy_available"",""basis"":""screenshot_brightness_inference"",""confidence"":""medium"",""as_of"":""2026-09-26"",""requires_confirmation_for_test_setup"":true}}",77
78,Hathor,25000000,25000000,1,1,1,1,"[""Egypt""]",[],"{""name"":{""file"":""Cards-2.xml"",""xml_path"":""/project[1]/scenes[1]/scene[1]/variables[1]/variable[1]"",""snap_value_id"":""34123"",""variable"":""Cards"",""item_1"":78},""rarity"":{""file"":""Cards-2.xml"",""xml_path"":""/project[1]/scenes[1]/scene[1]/variables[1]/variable[19]"",""snap_value_id"":""34147"",""variable"":""Card Rarities"",""item_1"":78},""weather"":{""file"":""data-10.csv"",""record_1"":1,""column_1"":78},""card_modifier"":{""file"":""data-9.csv"",""record_1"":1,""column_1"":78}}",2,user_verified,"{""card_id"":78,""name"":""Hathor"",""pack_id"":2,""pack"":""Egypt"",""screenshot"":{""file"":""user_2026-09-27/Screenshot 2026-09-26 at 6.31.00 PM.png"",""image_number"":4,""card_ordinal_excluding_clipped_repeats"":13},""visual_tags"":[""unknown""],""visual_inference_status"":""unresolved_blank_art"",""gameplay_class_candidates"":[],""sourced_class_memberships"":[],""gameplay_classes_verified"":true,""availability"":{""player_use"":""unknown"",""opponent_use"":""training_dummy_available"",""basis"":""screenshot_brightness_inference"",""confidence"":""low"",""as_of"":""2026-09-26"",""requires_confirmation_for_test_setup"":true}}",78
79,Ra,42000000,42000000,1,1,1,1,"[""Egypt""]","[""avian""]","{""name"":{""file"":""Cards-2.xml"",""xml_path"":""/project[1]/scenes[1]/scene[1]/variables[1]/variable[1]"",""snap_value_id"":""34123"",""variable"":""Cards"",""item_1"":79},""rarity"":{""file"":""Cards-2.xml"",""xml_path"":""/project[1]/scenes[1]/scene[1]/variables[1]/variable[19]"",""snap_value_id"":""34147"",""variable"":""Card Rarities"",""item_1"":79},""weather"":{""file"":""data-10.csv"",""record_1"":1,""column_1"":79},""card_modifier"":{""file"":""data-9.csv"",""record_1"":1,""column_1"":79}}",2,user_verified,"{""card_id"":79,""name"":""Ra"",""pack_id"":2,""pack"":""Egypt"",""screenshot"":{""file"":""user_2026-09-27/Screenshot 2026-09-26 at 6.31.00 PM.png"",""image_number"":4,""card_ordinal_excluding_clipped_repeats"":14},""visual_tags"":[""avian"",""divine""],""visual_inference_status"":""inferred_from_art_and_name"",""gameplay_class_candidates"":[""avian""],""sourced_class_memberships"":[],""gameplay_classes_verified"":true,""availability"":{""player_use"":""available"",""opponent_use"":""training_dummy_available"",""basis"":""screenshot_brightness_inference"",""confidence"":""medium"",""as_of"":""2026-09-26"",""requires_confirmation_for_test_setup"":true}}",79
80,Sorceror,100,100,1,1,1,1,"[""Anime""]",[],"{""name"":{""file"":""Cards-2.xml"",""xml_path"":""/project[1]/scenes[1]/scene[1]/variables[1]/variable[1]"",""snap_value_id"":""34123"",""variable"":""Cards"",""item_1"":80},""rarity"":{""file"":""Cards-2.xml"",""xml_path"":""/project[1]/scenes[1]/scene[1]/variables[1]/variable[19]"",""snap_value_id"":""34147"",""variable"":""Card Rarities"",""item_1"":80},""weather"":{""file"":""data-10.csv"",""record_1"":1,""column_1"":80},""card_modifier"":{""file"":""data-9.csv"",""record_1"":1,""column_1"":80}}",3,user_verified,"{""card_id"":80,""name"":""Sorceror"",""pack_id"":3,""pack"":""Anime"",""screenshot"":{""file"":""user_2026-09-27/Screenshot 2026-09-26 at 6.31.07 PM.png"",""image_number"":5,""card_ordinal_excluding_clipped_repeats"":1},""visual_tags"":[""humanlike""],""visual_inference_status"":""inferred_from_art_and_name"",""gameplay_class_candidates"":[],""sourced_class_memberships"":[],""gameplay_classes_verified"":true,""availability"":{""player_use"":""available"",""opponent_use"":""training_dummy_available"",""basis"":""screenshot_brightness_inference"",""confidence"":""medium"",""as_of"":""2026-09-26"",""requires_confirmation_for_test_setup"":true}}",80
81,Demon Hunter,500,500,1,1,1,1,"[""Anime""]","[""demon""]","{""name"":{""file"":""Cards-2.xml"",""xml_path"":""/project[1]/scenes[1]/scene[1]/variables[1]/variable[1]"",""snap_value_id"":""34123"",""variable"":""Cards"",""item_1"":81},""rarity"":{""file"":""Cards-2.xml"",""xml_path"":""/project[1]/scenes[1]/scene[1]/variables[1]/variable[19]"",""snap_value_id"":""34147"",""variable"":""Card Rarities"",""item_1"":81},""weather"":{""file"":""data-10.csv"",""record_1"":1,""column_1"":81},""card_modifier"":{""file"":""data-9.csv"",""record_1"":1,""column_1"":81}}",3,user_verified,"{""card_id"":81,""name"":""Demon Hunter"",""pack_id"":3,""pack"":""Anime"",""screenshot"":{""file"":""user_2026-09-27/Screenshot 2026-09-26 at 6.31.07 PM.png"",""image_number"":5,""card_ordinal_excluding_clipped_repeats"":2},""visual_tags"":[""humanlike"",""demon""],""visual_inference_status"":""inferred_from_art_and_name"",""gameplay_class_candidates"":[""demon""],""sourced_class_memberships"":[],""gameplay_classes_verified"":true,""availability"":{""player_use"":""available"",""opponent_use"":""training_dummy_available"",""basis"":""screenshot_brightness_inference"",""confidence"":""medium"",""as_of"":""2026-09-26"",""requires_confirmation_for_test_setup"":true}}",81
82,Trainee,1000,1000,1,1,1,1,"[""Anime""]",[],"{""name"":{""file"":""Cards-2.xml"",""xml_path"":""/project[1]/scenes[1]/scene[1]/variables[1]/variable[1]"",""snap_value_id"":""34123"",""variable"":""Cards"",""item_1"":82},""rarity"":{""file"":""Cards-2.xml"",""xml_path"":""/project[1]/scenes[1]/scene[1]/variables[1]/variable[19]"",""snap_value_id"":""34147"",""variable"":""Card Rarities"",""item_1"":82},""weather"":{""file"":""data-10.csv"",""record_1"":1,""column_1"":82},""card_modifier"":{""file"":""data-9.csv"",""record_1"":1,""column_1"":82}}",3,user_verified,"{""card_id"":82,""name"":""Trainee"",""pack_id"":3,""pack"":""Anime"",""screenshot"":{""file"":""user_2026-09-27/Screenshot 2026-09-26 at 6.31.07 PM.png"",""image_number"":5,""card_ordinal_excluding_clipped_repeats"":3},""visual_tags"":[""humanlike"",""warrior""],""visual_inference_status"":""inferred_from_art_and_name"",""gameplay_class_candidates"":[],""sourced_class_memberships"":[],""gameplay_classes_verified"":true,""availability"":{""player_use"":""available"",""opponent_use"":""training_dummy_available"",""basis"":""screenshot_brightness_inference"",""confidence"":""medium"",""as_of"":""2026-09-26"",""requires_confirmation_for_test_setup"":true}}",82
83,Gambler,7777,7777,1,1,1,1,"[""Anime""]","[""rng""]","{""name"":{""file"":""Cards-2.xml"",""xml_path"":""/project[1]/scenes[1]/scene[1]/variables[1]/variable[1]"",""snap_value_id"":""34123"",""variable"":""Cards"",""item_1"":83},""rarity"":{""file"":""Cards-2.xml"",""xml_path"":""/project[1]/scenes[1]/scene[1]/variables[1]/variable[19]"",""snap_value_id"":""34147"",""variable"":""Card Rarities"",""item_1"":83},""weather"":{""file"":""data-10.csv"",""record_1"":1,""column_1"":83},""card_modifier"":{""file"":""data-9.csv"",""record_1"":1,""column_1"":83}}",3,user_verified,"{""card_id"":83,""name"":""Gambler"",""pack_id"":3,""pack"":""Anime"",""screenshot"":{""file"":""user_2026-09-27/Screenshot 2026-09-26 at 6.31.07 PM.png"",""image_number"":5,""card_ordinal_excluding_clipped_repeats"":4},""visual_tags"":[""humanlike""],""visual_inference_status"":""inferred_from_art_and_name"",""gameplay_class_candidates"":[""rng""],""sourced_class_memberships"":[{""card_id"":83,""class_name"":""rng"",""source_url"":""https://card-rng.fandom.com/wiki/Abilities"",""evidence_summary"":""The card ability table explicitly labels this ability type RNG."",""status"":""wiki_supported_unverified_current""}],""gameplay_classes_verified"":true,""availability"":{""player_use"":""available"",""opponent_use"":""training_dummy_available"",""basis"":""screenshot_brightness_inference"",""confidence"":""medium"",""as_of"":""2026-09-26"",""requires_confirmation_for_test_setup"":true}}",83
84,Stone Scientist,10000,10000,1,1,1,1,"[""Anime""]",[],"{""name"":{""file"":""Cards-2.xml"",""xml_path"":""/project[1]/scenes[1]/scene[1]/variables[1]/variable[1]"",""snap_value_id"":""34123"",""variable"":""Cards"",""item_1"":84},""rarity"":{""file"":""Cards-2.xml"",""xml_path"":""/project[1]/scenes[1]/scene[1]/variables[1]/variable[19]"",""snap_value_id"":""34147"",""variable"":""Card Rarities"",""item_1"":84},""weather"":{""file"":""data-10.csv"",""record_1"":1,""column_1"":84},""card_modifier"":{""file"":""data-9.csv"",""record_1"":1,""column_1"":84}}",3,user_verified,"{""card_id"":84,""name"":""Stone Scientist"",""pack_id"":3,""pack"":""Anime"",""screenshot"":{""file"":""user_2026-09-27/Screenshot 2026-09-26 at 6.31.07 PM.png"",""image_number"":5,""card_ordinal_excluding_clipped_repeats"":5},""visual_tags"":[""humanlike""],""visual_inference_status"":""inferred_from_art_and_name"",""gameplay_class_candidates"":[],""sourced_class_memberships"":[],""gameplay_classes_verified"":true,""availability"":{""player_use"":""available"",""opponent_use"":""training_dummy_available"",""basis"":""screenshot_brightness_inference"",""confidence"":""medium"",""as_of"":""2026-09-26"",""requires_confirmation_for_test_setup"":true}}",84
85,Darling,50000,50000,1,1,1,1,"[""Anime""]",[],"{""name"":{""file"":""Cards-2.xml"",""xml_path"":""/project[1]/scenes[1]/scene[1]/variables[1]/variable[1]"",""snap_value_id"":""34123"",""variable"":""Cards"",""item_1"":85},""rarity"":{""file"":""Cards-2.xml"",""xml_path"":""/project[1]/scenes[1]/scene[1]/variables[1]/variable[19]"",""snap_value_id"":""34147"",""variable"":""Card Rarities"",""item_1"":85},""weather"":{""file"":""data-10.csv"",""record_1"":1,""column_1"":85},""card_modifier"":{""file"":""data-9.csv"",""record_1"":1,""column_1"":85}}",3,user_verified,"{""card_id"":85,""name"":""Darling"",""pack_id"":3,""pack"":""Anime"",""screenshot"":{""file"":""user_2026-09-27/Screenshot 2026-09-26 at 6.31.07 PM.png"",""image_number"":5,""card_ordinal_excluding_clipped_repeats"":6},""visual_tags"":[""humanlike"",""horned""],""visual_inference_status"":""inferred_from_art_and_name"",""gameplay_class_candidates"":[],""sourced_class_memberships"":[],""gameplay_classes_verified"":true,""availability"":{""player_use"":""available"",""opponent_use"":""training_dummy_available"",""basis"":""screenshot_brightness_inference"",""confidence"":""medium"",""as_of"":""2026-09-26"",""requires_confirmation_for_test_setup"":true}}",85
86,Gunslinger,100000,100000,1,1,1,1,"[""Anime""]",[],"{""name"":{""file"":""Cards-2.xml"",""xml_path"":""/project[1]/scenes[1]/scene[1]/variables[1]/variable[1]"",""snap_value_id"":""34123"",""variable"":""Cards"",""item_1"":86},""rarity"":{""file"":""Cards-2.xml"",""xml_path"":""/project[1]/scenes[1]/scene[1]/variables[1]/variable[19]"",""snap_value_id"":""34147"",""variable"":""Card Rarities"",""item_1"":86},""weather"":{""file"":""data-10.csv"",""record_1"":1,""column_1"":86},""card_modifier"":{""file"":""data-9.csv"",""record_1"":1,""column_1"":86}}",3,user_verified,"{""card_id"":86,""name"":""Gunslinger"",""pack_id"":3,""pack"":""Anime"",""screenshot"":{""file"":""user_2026-09-27/Screenshot 2026-09-26 at 6.31.07 PM.png"",""image_number"":5,""card_ordinal_excluding_clipped_repeats"":7},""visual_tags"":[""humanlike""],""visual_inference_status"":""inferred_from_art_and_name"",""gameplay_class_candidates"":[],""sourced_class_memberships"":[],""gameplay_classes_verified"":true,""availability"":{""player_use"":""available"",""opponent_use"":""training_dummy_available"",""basis"":""screenshot_brightness_inference"",""confidence"":""medium"",""as_of"":""2026-09-26"",""requires_confirmation_for_test_setup"":true}}",86
87,Artoria of Excalibur,250000,250000,1,1,1,1,"[""Anime""]","[""swordsmen""]","{""name"":{""file"":""Cards-2.xml"",""xml_path"":""/project[1]/scenes[1]/scene[1]/variables[1]/variable[1]"",""snap_value_id"":""34123"",""variable"":""Cards"",""item_1"":87},""rarity"":{""file"":""Cards-2.xml"",""xml_path"":""/project[1]/scenes[1]/scene[1]/variables[1]/variable[19]"",""snap_value_id"":""34147"",""variable"":""Card Rarities"",""item_1"":87},""weather"":{""file"":""data-10.csv"",""record_1"":1,""column_1"":87},""card_modifier"":{""file"":""data-9.csv"",""record_1"":1,""column_1"":87}}",3,user_verified,"{""card_id"":87,""name"":""Artoria of Excalibur"",""pack_id"":3,""pack"":""Anime"",""screenshot"":{""file"":""user_2026-09-27/Screenshot 2026-09-26 at 6.31.07 PM.png"",""image_number"":5,""card_ordinal_excluding_clipped_repeats"":8},""visual_tags"":[""humanlike"",""warrior""],""visual_inference_status"":""inferred_from_art_and_name"",""gameplay_class_candidates"":[""swordsmen""],""sourced_class_memberships"":[],""gameplay_classes_verified"":true,""availability"":{""player_use"":""available"",""opponent_use"":""training_dummy_available"",""basis"":""screenshot_brightness_inference"",""confidence"":""medium"",""as_of"":""2026-09-26"",""requires_confirmation_for_test_setup"":true}}",87
88,Academy Student,300000,300000,1,1,1.5,1.5,"[""Anime""]",[],"{""name"":{""file"":""Cards-2.xml"",""xml_path"":""/project[1]/scenes[1]/scene[1]/variables[1]/variable[1]"",""snap_value_id"":""34123"",""variable"":""Cards"",""item_1"":88},""rarity"":{""file"":""Cards-2.xml"",""xml_path"":""/project[1]/scenes[1]/scene[1]/variables[1]/variable[19]"",""snap_value_id"":""34147"",""variable"":""Card Rarities"",""item_1"":88},""weather"":{""file"":""data-10.csv"",""record_1"":1,""column_1"":88},""card_modifier"":{""file"":""../../card_engine/data_corrections.py"",""evidence"":""DaddyDrago's engine card data, user: more accurate than ours, 2026-10-03""}}",3,user_verified,"{""card_id"":88,""name"":""Academy Student"",""pack_id"":3,""pack"":""Anime"",""screenshot"":{""file"":""user_2026-09-27/Screenshot 2026-09-26 at 6.31.07 PM.png"",""image_number"":5,""card_ordinal_excluding_clipped_repeats"":9},""visual_tags"":[""humanlike""],""visual_inference_status"":""inferred_from_art_and_name"",""gameplay_class_candidates"":[],""sourced_class_memberships"":[],""gameplay_classes_verified"":true,""availability"":{""player_use"":""available"",""opponent_use"":""training_dummy_available"",""basis"":""screenshot_brightness_inference"",""confidence"":""medium"",""as_of"":""2026-09-26"",""requires_confirmation_for_test_setup"":true}}",88
89,Priest,500000,500000,8,8,1,1,"[""Anime""]",[],"{""name"":{""file"":""Cards-2.xml"",""xml_path"":""/project[1]/scenes[1]/scene[1]/variables[1]/variable[1]"",""snap_value_id"":""34123"",""variable"":""Cards"",""item_1"":89},""rarity"":{""file"":""Cards-2.xml"",""xml_path"":""/project[1]/scenes[1]/scene[1]/variables[1]/variable[19]"",""snap_value_id"":""34147"",""variable"":""Card Rarities"",""item_1"":89},""weather"":{""file"":""data-10.csv"",""record_1"":1,""column_1"":89},""card_modifier"":{""file"":""data-9.csv"",""record_1"":1,""column_1"":89}}",3,user_verified,"{""card_id"":89,""name"":""Priest"",""pack_id"":3,""pack"":""Anime"",""screenshot"":{""file"":""user_2026-09-27/Screenshot 2026-09-26 at 6.31.07 PM.png"",""image_number"":5,""card_ordinal_excluding_clipped_repeats"":10},""visual_tags"":[""humanlike""],""visual_inference_status"":""inferred_from_art_and_name"",""gameplay_class_candidates"":[],""sourced_class_memberships"":[],""gameplay_classes_verified"":true,""availability"":{""player_use"":""available"",""opponent_use"":""training_dummy_available"",""basis"":""screenshot_brightness_inference"",""confidence"":""medium"",""as_of"":""2026-09-26"",""requires_confirmation_for_test_setup"":true}}",89
90,Control Freak,500000,500000,1,1,1,1,"[""Anime""]",[],"{""name"":{""file"":""Cards-2.xml"",""xml_path"":""/project[1]/scenes[1]/scene[1]/variables[1]/variable[1]"",""snap_value_id"":""34123"",""variable"":""Cards"",""item_1"":90},""rarity"":{""file"":""Cards-2.xml"",""xml_path"":""/project[1]/scenes[1]/scene[1]/variables[1]/variable[19]"",""snap_value_id"":""34147"",""variable"":""Card Rarities"",""item_1"":90},""weather"":{""file"":""data-10.csv"",""record_1"":1,""column_1"":90},""card_modifier"":{""file"":""data-9.csv"",""record_1"":1,""column_1"":90}}",3,user_verified,"{""card_id"":90,""name"":""Control Freak"",""pack_id"":3,""pack"":""Anime"",""screenshot"":{""file"":""user_2026-09-27/Screenshot 2026-09-26 at 6.31.07 PM.png"",""image_number"":5,""card_ordinal_excluding_clipped_repeats"":11},""visual_tags"":[""humanlike""],""visual_inference_status"":""inferred_from_art_and_name"",""gameplay_class_candidates"":[],""sourced_class_memberships"":[],""gameplay_classes_verified"":true,""availability"":{""player_use"":""available"",""opponent_use"":""training_dummy_available"",""basis"":""screenshot_brightness_inference"",""confidence"":""medium"",""as_of"":""2026-09-26"",""requires_confirmation_for_test_setup"":true}}",90
91,Vampire Lord,500000,500000,11,11,1,1,"[""Anime""]","[""undead""]","{""name"":{""file"":""Cards-2.xml"",""xml_path"":""/project[1]/scenes[1]/scene[1]/variables[1]/variable[1]"",""snap_value_id"":""34123"",""variable"":""Cards"",""item_1"":91},""rarity"":{""file"":""Cards-2.xml"",""xml_path"":""/project[1]/scenes[1]/scene[1]/variables[1]/variable[19]"",""snap_value_id"":""34147"",""variable"":""Card Rarities"",""item_1"":91},""weather"":{""file"":""data-10.csv"",""record_1"":1,""column_1"":91},""card_modifier"":{""file"":""data-9.csv"",""record_1"":1,""column_1"":91}}",3,user_verified,"{""card_id"":91,""name"":""Vampire Lord"",""pack_id"":3,""pack"":""Anime"",""screenshot"":{""file"":""user_2026-09-27/Screenshot 2026-09-26 at 6.31.07 PM.png"",""image_number"":5,""card_ordinal_excluding_clipped_repeats"":12},""visual_tags"":[""humanlike"",""undead""],""visual_inference_status"":""inferred_from_art_and_name"",""gameplay_class_candidates"":[""undead""],""sourced_class_memberships"":[],""gameplay_classes_verified"":true,""availability"":{""player_use"":""available"",""opponent_use"":""training_dummy_available"",""basis"":""screenshot_brightness_inference"",""confidence"":""medium"",""as_of"":""2026-09-26"",""requires_confirmation_for_test_setup"":true}}",91
92,Admiral Ice,750000,750000,3,3,1,1,"[""Anime""]",[],"{""name"":{""file"":""Cards-2.xml"",""xml_path"":""/project[1]/scenes[1]/scene[1]/variables[1]/variable[1]"",""snap_value_id"":""34123"",""variable"":""Cards"",""item_1"":92},""rarity"":{""file"":""Cards-2.xml"",""xml_path"":""/project[1]/scenes[1]/scene[1]/variables[1]/variable[19]"",""snap_value_id"":""34147"",""variable"":""Card Rarities"",""item_1"":92},""weather"":{""file"":""data-10.csv"",""record_1"":1,""column_1"":92},""card_modifier"":{""file"":""data-9.csv"",""record_1"":1,""column_1"":92}}",3,user_verified,"{""card_id"":92,""name"":""Admiral Ice"",""pack_id"":3,""pack"":""Anime"",""screenshot"":{""file"":""user_2026-09-27/Screenshot 2026-09-26 at 6.31.07 PM.png"",""image_number"":5,""card_ordinal_excluding_clipped_repeats"":13},""visual_tags"":[""humanlike"",""ice""],""visual_inference_status"":""inferred_from_art_and_name"",""gameplay_class_candidates"":[],""sourced_class_memberships"":[],""gameplay_classes_verified"":true,""availability"":{""player_use"":""available"",""opponent_use"":""training_dummy_available"",""basis"":""screenshot_brightness_inference"",""confidence"":""medium"",""as_of"":""2026-09-26"",""requires_confirmation_for_test_setup"":true}}",92
93,Nao Presence,1000000,1000000,7,7,1,1,"[""Anime""]","[""rng""]","{""name"":{""file"":""Cards-2.xml"",""xml_path"":""/project[1]/scenes[1]/scene[1]/variables[1]/variable[1]"",""snap_value_id"":""34123"",""variable"":""Cards"",""item_1"":93},""rarity"":{""file"":""Cards-2.xml"",""xml_path"":""/project[1]/scenes[1]/scene[1]/variables[1]/variable[19]"",""snap_value_id"":""34147"",""variable"":""Card Rarities"",""item_1"":93},""weather"":{""file"":""data-10.csv"",""record_1"":1,""column_1"":93},""card_modifier"":{""file"":""data-9.csv"",""record_1"":1,""column_1"":93}}",3,user_verified,"{""card_id"":93,""name"":""Nao Presence"",""pack_id"":3,""pack"":""Anime"",""screenshot"":{""file"":""user_2026-09-27/Screenshot 2026-09-26 at 6.31.07 PM.png"",""image_number"":5,""card_ordinal_excluding_clipped_repeats"":14},""visual_tags"":[""humanlike""],""visual_inference_status"":""inferred_from_art_and_name"",""gameplay_class_candidates"":[""rng""],""sourced_class_memberships"":[],""gameplay_classes_verified"":true,""availability"":{""player_use"":""available"",""opponent_use"":""training_dummy_available"",""basis"":""screenshot_brightness_inference"",""confidence"":""medium"",""as_of"":""2026-09-26"",""requires_confirmation_for_test_setup"":true}}",93
94,Immortal Witch,1500000,1500000,1,1,1,1,"[""Anime""]",[],"{""name"":{""file"":""Cards-2.xml"",""xml_path"":""/project[1]/scenes[1]/scene[1]/variables[1]/variable[1]"",""snap_value_id"":""34123"",""variable"":""Cards"",""item_1"":94},""rarity"":{""file"":""Cards-2.xml"",""xml_path"":""/project[1]/scenes[1]/scene[1]/variables[1]/variable[19]"",""snap_value_id"":""34147"",""variable"":""Card Rarities"",""item_1"":94},""weather"":{""file"":""data-10.csv"",""record_1"":1,""column_1"":94},""card_modifier"":{""file"":""data-9.csv"",""record_1"":1,""column_1"":94}}",3,user_verified,"{""card_id"":94,""name"":""Immortal Witch"",""pack_id"":3,""pack"":""Anime"",""screenshot"":{""file"":""user_2026-09-27/Screenshot 2026-09-26 at 6.31.07 PM.png"",""image_number"":5,""card_ordinal_excluding_clipped_repeats"":15},""visual_tags"":[""humanlike""],""visual_inference_status"":""inferred_from_art_and_name"",""gameplay_class_candidates"":[],""sourced_class_memberships"":[],""gameplay_classes_verified"":true,""availability"":{""player_use"":""available"",""opponent_use"":""training_dummy_available"",""basis"":""screenshot_brightness_inference"",""confidence"":""medium"",""as_of"":""2026-09-26"",""requires_confirmation_for_test_setup"":true}}",94
95,Tornado,2500000,2500000,1,1,2.0,2.0,"[""Anime""]",[],"{""name"":{""file"":""Cards-2.xml"",""xml_path"":""/project[1]/scenes[1]/scene[1]/variables[1]/variable[1]"",""snap_value_id"":""34123"",""variable"":""Cards"",""item_1"":95},""rarity"":{""file"":""Cards-2.xml"",""xml_path"":""/project[1]/scenes[1]/scene[1]/variables[1]/variable[19]"",""snap_value_id"":""34147"",""variable"":""Card Rarities"",""item_1"":95},""weather"":{""file"":""data-10.csv"",""record_1"":1,""column_1"":95},""card_modifier"":{""file"":""../../card_engine/data_corrections.py"",""evidence"":""DaddyDrago's engine card data, user: more accurate than ours, 2026-10-03""}}",3,user_verified,"{""card_id"":95,""name"":""Tornado"",""pack_id"":3,""pack"":""Anime"",""screenshot"":{""file"":""user_2026-09-27/Screenshot 2026-09-26 at 6.31.07 PM.png"",""image_number"":5,""card_ordinal_excluding_clipped_repeats"":16},""visual_tags"":[""humanlike""],""visual_inference_status"":""inferred_from_art_and_name"",""gameplay_class_candidates"":[],""sourced_class_memberships"":[],""gameplay_classes_verified"":true,""availability"":{""player_use"":""available"",""opponent_use"":""training_dummy_available"",""basis"":""screenshot_brightness_inference"",""confidence"":""medium"",""as_of"":""2026-09-26"",""requires_confirmation_for_test_setup"":true}}",95
96,Failed Mage,3000000,3000000,1,1,1,1,"[""Anime""]",[],"{""name"":{""file"":""Cards-2.xml"",""xml_path"":""/project[1]/scenes[1]/scene[1]/variables[1]/variable[1]"",""snap_value_id"":""34123"",""variable"":""Cards"",""item_1"":96},""rarity"":{""file"":""Cards-2.xml"",""xml_path"":""/project[1]/scenes[1]/scene[1]/variables[1]/variable[19]"",""snap_value_id"":""34147"",""variable"":""Card Rarities"",""item_1"":96},""weather"":{""file"":""data-10.csv"",""record_1"":1,""column_1"":96},""card_modifier"":{""file"":""data-9.csv"",""record_1"":1,""column_1"":96}}",3,user_verified,"{""card_id"":96,""name"":""Failed Mage"",""pack_id"":3,""pack"":""Anime"",""screenshot"":{""file"":""user_2026-09-27/Screenshot 2026-09-26 at 6.31.07 PM.png"",""image_number"":5,""card_ordinal_excluding_clipped_repeats"":17},""visual_tags"":[""humanlike""],""visual_inference_status"":""inferred_from_art_and_name"",""gameplay_class_candidates"":[],""sourced_class_memberships"":[],""gameplay_classes_verified"":true,""availability"":{""player_use"":""available"",""opponent_use"":""training_dummy_available"",""basis"":""screenshot_brightness_inference"",""confidence"":""medium"",""as_of"":""2026-09-26"",""requires_confirmation_for_test_setup"":true}}",96
97,Joe,7000000,7000000,1,1,1,1,"[""Anime""]",[],"{""name"":{""file"":""Cards-2.xml"",""xml_path"":""/project[1]/scenes[1]/scene[1]/variables[1]/variable[1]"",""snap_value_id"":""34123"",""variable"":""Cards"",""item_1"":97},""rarity"":{""file"":""Cards-2.xml"",""xml_path"":""/project[1]/scenes[1]/scene[1]/variables[1]/variable[19]"",""snap_value_id"":""34147"",""variable"":""Card Rarities"",""item_1"":97},""weather"":{""file"":""data-10.csv"",""record_1"":1,""column_1"":97},""card_modifier"":{""file"":""data-9.csv"",""record_1"":1,""column_1"":97}}",3,user_verified,"{""card_id"":97,""name"":""Joe"",""pack_id"":3,""pack"":""Anime"",""screenshot"":{""file"":""user_2026-09-27/Screenshot 2026-09-26 at 6.31.07 PM.png"",""image_number"":5,""card_ordinal_excluding_clipped_repeats"":18},""visual_tags"":[""humanlike""],""visual_inference_status"":""inferred_from_art_and_name"",""gameplay_class_candidates"":[],""sourced_class_memberships"":[],""gameplay_classes_verified"":true,""availability"":{""player_use"":""available"",""opponent_use"":""training_dummy_available"",""basis"":""screenshot_brightness_inference"",""confidence"":""medium"",""as_of"":""2026-09-26"",""requires_confirmation_for_test_setup"":true}}",97
98,Ultimate Brawler,9000000,9000000,13,13,1,1,"[""Anime""]",[],"{""name"":{""file"":""Cards-2.xml"",""xml_path"":""/project[1]/scenes[1]/scene[1]/variables[1]/variable[1]"",""snap_value_id"":""34123"",""variable"":""Cards"",""item_1"":98},""rarity"":{""file"":""Cards-2.xml"",""xml_path"":""/project[1]/scenes[1]/scene[1]/variables[1]/variable[19]"",""snap_value_id"":""34147"",""variable"":""Card Rarities"",""item_1"":98},""weather"":{""file"":""data-10.csv"",""record_1"":1,""column_1"":98},""card_modifier"":{""file"":""data-9.csv"",""record_1"":1,""column_1"":98}}",3,user_verified,"{""card_id"":98,""name"":""Ultimate Brawler"",""pack_id"":3,""pack"":""Anime"",""screenshot"":{""file"":""user_2026-09-27/Screenshot 2026-09-26 at 6.31.07 PM.png"",""image_number"":5,""card_ordinal_excluding_clipped_repeats"":19},""visual_tags"":[""humanlike"",""warrior""],""visual_inference_status"":""inferred_from_art_and_name"",""gameplay_class_candidates"":[],""sourced_class_memberships"":[],""gameplay_classes_verified"":true,""availability"":{""player_use"":""available"",""opponent_use"":""training_dummy_available"",""basis"":""screenshot_brightness_inference"",""confidence"":""medium"",""as_of"":""2026-09-26"",""requires_confirmation_for_test_setup"":true}}",98
99,Cosmic Pop Star,10000000,10000000,7,7,1,1,"[""Anime""]",[],"{""name"":{""file"":""Cards-2.xml"",""xml_path"":""/project[1]/scenes[1]/scene[1]/variables[1]/variable[1]"",""snap_value_id"":""34123"",""variable"":""Cards"",""item_1"":99},""rarity"":{""file"":""Cards-2.xml"",""xml_path"":""/project[1]/scenes[1]/scene[1]/variables[1]/variable[19]"",""snap_value_id"":""34147"",""variable"":""Card Rarities"",""item_1"":99},""weather"":{""file"":""data-10.csv"",""record_1"":1,""column_1"":99},""card_modifier"":{""file"":""data-9.csv"",""record_1"":1,""column_1"":99}}",3,user_verified,"{""card_id"":99,""name"":""Cosmic Pop Star"",""pack_id"":3,""pack"":""Anime"",""screenshot"":{""file"":""user_2026-09-27/Screenshot 2026-09-26 at 6.31.07 PM.png"",""image_number"":5,""card_ordinal_excluding_clipped_repeats"":20},""visual_tags"":[""humanlike""],""visual_inference_status"":""inferred_from_art_and_name"",""gameplay_class_candidates"":[],""sourced_class_memberships"":[],""gameplay_classes_verified"":true,""availability"":{""player_use"":""available"",""opponent_use"":""training_dummy_available"",""basis"":""screenshot_brightness_inference"",""confidence"":""medium"",""as_of"":""2026-09-26"",""requires_confirmation_for_test_setup"":true}}",99
100,Mastermind,11111111,11111111,1,1,1,1,"[""Anime""]",[],"{""name"":{""file"":""Cards-2.xml"",""xml_path"":""/project[1]/scenes[1]/scene[1]/variables[1]/variable[1]"",""snap_value_id"":""34123"",""variable"":""Cards"",""item_1"":100},""rarity"":{""file"":""Cards-2.xml"",""xml_path"":""/project[1]/scenes[1]/scene[1]/variables[1]/variable[19]"",""snap_value_id"":""34147"",""variable"":""Card Rarities"",""item_1"":100},""weather"":{""file"":""data-10.csv"",""record_1"":1,""column_1"":100},""card_modifier"":{""file"":""data-9.csv"",""record_1"":1,""column_1"":100}}",3,user_verified,"{""card_id"":100,""name"":""Mastermind"",""pack_id"":3,""pack"":""Anime"",""screenshot"":{""file"":""user_2026-09-27/Screenshot 2026-09-26 at 6.31.07 PM.png"",""image_number"":5,""card_ordinal_excluding_clipped_repeats"":21},""visual_tags"":[""humanlike""],""visual_inference_status"":""inferred_from_art_and_name"",""gameplay_class_candidates"":[],""sourced_class_memberships"":[],""gameplay_classes_verified"":true,""availability"":{""player_use"":""available"",""opponent_use"":""training_dummy_available"",""basis"":""screenshot_brightness_inference"",""confidence"":""medium"",""as_of"":""2026-09-26"",""requires_confirmation_for_test_setup"":true}}",100
101,Cat Lady,15000000,15000000,1,1,1,1,"[""Anime""]",[],"{""name"":{""file"":""Cards-2.xml"",""xml_path"":""/project[1]/scenes[1]/scene[1]/variables[1]/variable[1]"",""snap_value_id"":""34123"",""variable"":""Cards"",""item_1"":101},""rarity"":{""file"":""Cards-2.xml"",""xml_path"":""/project[1]/scenes[1]/scene[1]/variables[1]/variable[19]"",""snap_value_id"":""34147"",""variable"":""Card Rarities"",""item_1"":101},""weather"":{""file"":""data-10.csv"",""record_1"":1,""column_1"":101},""card_modifier"":{""file"":""data-9.csv"",""record_1"":1,""column_1"":101}}",3,user_verified,"{""card_id"":101,""name"":""Cat Lady"",""pack_id"":3,""pack"":""Anime"",""screenshot"":{""file"":""user_2026-09-27/Screenshot 2026-09-26 at 6.31.07 PM.png"",""image_number"":5,""card_ordinal_excluding_clipped_repeats"":22},""visual_tags"":[""humanlike"",""feline""],""visual_inference_status"":""inferred_from_art_and_name"",""gameplay_class_candidates"":[],""sourced_class_memberships"":[],""gameplay_classes_verified"":true,""availability"":{""player_use"":""available"",""opponent_use"":""training_dummy_available"",""basis"":""screenshot_brightness_inference"",""confidence"":""medium"",""as_of"":""2026-09-26"",""requires_confirmation_for_test_setup"":true}}",101
102,Domain Master,25000000,25000000,1,1,1,1,"[""Anime""]",[],"{""name"":{""file"":""Cards-2.xml"",""xml_path"":""/project[1]/scenes[1]/scene[1]/variables[1]/variable[1]"",""snap_value_id"":""34123"",""variable"":""Cards"",""item_1"":102},""rarity"":{""file"":""Cards-2.xml"",""xml_path"":""/project[1]/scenes[1]/scene[1]/variables[1]/variable[19]"",""snap_value_id"":""34147"",""variable"":""Card Rarities"",""item_1"":102},""weather"":{""file"":""data-10.csv"",""record_1"":1,""column_1"":102},""card_modifier"":{""file"":""data-9.csv"",""record_1"":1,""column_1"":102}}",3,user_verified,"{""card_id"":102,""name"":""Domain Master"",""pack_id"":3,""pack"":""Anime"",""screenshot"":{""file"":""user_2026-09-27/Screenshot 2026-09-26 at 6.31.07 PM.png"",""image_number"":5,""card_ordinal_excluding_clipped_repeats"":23},""visual_tags"":[""humanlike""],""visual_inference_status"":""inferred_from_art_and_name"",""gameplay_class_candidates"":[],""sourced_class_memberships"":[],""gameplay_classes_verified"":true,""availability"":{""player_use"":""available"",""opponent_use"":""training_dummy_available"",""basis"":""screenshot_brightness_inference"",""confidence"":""medium"",""as_of"":""2026-09-26"",""requires_confirmation_for_test_setup"":true}}",102
103,Kira,51128200,51128200,6,6,1,1,"[""Anime""]",[],"{""name"":{""file"":""Cards-2.xml"",""xml_path"":""/project[1]/scenes[1]/scene[1]/variables[1]/variable[1]"",""snap_value_id"":""34123"",""variable"":""Cards"",""item_1"":103},""rarity"":{""file"":""Cards-2.xml"",""xml_path"":""/project[1]/scenes[1]/scene[1]/variables[1]/variable[19]"",""snap_value_id"":""34147"",""variable"":""Card Rarities"",""item_1"":103},""weather"":{""file"":""data-10.csv"",""record_1"":1,""column_1"":103},""card_modifier"":{""file"":""data-9.csv"",""record_1"":1,""column_1"":103}}",3,user_verified,"{""card_id"":103,""name"":""Kira"",""pack_id"":3,""pack"":""Anime"",""screenshot"":{""file"":""user_2026-09-27/Screenshot 2026-09-26 at 6.31.07 PM.png"",""image_number"":5,""card_ordinal_excluding_clipped_repeats"":24},""visual_tags"":[""humanlike""],""visual_inference_status"":""inferred_from_art_and_name"",""gameplay_class_candidates"":[],""sourced_class_memberships"":[],""gameplay_classes_verified"":true,""availability"":{""player_use"":""available"",""opponent_use"":""training_dummy_available"",""basis"":""screenshot_brightness_inference"",""confidence"":""medium"",""as_of"":""2026-09-26"",""requires_confirmation_for_test_setup"":true}}",103
104,Piccolo,1000000000,1000000000,1,1,1,1,"[""Anime""]",[],"{""name"":{""file"":""Cards-2.xml"",""xml_path"":""/project[1]/scenes[1]/scene[1]/variables[1]/variable[1]"",""snap_value_id"":""34123"",""variable"":""Cards"",""item_1"":104},""rarity"":{""file"":""Cards-2.xml"",""xml_path"":""/project[1]/scenes[1]/scene[1]/variables[1]/variable[19]"",""snap_value_id"":""34147"",""variable"":""Card Rarities"",""item_1"":104},""weather"":{""file"":""data-10.csv"",""record_1"":1,""column_1"":104},""card_modifier"":{""file"":""data-9.csv"",""record_1"":1,""column_1"":104}}",3,user_verified,"{""card_id"":104,""name"":""Piccolo"",""pack_id"":3,""pack"":""Anime"",""screenshot"":{""file"":""user_2026-09-27/Screenshot 2026-09-26 at 6.31.22 PM.png"",""image_number"":6,""card_ordinal_excluding_clipped_repeats"":1},""visual_tags"":[""humanoid"",""alien""],""visual_inference_status"":""inferred_from_art_and_name"",""gameplay_class_candidates"":[],""sourced_class_memberships"":[],""gameplay_classes_verified"":true,""availability"":{""player_use"":""available"",""opponent_use"":""training_dummy_available"",""basis"":""screenshot_brightness_inference"",""confidence"":""medium"",""as_of"":""2026-09-26"",""requires_confirmation_for_test_setup"":true}}",104
105,Ninja,99,99,1,1,1,1,"[""Rising Sun""]",[],"{""name"":{""file"":""Cards-2.xml"",""xml_path"":""/project[1]/scenes[1]/scene[1]/variables[1]/variable[1]"",""snap_value_id"":""34123"",""variable"":""Cards"",""item_1"":105},""rarity"":{""file"":""Cards-2.xml"",""xml_path"":""/project[1]/scenes[1]/scene[1]/variables[1]/variable[19]"",""snap_value_id"":""34147"",""variable"":""Card Rarities"",""item_1"":105},""weather"":{""file"":""data-10.csv"",""record_1"":1,""column_1"":105},""card_modifier"":{""file"":""data-9.csv"",""record_1"":1,""column_1"":105}}",4,user_verified,"{""card_id"":105,""name"":""Ninja"",""pack_id"":4,""pack"":""Rising Sun"",""screenshot"":{""file"":""user_2026-09-27/Screenshot 2026-09-26 at 6.31.22 PM.png"",""image_number"":6,""card_ordinal_excluding_clipped_repeats"":2},""visual_tags"":[""humanlike"",""warrior""],""visual_inference_status"":""inferred_from_art_and_name"",""gameplay_class_candidates"":[],""sourced_class_memberships"":[],""gameplay_classes_verified"":true,""availability"":{""player_use"":""available"",""opponent_use"":""training_dummy_available"",""basis"":""screenshot_brightness_inference"",""confidence"":""medium"",""as_of"":""2026-09-26"",""requires_confirmation_for_test_setup"":true}}",105
106,Samurai,250,250,1,1,1,1,"[""Rising Sun""]","[""swordsmen""]","{""name"":{""file"":""Cards-2.xml"",""xml_path"":""/project[1]/scenes[1]/scene[1]/variables[1]/variable[1]"",""snap_value_id"":""34123"",""variable"":""Cards"",""item_1"":106},""rarity"":{""file"":""Cards-2.xml"",""xml_path"":""/project[1]/scenes[1]/scene[1]/variables[1]/variable[19]"",""snap_value_id"":""34147"",""variable"":""Card Rarities"",""item_1"":106},""weather"":{""file"":""data-10.csv"",""record_1"":1,""column_1"":106},""card_modifier"":{""file"":""data-9.csv"",""record_1"":1,""column_1"":106}}",4,user_verified,"{""card_id"":106,""name"":""Samurai"",""pack_id"":4,""pack"":""Rising Sun"",""screenshot"":{""file"":""user_2026-09-27/Screenshot 2026-09-26 at 6.31.22 PM.png"",""image_number"":6,""card_ordinal_excluding_clipped_repeats"":3},""visual_tags"":[""humanlike"",""warrior""],""visual_inference_status"":""inferred_from_art_and_name"",""gameplay_class_candidates"":[""swordsmen""],""sourced_class_memberships"":[],""gameplay_classes_verified"":true,""availability"":{""player_use"":""available"",""opponent_use"":""training_dummy_available"",""basis"":""screenshot_brightness_inference"",""confidence"":""medium"",""as_of"":""2026-09-26"",""requires_confirmation_for_test_setup"":true}}",106
107,Onmyoji,4500,4500,1,1,1,1,"[""Rising Sun""]",[],"{""name"":{""file"":""Cards-2.xml"",""xml_path"":""/project[1]/scenes[1]/scene[1]/variables[1]/variable[1]"",""snap_value_id"":""34123"",""variable"":""Cards"",""item_1"":107},""rarity"":{""file"":""Cards-2.xml"",""xml_path"":""/project[1]/scenes[1]/scene[1]/variables[1]/variable[19]"",""snap_value_id"":""34147"",""variable"":""Card Rarities"",""item_1"":107},""weather"":{""file"":""data-10.csv"",""record_1"":1,""column_1"":107},""card_modifier"":{""file"":""data-9.csv"",""record_1"":1,""column_1"":107}}",4,user_verified,"{""card_id"":107,""name"":""Onmyoji"",""pack_id"":4,""pack"":""Rising Sun"",""screenshot"":{""file"":""user_2026-09-27/Screenshot 2026-09-26 at 6.31.22 PM.png"",""image_number"":6,""card_ordinal_excluding_clipped_repeats"":4},""visual_tags"":[""humanlike"",""mage""],""visual_inference_status"":""inferred_from_art_and_name"",""gameplay_class_candidates"":[],""sourced_class_memberships"":[],""gameplay_classes_verified"":true,""availability"":{""player_use"":""available"",""opponent_use"":""training_dummy_available"",""basis"":""screenshot_brightness_inference"",""confidence"":""medium"",""as_of"":""2026-09-26"",""requires_confirmation_for_test_setup"":true}}",107
108,Kitsune,10000,10000,1,1,1,1,"[""Rising Sun""]",[],"{""name"":{""file"":""Cards-2.xml"",""xml_path"":""/project[1]/scenes[1]/scene[1]/variables[1]/variable[1]"",""snap_value_id"":""34123"",""variable"":""Cards"",""item_1"":108},""rarity"":{""file"":""Cards-2.xml"",""xml_path"":""/project[1]/scenes[1]/scene[1]/variables[1]/variable[19]"",""snap_value_id"":""34147"",""variable"":""Card Rarities"",""item_1"":108},""weather"":{""file"":""data-10.csv"",""record_1"":1,""column_1"":108},""card_modifier"":{""file"":""data-9.csv"",""record_1"":1,""column_1"":108}}",4,user_verified,"{""card_id"":108,""name"":""Kitsune"",""pack_id"":4,""pack"":""Rising Sun"",""screenshot"":{""file"":""user_2026-09-27/Screenshot 2026-09-26 at 6.31.22 PM.png"",""image_number"":6,""card_ordinal_excluding_clipped_repeats"":5},""visual_tags"":[""animal"",""canine"",""spirit""],""visual_inference_status"":""inferred_from_art_and_name"",""gameplay_class_candidates"":[],""sourced_class_memberships"":[],""gameplay_classes_verified"":true,""availability"":{""player_use"":""available"",""opponent_use"":""training_dummy_available"",""basis"":""screenshot_brightness_inference"",""confidence"":""medium"",""as_of"":""2026-09-26"",""requires_confirmation_for_test_setup"":true}}",108
109,A0-ON1,66666,66666,1,1,1,1,"[""Rising Sun""]","[""demon"",""friendship""]","{""name"":{""file"":""Cards-2.xml"",""xml_path"":""/project[1]/scenes[1]/scene[1]/variables[1]/variable[1]"",""snap_value_id"":""34123"",""variable"":""Cards"",""item_1"":109},""rarity"":{""file"":""Cards-2.xml"",""xml_path"":""/project[1]/scenes[1]/scene[1]/variables[1]/variable[19]"",""snap_value_id"":""34147"",""variable"":""Card Rarities"",""item_1"":109},""weather"":{""file"":""data-10.csv"",""record_1"":1,""column_1"":109},""card_modifier"":{""file"":""data-9.csv"",""record_1"":1,""column_1"":109}}",4,user_verified,"{""card_id"":109,""name"":""A0-ON1"",""pack_id"":4,""pack"":""Rising Sun"",""screenshot"":{""file"":""user_2026-09-27/Screenshot 2026-09-26 at 6.31.22 PM.png"",""image_number"":6,""card_ordinal_excluding_clipped_repeats"":6},""visual_tags"":[""construct"",""armored""],""visual_inference_status"":""inferred_from_art_and_name"",""gameplay_class_candidates"":[""demon"",""friendship""],""sourced_class_memberships"":[{""card_id"":109,""class_name"":""friendship"",""source_url"":""https://card-rng.fandom.com/wiki/A0-ON1"",""evidence_summary"":""Trivia explicitly identifies A0-ON1 and AK4-ON1 as the self-inclusive Friendship pair."",""status"":""wiki_supported_unverified_current""}],""gameplay_classes_verified"":true,""availability"":{""player_use"":""available"",""opponent_use"":""training_dummy_available"",""basis"":""screenshot_brightness_inference"",""confidence"":""medium"",""as_of"":""2026-09-26"",""requires_confirmation_for_test_setup"":true}}",109
110,AK4-ON1,66666,66666,1,1,1,1,"[""Rising Sun""]","[""demon"",""friendship""]","{""name"":{""file"":""Cards-2.xml"",""xml_path"":""/project[1]/scenes[1]/scene[1]/variables[1]/variable[1]"",""snap_value_id"":""34123"",""variable"":""Cards"",""item_1"":110},""rarity"":{""file"":""Cards-2.xml"",""xml_path"":""/project[1]/scenes[1]/scene[1]/variables[1]/variable[19]"",""snap_value_id"":""34147"",""variable"":""Card Rarities"",""item_1"":110},""weather"":{""file"":""data-10.csv"",""record_1"":1,""column_1"":110},""card_modifier"":{""file"":""data-9.csv"",""record_1"":1,""column_1"":110}}",4,user_verified,"{""card_id"":110,""name"":""AK4-ON1"",""pack_id"":4,""pack"":""Rising Sun"",""screenshot"":{""file"":""user_2026-09-27/Screenshot 2026-09-26 at 6.31.22 PM.png"",""image_number"":6,""card_ordinal_excluding_clipped_repeats"":7},""visual_tags"":[""construct"",""armored""],""visual_inference_status"":""inferred_from_art_and_name"",""gameplay_class_candidates"":[""demon"",""friendship""],""sourced_class_memberships"":[{""card_id"":110,""class_name"":""friendship"",""source_url"":""https://card-rng.fandom.com/wiki/A0-ON1"",""evidence_summary"":""Trivia explicitly identifies A0-ON1 and AK4-ON1 as the self-inclusive Friendship pair."",""status"":""wiki_supported_unverified_current""}],""gameplay_classes_verified"":true,""availability"":{""player_use"":""available"",""opponent_use"":""training_dummy_available"",""basis"":""screenshot_brightness_inference"",""confidence"":""medium"",""as_of"":""2026-09-26"",""requires_confirmation_for_test_setup"":true}}",110
111,Shuten-dōji,96139,96139,11,11,1,1,"[""Rising Sun""]","[""demon""]","{""name"":{""file"":""Cards-2.xml"",""xml_path"":""/project[1]/scenes[1]/scene[1]/variables[1]/variable[1]"",""snap_value_id"":""34123"",""variable"":""Cards"",""item_1"":111},""rarity"":{""file"":""Cards-2.xml"",""xml_path"":""/project[1]/scenes[1]/scene[1]/variables[1]/variable[19]"",""snap_value_id"":""34147"",""variable"":""Card Rarities"",""item_1"":111},""weather"":{""file"":""data-10.csv"",""record_1"":1,""column_1"":111},""card_modifier"":{""file"":""data-9.csv"",""record_1"":1,""column_1"":111}}",4,user_verified,"{""card_id"":111,""name"":""Shuten-dōji"",""pack_id"":4,""pack"":""Rising Sun"",""screenshot"":{""file"":""user_2026-09-27/Screenshot 2026-09-26 at 6.31.22 PM.png"",""image_number"":6,""card_ordinal_excluding_clipped_repeats"":8},""visual_tags"":[""demon"",""humanoid""],""visual_inference_status"":""inferred_from_art_and_name"",""gameplay_class_candidates"":[""demon""],""sourced_class_memberships"":[],""gameplay_classes_verified"":true,""availability"":{""player_use"":""available"",""opponent_use"":""training_dummy_available"",""basis"":""screenshot_brightness_inference"",""confidence"":""medium"",""as_of"":""2026-09-26"",""requires_confirmation_for_test_setup"":true}}",111
112,River Dragon,100000,100000,1,1,1,1,"[""Rising Sun""]","[""dragon""]","{""name"":{""file"":""Cards-2.xml"",""xml_path"":""/project[1]/scenes[1]/scene[1]/variables[1]/variable[1]"",""snap_value_id"":""34123"",""variable"":""Cards"",""item_1"":112},""rarity"":{""file"":""Cards-2.xml"",""xml_path"":""/project[1]/scenes[1]/scene[1]/variables[1]/variable[19]"",""snap_value_id"":""34147"",""variable"":""Card Rarities"",""item_1"":112},""weather"":{""file"":""data-10.csv"",""record_1"":1,""column_1"":112},""card_modifier"":{""file"":""data-9.csv"",""record_1"":1,""column_1"":112}}",4,user_verified,"{""card_id"":112,""name"":""River Dragon"",""pack_id"":4,""pack"":""Rising Sun"",""screenshot"":{""file"":""user_2026-09-27/Screenshot 2026-09-26 at 6.31.22 PM.png"",""image_number"":6,""card_ordinal_excluding_clipped_repeats"":9},""visual_tags"":[""dragon"",""aquatic""],""visual_inference_status"":""inferred_from_art_and_name"",""gameplay_class_candidates"":[""dragon""],""sourced_class_memberships"":[{""card_id"":112,""class_name"":""dragon"",""source_url"":""https://card-rng.fandom.com/wiki/Dragon_King"",""evidence_summary"":""Dragon King trivia explicitly includes this card among its dragon targets."",""status"":""wiki_supported_unverified_current""}],""gameplay_classes_verified"":true,""availability"":{""player_use"":""available"",""opponent_use"":""training_dummy_available"",""basis"":""screenshot_brightness_inference"",""confidence"":""medium"",""as_of"":""2026-09-26"",""requires_confirmation_for_test_setup"":true}}",112
113,Sasaki Kojiro,250000,250000,1,1,1,1,"[""Rising Sun""]","[""swordsmen""]","{""name"":{""file"":""Cards-2.xml"",""xml_path"":""/project[1]/scenes[1]/scene[1]/variables[1]/variable[1]"",""snap_value_id"":""34123"",""variable"":""Cards"",""item_1"":113},""rarity"":{""file"":""Cards-2.xml"",""xml_path"":""/project[1]/scenes[1]/scene[1]/variables[1]/variable[19]"",""snap_value_id"":""34147"",""variable"":""Card Rarities"",""item_1"":113},""weather"":{""file"":""data-10.csv"",""record_1"":1,""column_1"":113},""card_modifier"":{""file"":""data-9.csv"",""record_1"":1,""column_1"":113}}",4,user_verified,"{""card_id"":113,""name"":""Sasaki Kojiro"",""pack_id"":4,""pack"":""Rising Sun"",""screenshot"":{""file"":""user_2026-09-27/Screenshot 2026-09-26 at 6.31.22 PM.png"",""image_number"":6,""card_ordinal_excluding_clipped_repeats"":10},""visual_tags"":[""humanlike"",""warrior""],""visual_inference_status"":""inferred_from_art_and_name"",""gameplay_class_candidates"":[""swordsmen""],""sourced_class_memberships"":[],""gameplay_classes_verified"":true,""availability"":{""player_use"":""available"",""opponent_use"":""training_dummy_available"",""basis"":""screenshot_brightness_inference"",""confidence"":""medium"",""as_of"":""2026-09-26"",""requires_confirmation_for_test_setup"":true}}",113
114,Inari,1000000,1000000,1,1,1,1,"[""Rising Sun""]",[],"{""name"":{""file"":""Cards-2.xml"",""xml_path"":""/project[1]/scenes[1]/scene[1]/variables[1]/variable[1]"",""snap_value_id"":""34123"",""variable"":""Cards"",""item_1"":114},""rarity"":{""file"":""Cards-2.xml"",""xml_path"":""/project[1]/scenes[1]/scene[1]/variables[1]/variable[19]"",""snap_value_id"":""34147"",""variable"":""Card Rarities"",""item_1"":114},""weather"":{""file"":""data-10.csv"",""record_1"":1,""column_1"":114},""card_modifier"":{""file"":""data-9.csv"",""record_1"":1,""column_1"":114}}",4,user_verified,"{""card_id"":114,""name"":""Inari"",""pack_id"":4,""pack"":""Rising Sun"",""screenshot"":{""file"":""user_2026-09-27/Screenshot 2026-09-26 at 6.31.22 PM.png"",""image_number"":6,""card_ordinal_excluding_clipped_repeats"":11},""visual_tags"":[""animal"",""canine"",""spirit""],""visual_inference_status"":""inferred_from_art_and_name"",""gameplay_class_candidates"":[],""sourced_class_memberships"":[],""gameplay_classes_verified"":true,""availability"":{""player_use"":""available"",""opponent_use"":""training_dummy_available"",""basis"":""screenshot_brightness_inference"",""confidence"":""medium"",""as_of"":""2026-09-26"",""requires_confirmation_for_test_setup"":true}}",114
115,Yamato no Orochi,3000000,3000000,1,1,1,1,"[""Rising Sun""]",[],"{""name"":{""file"":""Cards-2.xml"",""xml_path"":""/project[1]/scenes[1]/scene[1]/variables[1]/variable[1]"",""snap_value_id"":""34123"",""variable"":""Cards"",""item_1"":115},""rarity"":{""file"":""Cards-2.xml"",""xml_path"":""/project[1]/scenes[1]/scene[1]/variables[1]/variable[19]"",""snap_value_id"":""34147"",""variable"":""Card Rarities"",""item_1"":115},""weather"":{""file"":""data-10.csv"",""record_1"":1,""column_1"":115},""card_modifier"":{""file"":""data-9.csv"",""record_1"":1,""column_1"":115}}",4,user_verified,"{""card_id"":115,""name"":""Yamato no Orochi"",""pack_id"":4,""pack"":""Rising Sun"",""screenshot"":{""file"":""user_2026-09-27/Screenshot 2026-09-26 at 6.31.22 PM.png"",""image_number"":6,""card_ordinal_excluding_clipped_repeats"":12},""visual_tags"":[""reptile"",""serpent""],""visual_inference_status"":""inferred_from_art_and_name"",""gameplay_class_candidates"":[],""sourced_class_memberships"":[],""gameplay_classes_verified"":true,""availability"":{""player_use"":""available"",""opponent_use"":""training_dummy_available"",""basis"":""screenshot_brightness_inference"",""confidence"":""medium"",""as_of"":""2026-09-26"",""requires_confirmation_for_test_setup"":true}}",115
116,Susanoo,34000000,34000000,2,2,1,1,"[""Rising Sun""]","[""swordsmen""]","{""name"":{""file"":""Cards-2.xml"",""xml_path"":""/project[1]/scenes[1]/scene[1]/variables[1]/variable[1]"",""snap_value_id"":""34123"",""variable"":""Cards"",""item_1"":116},""rarity"":{""file"":""Cards-2.xml"",""xml_path"":""/project[1]/scenes[1]/scene[1]/variables[1]/variable[19]"",""snap_value_id"":""34147"",""variable"":""Card Rarities"",""item_1"":116},""weather"":{""file"":""data-10.csv"",""record_1"":1,""column_1"":116},""card_modifier"":{""file"":""data-9.csv"",""record_1"":1,""column_1"":116}}",4,user_verified,"{""card_id"":116,""name"":""Susanoo"",""pack_id"":4,""pack"":""Rising Sun"",""screenshot"":{""file"":""user_2026-09-27/Screenshot 2026-09-26 at 6.31.22 PM.png"",""image_number"":6,""card_ordinal_excluding_clipped_repeats"":13},""visual_tags"":[""humanlike"",""divine""],""visual_inference_status"":""inferred_from_art_and_name"",""gameplay_class_candidates"":[""swordsmen""],""sourced_class_memberships"":[],""gameplay_classes_verified"":true,""availability"":{""player_use"":""available"",""opponent_use"":""training_dummy_available"",""basis"":""screenshot_brightness_inference"",""confidence"":""medium"",""as_of"":""2026-09-26"",""requires_confirmation_for_test_setup"":true}}",116
117,Tsukuyomi,42000000,42000000,1,1,1,1,"[""Rising Sun""]",[],"{""name"":{""file"":""Cards-2.xml"",""xml_path"":""/project[1]/scenes[1]/scene[1]/variables[1]/variable[1]"",""snap_value_id"":""34123"",""variable"":""Cards"",""item_1"":117},""rarity"":{""file"":""Cards-2.xml"",""xml_path"":""/project[1]/scenes[1]/scene[1]/variables[1]/variable[19]"",""snap_value_id"":""34147"",""variable"":""Card Rarities"",""item_1"":117},""weather"":{""file"":""data-10.csv"",""record_1"":1,""column_1"":117},""card_modifier"":{""file"":""data-9.csv"",""record_1"":1,""column_1"":117}}",4,user_verified,"{""card_id"":117,""name"":""Tsukuyomi"",""pack_id"":4,""pack"":""Rising Sun"",""screenshot"":{""file"":""user_2026-09-27/Screenshot 2026-09-26 at 6.31.22 PM.png"",""image_number"":6,""card_ordinal_excluding_clipped_repeats"":14},""visual_tags"":[""humanlike"",""divine""],""visual_inference_status"":""inferred_from_art_and_name"",""gameplay_class_candidates"":[],""sourced_class_memberships"":[],""gameplay_classes_verified"":true,""availability"":{""player_use"":""available"",""opponent_use"":""training_dummy_available"",""basis"":""screenshot_brightness_inference"",""confidence"":""medium"",""as_of"":""2026-09-26"",""requires_confirmation_for_test_setup"":true}}",117
118,Amaterasu,300000000,300000000,1,1,1.2,1.2,"[""Rising Sun""]",[],"{""name"":{""file"":""Cards-2.xml"",""xml_path"":""/project[1]/scenes[1]/scene[1]/variables[1]/variable[1]"",""snap_value_id"":""34123"",""variable"":""Cards"",""item_1"":118},""rarity"":{""file"":""Cards-2.xml"",""xml_path"":""/project[1]/scenes[1]/scene[1]/variables[1]/variable[19]"",""snap_value_id"":""34147"",""variable"":""Card Rarities"",""item_1"":118},""weather"":{""file"":""data-10.csv"",""record_1"":1,""column_1"":118},""card_modifier"":{""file"":""../../card_engine/data_corrections.py"",""evidence"":""DaddyDrago's engine card data, user: more accurate than ours, 2026-10-03""}}",4,user_verified,"{""card_id"":118,""name"":""Amaterasu"",""pack_id"":4,""pack"":""Rising Sun"",""screenshot"":{""file"":""user_2026-09-27/Screenshot 2026-09-26 at 6.31.22 PM.png"",""image_number"":6,""card_ordinal_excluding_clipped_repeats"":15},""visual_tags"":[""humanlike"",""divine""],""visual_inference_status"":""inferred_from_art_and_name"",""gameplay_class_candidates"":[],""sourced_class_memberships"":[],""gameplay_classes_verified"":true,""availability"":{""player_use"":""available"",""opponent_use"":""training_dummy_available"",""basis"":""screenshot_brightness_inference"",""confidence"":""medium"",""as_of"":""2026-09-26"",""requires_confirmation_for_test_setup"":true}}",118
119,Kuchisake-onna,555444321,555444321,1,1,1,1,"[""Rising Sun""]",[],"{""name"":{""file"":""Cards-2.xml"",""xml_path"":""/project[1]/scenes[1]/scene[1]/variables[1]/variable[1]"",""snap_value_id"":""34123"",""variable"":""Cards"",""item_1"":119},""rarity"":{""file"":""Cards-2.xml"",""xml_path"":""/project[1]/scenes[1]/scene[1]/variables[1]/variable[19]"",""snap_value_id"":""34147"",""variable"":""Card Rarities"",""item_1"":119},""weather"":{""file"":""data-10.csv"",""record_1"":1,""column_1"":119},""card_modifier"":{""file"":""data-9.csv"",""record_1"":1,""column_1"":119}}",4,user_verified,"{""card_id"":119,""name"":""Kuchisake-onna"",""pack_id"":4,""pack"":""Rising Sun"",""screenshot"":{""file"":""user_2026-09-27/Screenshot 2026-09-26 at 6.31.22 PM.png"",""image_number"":6,""card_ordinal_excluding_clipped_repeats"":16},""visual_tags"":[""humanlike"",""spirit""],""visual_inference_status"":""inferred_from_art_and_name"",""gameplay_class_candidates"":[],""sourced_class_memberships"":[],""gameplay_classes_verified"":true,""availability"":{""player_use"":""available"",""opponent_use"":""training_dummy_available"",""basis"":""screenshot_brightness_inference"",""confidence"":""medium"",""as_of"":""2026-09-26"",""requires_confirmation_for_test_setup"":true}}",119
120,Demon Cultivator,35000,35000,11,11,1,1,"[""Immortal""]","[""demon""]","{""name"":{""file"":""Cards-2.xml"",""xml_path"":""/project[1]/scenes[1]/scene[1]/variables[1]/variable[1]"",""snap_value_id"":""34123"",""variable"":""Cards"",""item_1"":120},""rarity"":{""file"":""Cards-2.xml"",""xml_path"":""/project[1]/scenes[1]/scene[1]/variables[1]/variable[19]"",""snap_value_id"":""34147"",""variable"":""Card Rarities"",""item_1"":120},""weather"":{""file"":""data-10.csv"",""record_1"":1,""column_1"":120},""card_modifier"":{""file"":""data-9.csv"",""record_1"":1,""column_1"":120}}",5,user_verified,"{""card_id"":120,""name"":""Demon Cultivator"",""pack_id"":5,""pack"":""Immortal"",""screenshot"":{""file"":""user_2026-09-27/Screenshot 2026-09-26 at 6.31.56 PM.png"",""image_number"":7,""card_ordinal_excluding_clipped_repeats"":1},""visual_tags"":[""humanlike"",""demon""],""visual_inference_status"":""inferred_from_art_and_name"",""gameplay_class_candidates"":[""demon""],""sourced_class_memberships"":[],""gameplay_classes_verified"":true,""availability"":{""player_use"":""available"",""opponent_use"":""training_dummy_available"",""basis"":""screenshot_brightness_inference"",""confidence"":""medium"",""as_of"":""2026-09-26"",""requires_confirmation_for_test_setup"":true}}",120
121,Martial Artist,500000,500000,1,1,1,1,"[""Immortal""]",[],"{""name"":{""file"":""Cards-2.xml"",""xml_path"":""/project[1]/scenes[1]/scene[1]/variables[1]/variable[1]"",""snap_value_id"":""34123"",""variable"":""Cards"",""item_1"":121},""rarity"":{""file"":""Cards-2.xml"",""xml_path"":""/project[1]/scenes[1]/scene[1]/variables[1]/variable[19]"",""snap_value_id"":""34147"",""variable"":""Card Rarities"",""item_1"":121},""weather"":{""file"":""data-10.csv"",""record_1"":1,""column_1"":121},""card_modifier"":{""file"":""data-9.csv"",""record_1"":1,""column_1"":121}}",5,user_verified,"{""card_id"":121,""name"":""Martial Artist"",""pack_id"":5,""pack"":""Immortal"",""screenshot"":{""file"":""user_2026-09-27/Screenshot 2026-09-26 at 6.31.56 PM.png"",""image_number"":7,""card_ordinal_excluding_clipped_repeats"":2},""visual_tags"":[""humanlike"",""warrior""],""visual_inference_status"":""inferred_from_art_and_name"",""gameplay_class_candidates"":[],""sourced_class_memberships"":[],""gameplay_classes_verified"":true,""availability"":{""player_use"":""available"",""opponent_use"":""training_dummy_available"",""basis"":""screenshot_brightness_inference"",""confidence"":""medium"",""as_of"":""2026-09-26"",""requires_confirmation_for_test_setup"":true}}",121
122,Heavenly Demon,700000,700000,6,6,1,1,"[""Immortal""]","[""demon"",""rng""]","{""name"":{""file"":""Cards-2.xml"",""xml_path"":""/project[1]/scenes[1]/scene[1]/variables[1]/variable[1]"",""snap_value_id"":""34123"",""variable"":""Cards"",""item_1"":122},""rarity"":{""file"":""Cards-2.xml"",""xml_path"":""/project[1]/scenes[1]/scene[1]/variables[1]/variable[19]"",""snap_value_id"":""34147"",""variable"":""Card Rarities"",""item_1"":122},""weather"":{""file"":""data-10.csv"",""record_1"":1,""column_1"":122},""card_modifier"":{""file"":""data-9.csv"",""record_1"":1,""column_1"":122}}",5,user_verified,"{""card_id"":122,""name"":""Heavenly Demon"",""pack_id"":5,""pack"":""Immortal"",""screenshot"":{""file"":""user_2026-09-27/Screenshot 2026-09-26 at 6.31.56 PM.png"",""image_number"":7,""card_ordinal_excluding_clipped_repeats"":3},""visual_tags"":[""humanlike"",""demon""],""visual_inference_status"":""inferred_from_art_and_name"",""gameplay_class_candidates"":[""demon"",""rng""],""sourced_class_memberships"":[{""card_id"":122,""class_name"":""demon"",""source_url"":""https://card-rng.fandom.com/wiki/Heavenly_Demon"",""evidence_summary"":""The card page explicitly carries the Demons category."",""status"":""wiki_supported_unverified_current""},{""card_id"":122,""class_name"":""rng"",""source_url"":""https://card-rng.fandom.com/wiki/Heavenly_Demon"",""evidence_summary"":""The card page explicitly carries the RNG Cards category."",""status"":""wiki_supported_unverified_current""}],""gameplay_classes_verified"":true,""availability"":{""player_use"":""available"",""opponent_use"":""training_dummy_available"",""basis"":""screenshot_brightness_inference"",""confidence"":""medium"",""as_of"":""2026-09-26"",""requires_confirmation_for_test_setup"":true}}",122
123,Jiāngshī,800000,800000,1,1,1,1,"[""Immortal""]","[""undead""]","{""name"":{""file"":""Cards-2.xml"",""xml_path"":""/project[1]/scenes[1]/scene[1]/variables[1]/variable[1]"",""snap_value_id"":""34123"",""variable"":""Cards"",""item_1"":123},""rarity"":{""file"":""Cards-2.xml"",""xml_path"":""/project[1]/scenes[1]/scene[1]/variables[1]/variable[19]"",""snap_value_id"":""34147"",""variable"":""Card Rarities"",""item_1"":123},""weather"":{""file"":""data-10.csv"",""record_1"":1,""column_1"":123},""card_modifier"":{""file"":""data-9.csv"",""record_1"":1,""column_1"":123}}",5,user_verified,"{""card_id"":123,""name"":""Jiāngshī"",""pack_id"":5,""pack"":""Immortal"",""screenshot"":{""file"":""user_2026-09-27/Screenshot 2026-09-26 at 6.31.56 PM.png"",""image_number"":7,""card_ordinal_excluding_clipped_repeats"":4},""visual_tags"":[""humanlike"",""undead""],""visual_inference_status"":""inferred_from_art_and_name"",""gameplay_class_candidates"":[""undead""],""sourced_class_memberships"":[],""gameplay_classes_verified"":true,""availability"":{""player_use"":""available"",""opponent_use"":""training_dummy_available"",""basis"":""screenshot_brightness_inference"",""confidence"":""medium"",""as_of"":""2026-09-26"",""requires_confirmation_for_test_setup"":true}}",123
124,Buddhist Monk,900000,900000,1,1,1,1,"[""Immortal""]",[],"{""name"":{""file"":""Cards-2.xml"",""xml_path"":""/project[1]/scenes[1]/scene[1]/variables[1]/variable[1]"",""snap_value_id"":""34123"",""variable"":""Cards"",""item_1"":124},""rarity"":{""file"":""Cards-2.xml"",""xml_path"":""/project[1]/scenes[1]/scene[1]/variables[1]/variable[19]"",""snap_value_id"":""34147"",""variable"":""Card Rarities"",""item_1"":124},""weather"":{""file"":""data-10.csv"",""record_1"":1,""column_1"":124},""card_modifier"":{""file"":""data-9.csv"",""record_1"":1,""column_1"":124}}",5,user_verified,"{""card_id"":124,""name"":""Buddhist Monk"",""pack_id"":5,""pack"":""Immortal"",""screenshot"":{""file"":""user_2026-09-27/Screenshot 2026-09-26 at 6.31.56 PM.png"",""image_number"":7,""card_ordinal_excluding_clipped_repeats"":5},""visual_tags"":[""humanlike""],""visual_inference_status"":""inferred_from_art_and_name"",""gameplay_class_candidates"":[],""sourced_class_memberships"":[],""gameplay_classes_verified"":true,""availability"":{""player_use"":""available"",""opponent_use"":""training_dummy_available"",""basis"":""screenshot_brightness_inference"",""confidence"":""medium"",""as_of"":""2026-09-26"",""requires_confirmation_for_test_setup"":true}}",124
125,Divine Doctor,2500000,2500000,1,1,1,1,"[""Immortal""]",[],"{""name"":{""file"":""Cards-2.xml"",""xml_path"":""/project[1]/scenes[1]/scene[1]/variables[1]/variable[1]"",""snap_value_id"":""34123"",""variable"":""Cards"",""item_1"":125},""rarity"":{""file"":""Cards-2.xml"",""xml_path"":""/project[1]/scenes[1]/scene[1]/variables[1]/variable[19]"",""snap_value_id"":""34147"",""variable"":""Card Rarities"",""item_1"":125},""weather"":{""file"":""data-10.csv"",""record_1"":1,""column_1"":125},""card_modifier"":{""file"":""data-9.csv"",""record_1"":1,""column_1"":125}}",5,user_verified,"{""card_id"":125,""name"":""Divine Doctor"",""pack_id"":5,""pack"":""Immortal"",""screenshot"":{""file"":""user_2026-09-27/Screenshot 2026-09-26 at 6.31.56 PM.png"",""image_number"":7,""card_ordinal_excluding_clipped_repeats"":6},""visual_tags"":[""humanlike""],""visual_inference_status"":""inferred_from_art_and_name"",""gameplay_class_candidates"":[],""sourced_class_memberships"":[],""gameplay_classes_verified"":true,""availability"":{""player_use"":""available"",""opponent_use"":""training_dummy_available"",""basis"":""screenshot_brightness_inference"",""confidence"":""medium"",""as_of"":""2026-09-26"",""requires_confirmation_for_test_setup"":true}}",125
126,Immortal Cultivator,4500000,4500000,1,1,1,1,"[""Immortal""]",[],"{""name"":{""file"":""Cards-2.xml"",""xml_path"":""/project[1]/scenes[1]/scene[1]/variables[1]/variable[1]"",""snap_value_id"":""34123"",""variable"":""Cards"",""item_1"":126},""rarity"":{""file"":""Cards-2.xml"",""xml_path"":""/project[1]/scenes[1]/scene[1]/variables[1]/variable[19]"",""snap_value_id"":""34147"",""variable"":""Card Rarities"",""item_1"":126},""weather"":{""file"":""data-10.csv"",""record_1"":1,""column_1"":126},""card_modifier"":{""file"":""data-9.csv"",""record_1"":1,""column_1"":126}}",5,user_verified,"{""card_id"":126,""name"":""Immortal Cultivator"",""pack_id"":5,""pack"":""Immortal"",""screenshot"":{""file"":""user_2026-09-27/Screenshot 2026-09-26 at 6.31.56 PM.png"",""image_number"":7,""card_ordinal_excluding_clipped_repeats"":7},""visual_tags"":[""humanlike""],""visual_inference_status"":""inferred_from_art_and_name"",""gameplay_class_candidates"":[],""sourced_class_memberships"":[],""gameplay_classes_verified"":true,""availability"":{""player_use"":""available"",""opponent_use"":""training_dummy_available"",""basis"":""screenshot_brightness_inference"",""confidence"":""medium"",""as_of"":""2026-09-26"",""requires_confirmation_for_test_setup"":true}}",126
127,Qilin,7500000,7500000,1,1,1,1,"[""Immortal""]",[],"{""name"":{""file"":""Cards-2.xml"",""xml_path"":""/project[1]/scenes[1]/scene[1]/variables[1]/variable[1]"",""snap_value_id"":""34123"",""variable"":""Cards"",""item_1"":127},""rarity"":{""file"":""Cards-2.xml"",""xml_path"":""/project[1]/scenes[1]/scene[1]/variables[1]/variable[19]"",""snap_value_id"":""34147"",""variable"":""Card Rarities"",""item_1"":127},""weather"":{""file"":""data-10.csv"",""record_1"":1,""column_1"":127},""card_modifier"":{""file"":""data-9.csv"",""record_1"":1,""column_1"":127}}",5,user_verified,"{""card_id"":127,""name"":""Qilin"",""pack_id"":5,""pack"":""Immortal"",""screenshot"":{""file"":""user_2026-09-27/Screenshot 2026-09-26 at 6.31.56 PM.png"",""image_number"":7,""card_ordinal_excluding_clipped_repeats"":8},""visual_tags"":[""animal"",""mythical""],""visual_inference_status"":""inferred_from_art_and_name"",""gameplay_class_candidates"":[],""sourced_class_memberships"":[],""gameplay_classes_verified"":true,""availability"":{""player_use"":""available"",""opponent_use"":""training_dummy_available"",""basis"":""screenshot_brightness_inference"",""confidence"":""medium"",""as_of"":""2026-09-26"",""requires_confirmation_for_test_setup"":true}}",127
128,The Jade Emporer,10000000,10000000,6,6,1,1,"[""Immortal""]",[],"{""name"":{""file"":""Cards-2.xml"",""xml_path"":""/project[1]/scenes[1]/scene[1]/variables[1]/variable[1]"",""snap_value_id"":""34123"",""variable"":""Cards"",""item_1"":128},""rarity"":{""file"":""Cards-2.xml"",""xml_path"":""/project[1]/scenes[1]/scene[1]/variables[1]/variable[19]"",""snap_value_id"":""34147"",""variable"":""Card Rarities"",""item_1"":128},""weather"":{""file"":""data-10.csv"",""record_1"":1,""column_1"":128},""card_modifier"":{""file"":""data-9.csv"",""record_1"":1,""column_1"":128}}",5,user_verified,"{""card_id"":128,""name"":""The Jade Emporer"",""pack_id"":5,""pack"":""Immortal"",""screenshot"":{""file"":""user_2026-09-27/Screenshot 2026-09-26 at 6.31.56 PM.png"",""image_number"":7,""card_ordinal_excluding_clipped_repeats"":9},""visual_tags"":[""humanlike"",""divine""],""visual_inference_status"":""inferred_from_art_and_name"",""gameplay_class_candidates"":[],""sourced_class_memberships"":[],""gameplay_classes_verified"":true,""availability"":{""player_use"":""available"",""opponent_use"":""training_dummy_available"",""basis"":""screenshot_brightness_inference"",""confidence"":""medium"",""as_of"":""2026-09-26"",""requires_confirmation_for_test_setup"":true}}",128
129,The Awakened One,17000000,17000000,13,13,1,1,"[""Immortal""]",[],"{""name"":{""file"":""Cards-2.xml"",""xml_path"":""/project[1]/scenes[1]/scene[1]/variables[1]/variable[1]"",""snap_value_id"":""34123"",""variable"":""Cards"",""item_1"":129},""rarity"":{""file"":""Cards-2.xml"",""xml_path"":""/project[1]/scenes[1]/scene[1]/variables[1]/variable[19]"",""snap_value_id"":""34147"",""variable"":""Card Rarities"",""item_1"":129},""weather"":{""file"":""data-10.csv"",""record_1"":1,""column_1"":129},""card_modifier"":{""file"":""data-9.csv"",""record_1"":1,""column_1"":129}}",5,user_verified,"{""card_id"":129,""name"":""The Awakened One"",""pack_id"":5,""pack"":""Immortal"",""screenshot"":{""file"":""user_2026-09-27/Screenshot 2026-09-26 at 6.31.56 PM.png"",""image_number"":7,""card_ordinal_excluding_clipped_repeats"":10},""visual_tags"":[""humanlike"",""divine""],""visual_inference_status"":""inferred_from_art_and_name"",""gameplay_class_candidates"":[],""sourced_class_memberships"":[],""gameplay_classes_verified"":true,""availability"":{""player_use"":""available"",""opponent_use"":""training_dummy_available"",""basis"":""screenshot_brightness_inference"",""confidence"":""medium"",""as_of"":""2026-09-26"",""requires_confirmation_for_test_setup"":true}}",129
130,Nüwa,120000000,120000000,5,5,1.1428571428571428,1.1428571428571428,"[""Immortal""]","[""rng""]","{""name"":{""file"":""Cards-2.xml"",""xml_path"":""/project[1]/scenes[1]/scene[1]/variables[1]/variable[1]"",""snap_value_id"":""34123"",""variable"":""Cards"",""item_1"":130},""rarity"":{""file"":""Cards-2.xml"",""xml_path"":""/project[1]/scenes[1]/scene[1]/variables[1]/variable[19]"",""snap_value_id"":""34147"",""variable"":""Card Rarities"",""item_1"":130},""weather"":{""file"":""data-10.csv"",""record_1"":1,""column_1"":130},""card_modifier"":{""file"":""../../card_engine/data_corrections.py"",""evidence"":""DaddyDrago's engine card data, user: more accurate than ours, 2026-10-03""}}",5,user_verified,"{""card_id"":130,""name"":""Nüwa"",""pack_id"":5,""pack"":""Immortal"",""screenshot"":{""file"":""user_2026-09-27/Screenshot 2026-09-26 at 6.31.56 PM.png"",""image_number"":7,""card_ordinal_excluding_clipped_repeats"":11},""visual_tags"":[""humanlike"",""divine""],""visual_inference_status"":""inferred_from_art_and_name"",""gameplay_class_candidates"":[""rng""],""sourced_class_memberships"":[],""gameplay_classes_verified"":true,""availability"":{""player_use"":""available"",""opponent_use"":""training_dummy_available"",""basis"":""screenshot_brightness_inference"",""confidence"":""medium"",""as_of"":""2026-09-26"",""requires_confirmation_for_test_setup"":true}}",130
131,Shén Lóng,200000000,200000000,1,1,1,1,"[""Immortal""]","[""dragon""]","{""name"":{""file"":""Cards-2.xml"",""xml_path"":""/project[1]/scenes[1]/scene[1]/variables[1]/variable[1]"",""snap_value_id"":""34123"",""variable"":""Cards"",""item_1"":131},""rarity"":{""file"":""Cards-2.xml"",""xml_path"":""/project[1]/scenes[1]/scene[1]/variables[1]/variable[19]"",""snap_value_id"":""34147"",""variable"":""Card Rarities"",""item_1"":131},""weather"":{""file"":""data-10.csv"",""record_1"":1,""column_1"":131},""card_modifier"":{""file"":""data-9.csv"",""record_1"":1,""column_1"":131}}",5,user_verified,"{""card_id"":131,""name"":""Shén Lóng"",""pack_id"":5,""pack"":""Immortal"",""screenshot"":{""file"":""user_2026-09-27/Screenshot 2026-09-26 at 6.31.56 PM.png"",""image_number"":7,""card_ordinal_excluding_clipped_repeats"":12},""visual_tags"":[""dragon""],""visual_inference_status"":""inferred_from_art_and_name"",""gameplay_class_candidates"":[""dragon""],""sourced_class_memberships"":[],""gameplay_classes_verified"":true,""availability"":{""player_use"":""available"",""opponent_use"":""training_dummy_available"",""basis"":""screenshot_brightness_inference"",""confidence"":""medium"",""as_of"":""2026-09-26"",""requires_confirmation_for_test_setup"":true}}",131
132,Xīfāng Báihü,450000000,450000000,1,1,1,1,"[""Immortal""]",[],"{""name"":{""file"":""Cards-2.xml"",""xml_path"":""/project[1]/scenes[1]/scene[1]/variables[1]/variable[1]"",""snap_value_id"":""34123"",""variable"":""Cards"",""item_1"":132},""rarity"":{""file"":""../../card_engine/data_corrections.py"",""evidence"":""DaddyDrago's engine card data, user: more accurate than ours, 2026-10-03""},""weather"":{""file"":""data-10.csv"",""record_1"":1,""column_1"":132},""card_modifier"":{""file"":""data-9.csv"",""record_1"":1,""column_1"":132}}",5,user_verified,"{""card_id"":132,""name"":""Xīfāng Báihü"",""pack_id"":5,""pack"":""Immortal"",""screenshot"":{""file"":""user_2026-09-27/Screenshot 2026-09-26 at 6.31.56 PM.png"",""image_number"":7,""card_ordinal_excluding_clipped_repeats"":13},""visual_tags"":[""animal"",""feline"",""divine""],""visual_inference_status"":""inferred_from_art_and_name"",""gameplay_class_candidates"":[],""sourced_class_memberships"":[],""gameplay_classes_verified"":true,""availability"":{""player_use"":""available"",""opponent_use"":""training_dummy_available"",""basis"":""screenshot_brightness_inference"",""confidence"":""medium"",""as_of"":""2026-09-26"",""requires_confirmation_for_test_setup"":true}}",132
133,Běi Fāng Xuán Wü,450000000,450000000,1,1,1,1,"[""Immortal""]",[],"{""name"":{""file"":""Cards-2.xml"",""xml_path"":""/project[1]/scenes[1]/scene[1]/variables[1]/variable[1]"",""snap_value_id"":""34123"",""variable"":""Cards"",""item_1"":133},""rarity"":{""file"":""Cards-2.xml"",""xml_path"":""/project[1]/scenes[1]/scene[1]/variables[1]/variable[19]"",""snap_value_id"":""34147"",""variable"":""Card Rarities"",""item_1"":133},""weather"":{""file"":""data-10.csv"",""record_1"":1,""column_1"":133},""card_modifier"":{""file"":""data-9.csv"",""record_1"":1,""column_1"":133}}",5,user_verified,"{""card_id"":133,""name"":""Běi Fāng Xuán Wü"",""pack_id"":5,""pack"":""Immortal"",""screenshot"":{""file"":""user_2026-09-27/Screenshot 2026-09-26 at 6.31.56 PM.png"",""image_number"":7,""card_ordinal_excluding_clipped_repeats"":14},""visual_tags"":[""animal"",""reptile"",""divine""],""visual_inference_status"":""inferred_from_art_and_name"",""gameplay_class_candidates"":[],""sourced_class_memberships"":[],""gameplay_classes_verified"":true,""availability"":{""player_use"":""available"",""opponent_use"":""training_dummy_available"",""basis"":""screenshot_brightness_inference"",""confidence"":""medium"",""as_of"":""2026-09-26"",""requires_confirmation_for_test_setup"":true}}",133
134,Dōng Fāng Qīng Lóng,450000000,450000000,1,1,1,1,"[""Immortal""]","[""dragon""]","{""name"":{""file"":""Cards-2.xml"",""xml_path"":""/project[1]/scenes[1]/scene[1]/variables[1]/variable[1]"",""snap_value_id"":""34123"",""variable"":""Cards"",""item_1"":134},""rarity"":{""file"":""Cards-2.xml"",""xml_path"":""/project[1]/scenes[1]/scene[1]/variables[1]/variable[19]"",""snap_value_id"":""34147"",""variable"":""Card Rarities"",""item_1"":134},""weather"":{""file"":""data-10.csv"",""record_1"":1,""column_1"":134},""card_modifier"":{""file"":""data-9.csv"",""record_1"":1,""column_1"":134}}",5,user_verified,"{""card_id"":134,""name"":""Dōng Fāng Qīng Lóng"",""pack_id"":5,""pack"":""Immortal"",""screenshot"":{""file"":""user_2026-09-27/Screenshot 2026-09-26 at 6.31.56 PM.png"",""image_number"":7,""card_ordinal_excluding_clipped_repeats"":15},""visual_tags"":[""dragon"",""divine""],""visual_inference_status"":""inferred_from_art_and_name"",""gameplay_class_candidates"":[""dragon""],""sourced_class_memberships"":[{""card_id"":134,""class_name"":""dragon"",""source_url"":""https://card-rng.fandom.com/wiki/Dragon_King"",""evidence_summary"":""Dragon King trivia explicitly includes this card among its dragon targets."",""status"":""wiki_supported_unverified_current""}],""gameplay_classes_verified"":true,""availability"":{""player_use"":""available"",""opponent_use"":""training_dummy_available"",""basis"":""screenshot_brightness_inference"",""confidence"":""medium"",""as_of"":""2026-09-26"",""requires_confirmation_for_test_setup"":true}}",134
135,Nán Fāng Zhū Què,450000000,450000000,1,1,1,1,"[""Immortal""]","[""avian""]","{""name"":{""file"":""Cards-2.xml"",""xml_path"":""/project[1]/scenes[1]/scene[1]/variables[1]/variable[1]"",""snap_value_id"":""34123"",""variable"":""Cards"",""item_1"":135},""rarity"":{""file"":""Cards-2.xml"",""xml_path"":""/project[1]/scenes[1]/scene[1]/variables[1]/variable[19]"",""snap_value_id"":""34147"",""variable"":""Card Rarities"",""item_1"":135},""weather"":{""file"":""data-10.csv"",""record_1"":1,""column_1"":135},""card_modifier"":{""file"":""data-9.csv"",""record_1"":1,""column_1"":135}}",5,user_verified,"{""card_id"":135,""name"":""Nán Fāng Zhū Què"",""pack_id"":5,""pack"":""Immortal"",""screenshot"":{""file"":""user_2026-09-27/Screenshot 2026-09-26 at 6.31.56 PM.png"",""image_number"":7,""card_ordinal_excluding_clipped_repeats"":16},""visual_tags"":[""avian"",""divine"",""fire""],""visual_inference_status"":""inferred_from_art_and_name"",""gameplay_class_candidates"":[""avian""],""sourced_class_memberships"":[],""gameplay_classes_verified"":true,""availability"":{""player_use"":""available"",""opponent_use"":""training_dummy_available"",""basis"":""screenshot_brightness_inference"",""confidence"":""medium"",""as_of"":""2026-09-26"",""requires_confirmation_for_test_setup"":true}}",135
136,Shennong,950000000,950000000,1,1,1,1,"[""Immortal""]","[""rng""]","{""name"":{""file"":""Cards-2.xml"",""xml_path"":""/project[1]/scenes[1]/scene[1]/variables[1]/variable[1]"",""snap_value_id"":""34123"",""variable"":""Cards"",""item_1"":136},""rarity"":{""file"":""Cards-2.xml"",""xml_path"":""/project[1]/scenes[1]/scene[1]/variables[1]/variable[19]"",""snap_value_id"":""34147"",""variable"":""Card Rarities"",""item_1"":136},""weather"":{""file"":""data-10.csv"",""record_1"":1,""column_1"":136},""card_modifier"":{""file"":""data-9.csv"",""record_1"":1,""column_1"":136}}",5,user_verified,"{""card_id"":136,""name"":""Shennong"",""pack_id"":5,""pack"":""Immortal"",""screenshot"":{""file"":""user_2026-09-27/Screenshot 2026-09-26 at 6.31.56 PM.png"",""image_number"":7,""card_ordinal_excluding_clipped_repeats"":17},""visual_tags"":[""humanlike"",""divine""],""visual_inference_status"":""inferred_from_art_and_name"",""gameplay_class_candidates"":[""rng""],""sourced_class_memberships"":[{""card_id"":136,""class_name"":""rng"",""source_url"":""https://card-rng.fandom.com/wiki/Shennong"",""evidence_summary"":""The card page explicitly carries the RNG Cards category."",""status"":""wiki_supported_unverified_current""}],""gameplay_classes_verified"":true,""availability"":{""player_use"":""available"",""opponent_use"":""training_dummy_available"",""basis"":""screenshot_brightness_inference"",""confidence"":""medium"",""as_of"":""2026-09-26"",""requires_confirmation_for_test_setup"":true}}",136
137,Fuxi,1100000000,1100000000,1,1,1,1,"[""Immortal""]",[],"{""name"":{""file"":""Cards-2.xml"",""xml_path"":""/project[1]/scenes[1]/scene[1]/variables[1]/variable[1]"",""snap_value_id"":""34123"",""variable"":""Cards"",""item_1"":137},""rarity"":{""file"":""Cards-2.xml"",""xml_path"":""/project[1]/scenes[1]/scene[1]/variables[1]/variable[19]"",""snap_value_id"":""34147"",""variable"":""Card Rarities"",""item_1"":137},""weather"":{""file"":""data-10.csv"",""record_1"":1,""column_1"":137},""card_modifier"":{""file"":""data-9.csv"",""record_1"":1,""column_1"":137}}",5,user_verified,"{""card_id"":137,""name"":""Fuxi"",""pack_id"":5,""pack"":""Immortal"",""screenshot"":{""file"":""user_2026-09-27/Screenshot 2026-09-26 at 6.31.56 PM.png"",""image_number"":7,""card_ordinal_excluding_clipped_repeats"":18},""visual_tags"":[""humanlike"",""divine""],""visual_inference_status"":""inferred_from_art_and_name"",""gameplay_class_candidates"":[],""sourced_class_memberships"":[],""gameplay_classes_verified"":true,""availability"":{""player_use"":""available"",""opponent_use"":""training_dummy_available"",""basis"":""screenshot_brightness_inference"",""confidence"":""medium"",""as_of"":""2026-09-26"",""requires_confirmation_for_test_setup"":true}}",137
138,Sun Wukong,2000000000,2000000000,1,1,1,1,"[""Immortal""]",[],"{""name"":{""file"":""Cards-2.xml"",""xml_path"":""/project[1]/scenes[1]/scene[1]/variables[1]/variable[1]"",""snap_value_id"":""34123"",""variable"":""Cards"",""item_1"":138},""rarity"":{""file"":""Cards-2.xml"",""xml_path"":""/project[1]/scenes[1]/scene[1]/variables[1]/variable[19]"",""snap_value_id"":""34147"",""variable"":""Card Rarities"",""item_1"":138},""weather"":{""file"":""data-10.csv"",""record_1"":1,""column_1"":138},""card_modifier"":{""file"":""data-9.csv"",""record_1"":1,""column_1"":138}}",5,user_verified,"{""card_id"":138,""name"":""Sun Wukong"",""pack_id"":5,""pack"":""Immortal"",""screenshot"":{""file"":""user_2026-09-27/Screenshot 2026-09-26 at 6.31.56 PM.png"",""image_number"":7,""card_ordinal_excluding_clipped_repeats"":19},""visual_tags"":[""animal"",""primate"",""divine""],""visual_inference_status"":""inferred_from_art_and_name"",""gameplay_class_candidates"":[],""sourced_class_memberships"":[],""gameplay_classes_verified"":true,""availability"":{""player_use"":""available"",""opponent_use"":""training_dummy_available"",""basis"":""screenshot_brightness_inference"",""confidence"":""medium"",""as_of"":""2026-09-26"",""requires_confirmation_for_test_setup"":true}}",138
139,Buddha,10800000000,10800000000,1,1,1.0,1.0,"[""Immortal""]",[],"{""name"":{""file"":""Cards-2.xml"",""xml_path"":""/project[1]/scenes[1]/scene[1]/variables[1]/variable[1]"",""snap_value_id"":""34123"",""variable"":""Cards"",""item_1"":139},""rarity"":{""file"":""../../card_engine/data_corrections.py"",""evidence"":""DaddyDrago's engine card data, user: more accurate than ours, 2026-10-03""},""weather"":{""file"":""data-10.csv"",""record_1"":1,""column_1"":139},""card_modifier"":{""file"":""../../card_engine/data_corrections.py"",""evidence"":""DaddyDrago's engine card data, user: more accurate than ours, 2026-10-03""}}",5,user_verified,"{""card_id"":139,""name"":""Buddha"",""pack_id"":5,""pack"":""Immortal"",""screenshot"":{""file"":""user_2026-09-27/Screenshot 2026-09-26 at 6.31.56 PM.png"",""image_number"":7,""card_ordinal_excluding_clipped_repeats"":20},""visual_tags"":[""humanoid"",""divine""],""visual_inference_status"":""inferred_from_art_and_name"",""gameplay_class_candidates"":[],""sourced_class_memberships"":[],""gameplay_classes_verified"":true,""availability"":{""player_use"":""available"",""opponent_use"":""training_dummy_available"",""basis"":""screenshot_brightness_inference"",""confidence"":""medium"",""as_of"":""2026-09-26"",""requires_confirmation_for_test_setup"":true}}",139
140,Pangu,11000000000,11000000000,1,1,1,1,"[""Immortal""]",[],"{""name"":{""file"":""Cards-2.xml"",""xml_path"":""/project[1]/scenes[1]/scene[1]/variables[1]/variable[1]"",""snap_value_id"":""34123"",""variable"":""Cards"",""item_1"":140},""rarity"":{""file"":""Cards-2.xml"",""xml_path"":""/project[1]/scenes[1]/scene[1]/variables[1]/variable[19]"",""snap_value_id"":""34147"",""variable"":""Card Rarities"",""item_1"":140},""weather"":{""file"":""data-10.csv"",""record_1"":1,""column_1"":140},""card_modifier"":{""file"":""data-9.csv"",""record_1"":1,""column_1"":140}}",5,user_verified,"{""card_id"":140,""name"":""Pangu"",""pack_id"":5,""pack"":""Immortal"",""screenshot"":{""file"":""user_2026-09-27/Screenshot 2026-09-26 at 6.31.56 PM.png"",""image_number"":7,""card_ordinal_excluding_clipped_repeats"":21},""visual_tags"":[""humanoid"",""divine""],""visual_inference_status"":""inferred_from_art_and_name"",""gameplay_class_candidates"":[],""sourced_class_memberships"":[],""gameplay_classes_verified"":true,""availability"":{""player_use"":""available"",""opponent_use"":""training_dummy_available"",""basis"":""screenshot_brightness_inference"",""confidence"":""medium"",""as_of"":""2026-09-26"",""requires_confirmation_for_test_setup"":true}}",140
141,Ancient Egg,2000,2000,1,1,1,1,"[""Prehistoric""]",[],"{""name"":{""file"":""Cards-2.xml"",""xml_path"":""/project[1]/scenes[1]/scene[1]/variables[1]/variable[1]"",""snap_value_id"":""34123"",""variable"":""Cards"",""item_1"":141},""rarity"":{""file"":""Cards-2.xml"",""xml_path"":""/project[1]/scenes[1]/scene[1]/variables[1]/variable[19]"",""snap_value_id"":""34147"",""variable"":""Card Rarities"",""item_1"":141},""weather"":{""file"":""data-10.csv"",""record_1"":1,""column_1"":141},""card_modifier"":{""file"":""data-9.csv"",""record_1"":1,""column_1"":141}}",6,user_verified,"{""card_id"":141,""name"":""Ancient Egg"",""pack_id"":6,""pack"":""Prehistoric"",""screenshot"":{""file"":""user_2026-09-27/Screenshot 2026-09-26 at 6.32.18 PM.png"",""image_number"":8,""card_ordinal_excluding_clipped_repeats"":1},""visual_tags"":[""object"",""egg""],""visual_inference_status"":""inferred_from_art_and_name"",""gameplay_class_candidates"":[],""sourced_class_memberships"":[],""gameplay_classes_verified"":true,""availability"":{""player_use"":""available"",""opponent_use"":""training_dummy_available"",""basis"":""screenshot_brightness_inference"",""confidence"":""medium"",""as_of"":""2026-09-26"",""requires_confirmation_for_test_setup"":true}}",141
142,Stegosaurus,35500,35500,1,1,1,1,"[""Prehistoric""]",[],"{""name"":{""file"":""Cards-2.xml"",""xml_path"":""/project[1]/scenes[1]/scene[1]/variables[1]/variable[1]"",""snap_value_id"":""34123"",""variable"":""Cards"",""item_1"":142},""rarity"":{""file"":""Cards-2.xml"",""xml_path"":""/project[1]/scenes[1]/scene[1]/variables[1]/variable[19]"",""snap_value_id"":""34147"",""variable"":""Card Rarities"",""item_1"":142},""weather"":{""file"":""data-10.csv"",""record_1"":1,""column_1"":142},""card_modifier"":{""file"":""data-9.csv"",""record_1"":1,""column_1"":142}}",6,user_verified,"{""card_id"":142,""name"":""Stegosaurus"",""pack_id"":6,""pack"":""Prehistoric"",""screenshot"":{""file"":""user_2026-09-27/Screenshot 2026-09-26 at 6.32.18 PM.png"",""image_number"":8,""card_ordinal_excluding_clipped_repeats"":2},""visual_tags"":[""dinosaur""],""visual_inference_status"":""inferred_from_art_and_name"",""gameplay_class_candidates"":[],""sourced_class_memberships"":[],""gameplay_classes_verified"":true,""availability"":{""player_use"":""available"",""opponent_use"":""training_dummy_available"",""basis"":""screenshot_brightness_inference"",""confidence"":""medium"",""as_of"":""2026-09-26"",""requires_confirmation_for_test_setup"":true}}",142
143,Brachiosaurus,71000,71000,1,1,1,1,"[""Prehistoric""]",[],"{""name"":{""file"":""Cards-2.xml"",""xml_path"":""/project[1]/scenes[1]/scene[1]/variables[1]/variable[1]"",""snap_value_id"":""34123"",""variable"":""Cards"",""item_1"":143},""rarity"":{""file"":""Cards-2.xml"",""xml_path"":""/project[1]/scenes[1]/scene[1]/variables[1]/variable[19]"",""snap_value_id"":""34147"",""variable"":""Card Rarities"",""item_1"":143},""weather"":{""file"":""data-10.csv"",""record_1"":1,""column_1"":143},""card_modifier"":{""file"":""data-9.csv"",""record_1"":1,""column_1"":143}}",6,user_verified,"{""card_id"":143,""name"":""Brachiosaurus"",""pack_id"":6,""pack"":""Prehistoric"",""screenshot"":{""file"":""user_2026-09-27/Screenshot 2026-09-26 at 6.32.18 PM.png"",""image_number"":8,""card_ordinal_excluding_clipped_repeats"":3},""visual_tags"":[""dinosaur""],""visual_inference_status"":""inferred_from_art_and_name"",""gameplay_class_candidates"":[],""sourced_class_memberships"":[],""gameplay_classes_verified"":true,""availability"":{""player_use"":""available"",""opponent_use"":""training_dummy_available"",""basis"":""screenshot_brightness_inference"",""confidence"":""medium"",""as_of"":""2026-09-26"",""requires_confirmation_for_test_setup"":true}}",143
144,Tricerotops,100000,100000,1,1,1,1,"[""Prehistoric""]",[],"{""name"":{""file"":""Cards-2.xml"",""xml_path"":""/project[1]/scenes[1]/scene[1]/variables[1]/variable[1]"",""snap_value_id"":""34123"",""variable"":""Cards"",""item_1"":144},""rarity"":{""file"":""Cards-2.xml"",""xml_path"":""/project[1]/scenes[1]/scene[1]/variables[1]/variable[19]"",""snap_value_id"":""34147"",""variable"":""Card Rarities"",""item_1"":144},""weather"":{""file"":""data-10.csv"",""record_1"":1,""column_1"":144},""card_modifier"":{""file"":""data-9.csv"",""record_1"":1,""column_1"":144}}",6,user_verified,"{""card_id"":144,""name"":""Tricerotops"",""pack_id"":6,""pack"":""Prehistoric"",""screenshot"":{""file"":""user_2026-09-27/Screenshot 2026-09-26 at 6.32.18 PM.png"",""image_number"":8,""card_ordinal_excluding_clipped_repeats"":4},""visual_tags"":[""dinosaur""],""visual_inference_status"":""inferred_from_art_and_name"",""gameplay_class_candidates"":[],""sourced_class_memberships"":[],""gameplay_classes_verified"":true,""availability"":{""player_use"":""available"",""opponent_use"":""training_dummy_available"",""basis"":""screenshot_brightness_inference"",""confidence"":""medium"",""as_of"":""2026-09-26"",""requires_confirmation_for_test_setup"":true}}",144
145,Pterodactylus,100000,100000,1,1,1,1,"[""Prehistoric""]",[],"{""name"":{""file"":""Cards-2.xml"",""xml_path"":""/project[1]/scenes[1]/scene[1]/variables[1]/variable[1]"",""snap_value_id"":""34123"",""variable"":""Cards"",""item_1"":145},""rarity"":{""file"":""Cards-2.xml"",""xml_path"":""/project[1]/scenes[1]/scene[1]/variables[1]/variable[19]"",""snap_value_id"":""34147"",""variable"":""Card Rarities"",""item_1"":145},""weather"":{""file"":""data-10.csv"",""record_1"":1,""column_1"":145},""card_modifier"":{""file"":""data-9.csv"",""record_1"":1,""column_1"":145}}",6,user_verified,"{""card_id"":145,""name"":""Pterodactylus"",""pack_id"":6,""pack"":""Prehistoric"",""screenshot"":{""file"":""user_2026-09-27/Screenshot 2026-09-26 at 6.32.18 PM.png"",""image_number"":8,""card_ordinal_excluding_clipped_repeats"":5},""visual_tags"":[""reptile"",""winged""],""visual_inference_status"":""inferred_from_art_and_name"",""gameplay_class_candidates"":[],""sourced_class_memberships"":[],""gameplay_classes_verified"":true,""availability"":{""player_use"":""available"",""opponent_use"":""training_dummy_available"",""basis"":""screenshot_brightness_inference"",""confidence"":""medium"",""as_of"":""2026-09-26"",""requires_confirmation_for_test_setup"":true}}",145
146,Dilophosaurus,500000,500000,10,10,1,1,"[""Prehistoric""]",[],"{""name"":{""file"":""Cards-2.xml"",""xml_path"":""/project[1]/scenes[1]/scene[1]/variables[1]/variable[1]"",""snap_value_id"":""34123"",""variable"":""Cards"",""item_1"":146},""rarity"":{""file"":""Cards-2.xml"",""xml_path"":""/project[1]/scenes[1]/scene[1]/variables[1]/variable[19]"",""snap_value_id"":""34147"",""variable"":""Card Rarities"",""item_1"":146},""weather"":{""file"":""data-10.csv"",""record_1"":1,""column_1"":146},""card_modifier"":{""file"":""data-9.csv"",""record_1"":1,""column_1"":146}}",6,user_verified,"{""card_id"":146,""name"":""Dilophosaurus"",""pack_id"":6,""pack"":""Prehistoric"",""screenshot"":{""file"":""user_2026-09-27/Screenshot 2026-09-26 at 6.32.18 PM.png"",""image_number"":8,""card_ordinal_excluding_clipped_repeats"":6},""visual_tags"":[""dinosaur""],""visual_inference_status"":""inferred_from_art_and_name"",""gameplay_class_candidates"":[],""sourced_class_memberships"":[],""gameplay_classes_verified"":true,""availability"":{""player_use"":""available"",""opponent_use"":""training_dummy_available"",""basis"":""screenshot_brightness_inference"",""confidence"":""medium"",""as_of"":""2026-09-26"",""requires_confirmation_for_test_setup"":true}}",146
147,Mammoth,1000000,1000000,3,3,1,1,"[""Prehistoric""]",[],"{""name"":{""file"":""Cards-2.xml"",""xml_path"":""/project[1]/scenes[1]/scene[1]/variables[1]/variable[1]"",""snap_value_id"":""34123"",""variable"":""Cards"",""item_1"":147},""rarity"":{""file"":""Cards-2.xml"",""xml_path"":""/project[1]/scenes[1]/scene[1]/variables[1]/variable[19]"",""snap_value_id"":""34147"",""variable"":""Card Rarities"",""item_1"":147},""weather"":{""file"":""data-10.csv"",""record_1"":1,""column_1"":147},""card_modifier"":{""file"":""data-9.csv"",""record_1"":1,""column_1"":147}}",6,user_verified,"{""card_id"":147,""name"":""Mammoth"",""pack_id"":6,""pack"":""Prehistoric"",""screenshot"":{""file"":""user_2026-09-27/Screenshot 2026-09-26 at 6.32.18 PM.png"",""image_number"":8,""card_ordinal_excluding_clipped_repeats"":7},""visual_tags"":[""animal"",""mammal""],""visual_inference_status"":""inferred_from_art_and_name"",""gameplay_class_candidates"":[],""sourced_class_memberships"":[],""gameplay_classes_verified"":true,""availability"":{""player_use"":""available"",""opponent_use"":""training_dummy_available"",""basis"":""screenshot_brightness_inference"",""confidence"":""medium"",""as_of"":""2026-09-26"",""requires_confirmation_for_test_setup"":true}}",147
148,Umbrasaur,5000000,5000000,9,9,1,1,"[""Prehistoric""]","[""rng""]","{""name"":{""file"":""Cards-2.xml"",""xml_path"":""/project[1]/scenes[1]/scene[1]/variables[1]/variable[1]"",""snap_value_id"":""34123"",""variable"":""Cards"",""item_1"":148},""rarity"":{""file"":""Cards-2.xml"",""xml_path"":""/project[1]/scenes[1]/scene[1]/variables[1]/variable[19]"",""snap_value_id"":""34147"",""variable"":""Card Rarities"",""item_1"":148},""weather"":{""file"":""data-10.csv"",""record_1"":1,""column_1"":148},""card_modifier"":{""file"":""data-9.csv"",""record_1"":1,""column_1"":148}}",6,user_verified,"{""card_id"":148,""name"":""Umbrasaur"",""pack_id"":6,""pack"":""Prehistoric"",""screenshot"":{""file"":""user_2026-09-27/Screenshot 2026-09-26 at 6.32.18 PM.png"",""image_number"":8,""card_ordinal_excluding_clipped_repeats"":8},""visual_tags"":[""dinosaur"",""shadow""],""visual_inference_status"":""inferred_from_art_and_name"",""gameplay_class_candidates"":[""rng""],""sourced_class_memberships"":[],""gameplay_classes_verified"":true,""availability"":{""player_use"":""available"",""opponent_use"":""training_dummy_available"",""basis"":""screenshot_brightness_inference"",""confidence"":""medium"",""as_of"":""2026-09-26"",""requires_confirmation_for_test_setup"":true}}",148
149,Sabertooth Tiger,5000000,5000000,1,1,1,1,"[""Prehistoric""]",[],"{""name"":{""file"":""Cards-2.xml"",""xml_path"":""/project[1]/scenes[1]/scene[1]/variables[1]/variable[1]"",""snap_value_id"":""34123"",""variable"":""Cards"",""item_1"":149},""rarity"":{""file"":""Cards-2.xml"",""xml_path"":""/project[1]/scenes[1]/scene[1]/variables[1]/variable[19]"",""snap_value_id"":""34147"",""variable"":""Card Rarities"",""item_1"":149},""weather"":{""file"":""data-10.csv"",""record_1"":1,""column_1"":149},""card_modifier"":{""file"":""data-9.csv"",""record_1"":1,""column_1"":149}}",6,user_verified,"{""card_id"":149,""name"":""Sabertooth Tiger"",""pack_id"":6,""pack"":""Prehistoric"",""screenshot"":{""file"":""user_2026-09-27/Screenshot 2026-09-26 at 6.32.18 PM.png"",""image_number"":8,""card_ordinal_excluding_clipped_repeats"":9},""visual_tags"":[""animal"",""feline""],""visual_inference_status"":""inferred_from_art_and_name"",""gameplay_class_candidates"":[],""sourced_class_memberships"":[],""gameplay_classes_verified"":true,""availability"":{""player_use"":""available"",""opponent_use"":""training_dummy_available"",""basis"":""screenshot_brightness_inference"",""confidence"":""medium"",""as_of"":""2026-09-26"",""requires_confirmation_for_test_setup"":true}}",149
150,Unicorn,5000000,5000000,7,7,1,1,"[""Prehistoric""]","[""rng""]","{""name"":{""file"":""Cards-2.xml"",""xml_path"":""/project[1]/scenes[1]/scene[1]/variables[1]/variable[1]"",""snap_value_id"":""34123"",""variable"":""Cards"",""item_1"":150},""rarity"":{""file"":""Cards-2.xml"",""xml_path"":""/project[1]/scenes[1]/scene[1]/variables[1]/variable[19]"",""snap_value_id"":""34147"",""variable"":""Card Rarities"",""item_1"":150},""weather"":{""file"":""data-10.csv"",""record_1"":1,""column_1"":150},""card_modifier"":{""file"":""data-9.csv"",""record_1"":1,""column_1"":150}}",6,user_verified,"{""card_id"":150,""name"":""Unicorn"",""pack_id"":6,""pack"":""Prehistoric"",""screenshot"":{""file"":""user_2026-09-27/Screenshot 2026-09-26 at 6.32.18 PM.png"",""image_number"":8,""card_ordinal_excluding_clipped_repeats"":10},""visual_tags"":[""animal"",""equine"",""mythical""],""visual_inference_status"":""inferred_from_art_and_name"",""gameplay_class_candidates"":[""rng""],""sourced_class_memberships"":[],""gameplay_classes_verified"":true,""availability"":{""player_use"":""available"",""opponent_use"":""training_dummy_available"",""basis"":""screenshot_brightness_inference"",""confidence"":""medium"",""as_of"":""2026-09-26"",""requires_confirmation_for_test_setup"":true}}",150
151,Meteosaurus,9000000,9000000,6,6,1,1,"[""Prehistoric""]",[],"{""name"":{""file"":""Cards-2.xml"",""xml_path"":""/project[1]/scenes[1]/scene[1]/variables[1]/variable[1]"",""snap_value_id"":""34123"",""variable"":""Cards"",""item_1"":151},""rarity"":{""file"":""Cards-2.xml"",""xml_path"":""/project[1]/scenes[1]/scene[1]/variables[1]/variable[19]"",""snap_value_id"":""34147"",""variable"":""Card Rarities"",""item_1"":151},""weather"":{""file"":""data-10.csv"",""record_1"":1,""column_1"":151},""card_modifier"":{""file"":""data-9.csv"",""record_1"":1,""column_1"":151}}",6,user_verified,"{""card_id"":151,""name"":""Meteosaurus"",""pack_id"":6,""pack"":""Prehistoric"",""screenshot"":{""file"":""user_2026-09-27/Screenshot 2026-09-26 at 6.32.18 PM.png"",""image_number"":8,""card_ordinal_excluding_clipped_repeats"":11},""visual_tags"":[""dinosaur"",""fire""],""visual_inference_status"":""inferred_from_art_and_name"",""gameplay_class_candidates"":[],""sourced_class_memberships"":[],""gameplay_classes_verified"":true,""availability"":{""player_use"":""available"",""opponent_use"":""training_dummy_available"",""basis"":""screenshot_brightness_inference"",""confidence"":""medium"",""as_of"":""2026-09-26"",""requires_confirmation_for_test_setup"":true}}",151
152,Marrowclaw,10000000,10000000,7,7,1,1,"[""Prehistoric""]","[""rng""]","{""name"":{""file"":""Cards-2.xml"",""xml_path"":""/project[1]/scenes[1]/scene[1]/variables[1]/variable[1]"",""snap_value_id"":""34123"",""variable"":""Cards"",""item_1"":152},""rarity"":{""file"":""Cards-2.xml"",""xml_path"":""/project[1]/scenes[1]/scene[1]/variables[1]/variable[19]"",""snap_value_id"":""34147"",""variable"":""Card Rarities"",""item_1"":152},""weather"":{""file"":""data-10.csv"",""record_1"":1,""column_1"":152},""card_modifier"":{""file"":""data-9.csv"",""record_1"":1,""column_1"":152}}",6,user_verified,"{""card_id"":152,""name"":""Marrowclaw"",""pack_id"":6,""pack"":""Prehistoric"",""screenshot"":{""file"":""user_2026-09-27/Screenshot 2026-09-26 at 6.32.18 PM.png"",""image_number"":8,""card_ordinal_excluding_clipped_repeats"":12},""visual_tags"":[""dinosaur"",""undead""],""visual_inference_status"":""inferred_from_art_and_name"",""gameplay_class_candidates"":[""rng""],""sourced_class_memberships"":[],""gameplay_classes_verified"":true,""availability"":{""player_use"":""available"",""opponent_use"":""training_dummy_available"",""basis"":""screenshot_brightness_inference"",""confidence"":""medium"",""as_of"":""2026-09-26"",""requires_confirmation_for_test_setup"":true}}",152
153,Ankylosaurus,20000000,20000000,1,1,1,1,"[""Prehistoric""]",[],"{""name"":{""file"":""Cards-2.xml"",""xml_path"":""/project[1]/scenes[1]/scene[1]/variables[1]/variable[1]"",""snap_value_id"":""34123"",""variable"":""Cards"",""item_1"":153},""rarity"":{""file"":""Cards-2.xml"",""xml_path"":""/project[1]/scenes[1]/scene[1]/variables[1]/variable[19]"",""snap_value_id"":""34147"",""variable"":""Card Rarities"",""item_1"":153},""weather"":{""file"":""data-10.csv"",""record_1"":1,""column_1"":153},""card_modifier"":{""file"":""data-9.csv"",""record_1"":1,""column_1"":153}}",6,user_verified,"{""card_id"":153,""name"":""Ankylosaurus"",""pack_id"":6,""pack"":""Prehistoric"",""screenshot"":{""file"":""user_2026-09-27/Screenshot 2026-09-26 at 6.32.18 PM.png"",""image_number"":8,""card_ordinal_excluding_clipped_repeats"":13},""visual_tags"":[""dinosaur""],""visual_inference_status"":""inferred_from_art_and_name"",""gameplay_class_candidates"":[],""sourced_class_memberships"":[],""gameplay_classes_verified"":true,""availability"":{""player_use"":""available"",""opponent_use"":""training_dummy_available"",""basis"":""screenshot_brightness_inference"",""confidence"":""medium"",""as_of"":""2026-09-26"",""requires_confirmation_for_test_setup"":true}}",153
154,Velociraptor,80000000,80000000,1,1,1,1,"[""Prehistoric""]",[],"{""name"":{""file"":""Cards-2.xml"",""xml_path"":""/project[1]/scenes[1]/scene[1]/variables[1]/variable[1]"",""snap_value_id"":""34123"",""variable"":""Cards"",""item_1"":154},""rarity"":{""file"":""Cards-2.xml"",""xml_path"":""/project[1]/scenes[1]/scene[1]/variables[1]/variable[19]"",""snap_value_id"":""34147"",""variable"":""Card Rarities"",""item_1"":154},""weather"":{""file"":""data-10.csv"",""record_1"":1,""column_1"":154},""card_modifier"":{""file"":""data-9.csv"",""record_1"":1,""column_1"":154}}",6,user_verified,"{""card_id"":154,""name"":""Velociraptor"",""pack_id"":6,""pack"":""Prehistoric"",""screenshot"":{""file"":""user_2026-09-27/Screenshot 2026-09-26 at 6.32.18 PM.png"",""image_number"":8,""card_ordinal_excluding_clipped_repeats"":14},""visual_tags"":[""dinosaur""],""visual_inference_status"":""inferred_from_art_and_name"",""gameplay_class_candidates"":[],""sourced_class_memberships"":[],""gameplay_classes_verified"":true,""availability"":{""player_use"":""available"",""opponent_use"":""training_dummy_available"",""basis"":""screenshot_brightness_inference"",""confidence"":""medium"",""as_of"":""2026-09-26"",""requires_confirmation_for_test_setup"":true}}",154
155,Cyberdon,150000000,150000000,8,8,1,1,"[""Prehistoric""]",[],"{""name"":{""file"":""Cards-2.xml"",""xml_path"":""/project[1]/scenes[1]/scene[1]/variables[1]/variable[1]"",""snap_value_id"":""34123"",""variable"":""Cards"",""item_1"":155},""rarity"":{""file"":""Cards-2.xml"",""xml_path"":""/project[1]/scenes[1]/scene[1]/variables[1]/variable[19]"",""snap_value_id"":""34147"",""variable"":""Card Rarities"",""item_1"":155},""weather"":{""file"":""data-10.csv"",""record_1"":1,""column_1"":155},""card_modifier"":{""file"":""data-9.csv"",""record_1"":1,""column_1"":155}}",6,user_verified,"{""card_id"":155,""name"":""Cyberdon"",""pack_id"":6,""pack"":""Prehistoric"",""screenshot"":{""file"":""user_2026-09-27/Screenshot 2026-09-26 at 6.32.18 PM.png"",""image_number"":8,""card_ordinal_excluding_clipped_repeats"":15},""visual_tags"":[""dinosaur"",""construct""],""visual_inference_status"":""inferred_from_art_and_name"",""gameplay_class_candidates"":[],""sourced_class_memberships"":[],""gameplay_classes_verified"":true,""availability"":{""player_use"":""available"",""opponent_use"":""training_dummy_available"",""basis"":""screenshot_brightness_inference"",""confidence"":""medium"",""as_of"":""2026-09-26"",""requires_confirmation_for_test_setup"":true}}",155
156,Behemoth,500000000,500000000,11,11,1,1,"[""Prehistoric""]",[],"{""name"":{""file"":""Cards-2.xml"",""xml_path"":""/project[1]/scenes[1]/scene[1]/variables[1]/variable[1]"",""snap_value_id"":""34123"",""variable"":""Cards"",""item_1"":156},""rarity"":{""file"":""Cards-2.xml"",""xml_path"":""/project[1]/scenes[1]/scene[1]/variables[1]/variable[19]"",""snap_value_id"":""34147"",""variable"":""Card Rarities"",""item_1"":156},""weather"":{""file"":""data-10.csv"",""record_1"":1,""column_1"":156},""card_modifier"":{""file"":""data-9.csv"",""record_1"":1,""column_1"":156}}",6,user_verified,"{""card_id"":156,""name"":""Behemoth"",""pack_id"":6,""pack"":""Prehistoric"",""screenshot"":{""file"":""user_2026-09-27/Screenshot 2026-09-26 at 6.32.18 PM.png"",""image_number"":8,""card_ordinal_excluding_clipped_repeats"":16},""visual_tags"":[""dinosaur""],""visual_inference_status"":""inferred_from_art_and_name"",""gameplay_class_candidates"":[],""sourced_class_memberships"":[],""gameplay_classes_verified"":true,""availability"":{""player_use"":""unavailable"",""opponent_use"":""training_dummy_available"",""basis"":""screenshot_brightness_inference"",""confidence"":""medium"",""as_of"":""2026-09-26"",""requires_confirmation_for_test_setup"":true}}",156
157,Tyrannosaurus Rex,800000000,800000000,1,1,1.2,1.2,"[""Prehistoric""]",[],"{""name"":{""file"":""Cards-2.xml"",""xml_path"":""/project[1]/scenes[1]/scene[1]/variables[1]/variable[1]"",""snap_value_id"":""34123"",""variable"":""Cards"",""item_1"":157},""rarity"":{""file"":""Cards-2.xml"",""xml_path"":""/project[1]/scenes[1]/scene[1]/variables[1]/variable[19]"",""snap_value_id"":""34147"",""variable"":""Card Rarities"",""item_1"":157},""weather"":{""file"":""data-10.csv"",""record_1"":1,""column_1"":157},""card_modifier"":{""file"":""../../card_engine/data_corrections.py"",""evidence"":""user stat/weather corrections and all-Bosses clarification, 2026-09-28""}}",6,user_verified,"{""card_id"":157,""name"":""Tyrannosaurus Rex"",""pack_id"":6,""pack"":""Prehistoric"",""screenshot"":{""file"":""user_2026-09-27/Screenshot 2026-09-26 at 6.32.18 PM.png"",""image_number"":8,""card_ordinal_excluding_clipped_repeats"":17},""visual_tags"":[""dinosaur""],""visual_inference_status"":""inferred_from_art_and_name"",""gameplay_class_candidates"":[],""sourced_class_memberships"":[],""gameplay_classes_verified"":true,""availability"":{""player_use"":""available"",""opponent_use"":""training_dummy_available"",""basis"":""screenshot_brightness_inference"",""confidence"":""medium"",""as_of"":""2026-09-26"",""requires_confirmation_for_test_setup"":true}}",157
158,Megalodon,5000000000,5000000000,1,1,1,1,"[""Prehistoric""]",[],"{""name"":{""file"":""Cards-2.xml"",""xml_path"":""/project[1]/scenes[1]/scene[1]/variables[1]/variable[1]"",""snap_value_id"":""34123"",""variable"":""Cards"",""item_1"":158},""rarity"":{""file"":""Cards-2.xml"",""xml_path"":""/project[1]/scenes[1]/scene[1]/variables[1]/variable[19]"",""snap_value_id"":""34147"",""variable"":""Card Rarities"",""item_1"":158},""weather"":{""file"":""data-10.csv"",""record_1"":1,""column_1"":158},""card_modifier"":{""file"":""data-9.csv"",""record_1"":1,""column_1"":158}}",6,user_verified,"{""card_id"":158,""name"":""Megalodon"",""pack_id"":6,""pack"":""Prehistoric"",""screenshot"":{""file"":""user_2026-09-27/Screenshot 2026-09-26 at 6.32.18 PM.png"",""image_number"":8,""card_ordinal_excluding_clipped_repeats"":18},""visual_tags"":[""aquatic"",""shark""],""visual_inference_status"":""inferred_from_art_and_name"",""gameplay_class_candidates"":[],""sourced_class_memberships"":[],""gameplay_classes_verified"":true,""availability"":{""player_use"":""unavailable"",""opponent_use"":""training_dummy_available"",""basis"":""screenshot_brightness_inference"",""confidence"":""medium"",""as_of"":""2026-09-26"",""requires_confirmation_for_test_setup"":true}}",158
159,Tyrannodon,15000000000,15000000000,1,1,1.5,1.5,"[""Prehistoric""]",[],"{""name"":{""file"":""Cards-2.xml"",""xml_path"":""/project[1]/scenes[1]/scene[1]/variables[1]/variable[1]"",""snap_value_id"":""34123"",""variable"":""Cards"",""item_1"":159},""rarity"":{""file"":""Cards-2.xml"",""xml_path"":""/project[1]/scenes[1]/scene[1]/variables[1]/variable[19]"",""snap_value_id"":""34147"",""variable"":""Card Rarities"",""item_1"":159},""weather"":{""file"":""data-10.csv"",""record_1"":1,""column_1"":159},""card_modifier"":{""file"":""../../card_engine/data_corrections.py"",""evidence"":""user stat/weather corrections and all-Bosses clarification, 2026-09-28""}}",6,user_verified,"{""card_id"":159,""name"":""Tyrannodon"",""pack_id"":6,""pack"":""Prehistoric"",""screenshot"":{""file"":""user_2026-09-27/Screenshot 2026-09-26 at 6.32.18 PM.png"",""image_number"":8,""card_ordinal_excluding_clipped_repeats"":19},""visual_tags"":[""dinosaur""],""visual_inference_status"":""inferred_from_art_and_name"",""gameplay_class_candidates"":[],""sourced_class_memberships"":[],""gameplay_classes_verified"":true,""availability"":{""player_use"":""available"",""opponent_use"":""training_dummy_available"",""basis"":""screenshot_brightness_inference"",""confidence"":""medium"",""as_of"":""2026-09-26"",""requires_confirmation_for_test_setup"":true}}",159
160,Hunter,2000,2000,1,1,1,1,"[""Era 2""]",[],"{""name"":{""file"":""Cards-2.xml"",""xml_path"":""/project[1]/scenes[1]/scene[1]/variables[1]/variable[1]"",""snap_value_id"":""34123"",""variable"":""Cards"",""item_1"":160},""rarity"":{""file"":""Cards-2.xml"",""xml_path"":""/project[1]/scenes[1]/scene[1]/variables[1]/variable[19]"",""snap_value_id"":""34147"",""variable"":""Card Rarities"",""item_1"":160},""weather"":{""file"":""data-10.csv"",""record_1"":1,""column_1"":160},""card_modifier"":{""file"":""data-9.csv"",""record_1"":1,""column_1"":160}}",7,user_verified,"{""card_id"":160,""name"":""Hunter"",""pack_id"":7,""pack"":""Era 2"",""screenshot"":{""file"":""user_2026-09-27/Screenshot 2026-09-26 at 6.32.23 PM.png"",""image_number"":9,""card_ordinal_excluding_clipped_repeats"":1},""visual_tags"":[""humanoid"",""armored""],""visual_inference_status"":""inferred_from_art_and_name"",""gameplay_class_candidates"":[],""sourced_class_memberships"":[],""gameplay_classes_verified"":true,""availability"":{""player_use"":""available"",""opponent_use"":""training_dummy_available"",""basis"":""screenshot_brightness_inference"",""confidence"":""medium"",""as_of"":""2026-09-26"",""requires_confirmation_for_test_setup"":true}}",160
161,Resolute Blade,4000,4000,1,1,1,1,"[""Era 2""]",[],"{""name"":{""file"":""Cards-2.xml"",""xml_path"":""/project[1]/scenes[1]/scene[1]/variables[1]/variable[1]"",""snap_value_id"":""34123"",""variable"":""Cards"",""item_1"":161},""rarity"":{""file"":""Cards-2.xml"",""xml_path"":""/project[1]/scenes[1]/scene[1]/variables[1]/variable[19]"",""snap_value_id"":""34147"",""variable"":""Card Rarities"",""item_1"":161},""weather"":{""file"":""data-10.csv"",""record_1"":1,""column_1"":161},""card_modifier"":{""file"":""data-9.csv"",""record_1"":1,""column_1"":161}}",7,user_verified,"{""card_id"":161,""name"":""Resolute Blade"",""pack_id"":7,""pack"":""Era 2"",""screenshot"":{""file"":""user_2026-09-27/Screenshot 2026-09-26 at 6.32.23 PM.png"",""image_number"":9,""card_ordinal_excluding_clipped_repeats"":2},""visual_tags"":[""humanlike"",""warrior""],""visual_inference_status"":""inferred_from_art_and_name"",""gameplay_class_candidates"":[],""sourced_class_memberships"":[],""gameplay_classes_verified"":true,""availability"":{""player_use"":""available"",""opponent_use"":""training_dummy_available"",""basis"":""screenshot_brightness_inference"",""confidence"":""medium"",""as_of"":""2026-09-26"",""requires_confirmation_for_test_setup"":true}}",161
162,Bacon Hair,6000,6000,1,1,1,1,"[""Era 2""]",[],"{""name"":{""file"":""Cards-2.xml"",""xml_path"":""/project[1]/scenes[1]/scene[1]/variables[1]/variable[1]"",""snap_value_id"":""34123"",""variable"":""Cards"",""item_1"":162},""rarity"":{""file"":""Cards-2.xml"",""xml_path"":""/project[1]/scenes[1]/scene[1]/variables[1]/variable[19]"",""snap_value_id"":""34147"",""variable"":""Card Rarities"",""item_1"":162},""weather"":{""file"":""data-10.csv"",""record_1"":1,""column_1"":162},""card_modifier"":{""file"":""data-9.csv"",""record_1"":1,""column_1"":162}}",7,user_verified,"{""card_id"":162,""name"":""Bacon Hair"",""pack_id"":7,""pack"":""Era 2"",""screenshot"":{""file"":""user_2026-09-27/Screenshot 2026-09-26 at 6.32.23 PM.png"",""image_number"":9,""card_ordinal_excluding_clipped_repeats"":3},""visual_tags"":[""humanoid"",""goblin""],""visual_inference_status"":""inferred_from_art_and_name"",""gameplay_class_candidates"":[],""sourced_class_memberships"":[],""gameplay_classes_verified"":true,""availability"":{""player_use"":""available"",""opponent_use"":""training_dummy_available"",""basis"":""screenshot_brightness_inference"",""confidence"":""medium"",""as_of"":""2026-09-26"",""requires_confirmation_for_test_setup"":true}}",162
163,Soft Paw,8000,8000,1,1,1,1,"[""Era 2""]",[],"{""name"":{""file"":""Cards-2.xml"",""xml_path"":""/project[1]/scenes[1]/scene[1]/variables[1]/variable[1]"",""snap_value_id"":""34123"",""variable"":""Cards"",""item_1"":163},""rarity"":{""file"":""Cards-2.xml"",""xml_path"":""/project[1]/scenes[1]/scene[1]/variables[1]/variable[19]"",""snap_value_id"":""34147"",""variable"":""Card Rarities"",""item_1"":163},""weather"":{""file"":""data-10.csv"",""record_1"":1,""column_1"":163},""card_modifier"":{""file"":""data-9.csv"",""record_1"":1,""column_1"":163}}",7,user_verified,"{""card_id"":163,""name"":""Soft Paw"",""pack_id"":7,""pack"":""Era 2"",""screenshot"":{""file"":""user_2026-09-27/Screenshot 2026-09-26 at 6.32.23 PM.png"",""image_number"":9,""card_ordinal_excluding_clipped_repeats"":4},""visual_tags"":[""animal"",""feline""],""visual_inference_status"":""inferred_from_art_and_name"",""gameplay_class_candidates"":[],""sourced_class_memberships"":[],""gameplay_classes_verified"":true,""availability"":{""player_use"":""available"",""opponent_use"":""training_dummy_available"",""basis"":""screenshot_brightness_inference"",""confidence"":""medium"",""as_of"":""2026-09-26"",""requires_confirmation_for_test_setup"":true}}",163
164,True Prophet,12000,12000,1,1,1,1,"[""Era 2""]",[],"{""name"":{""file"":""Cards-2.xml"",""xml_path"":""/project[1]/scenes[1]/scene[1]/variables[1]/variable[1]"",""snap_value_id"":""34123"",""variable"":""Cards"",""item_1"":164},""rarity"":{""file"":""Cards-2.xml"",""xml_path"":""/project[1]/scenes[1]/scene[1]/variables[1]/variable[19]"",""snap_value_id"":""34147"",""variable"":""Card Rarities"",""item_1"":164},""weather"":{""file"":""data-10.csv"",""record_1"":1,""column_1"":164},""card_modifier"":{""file"":""data-9.csv"",""record_1"":1,""column_1"":164}}",7,user_verified,"{""card_id"":164,""name"":""True Prophet"",""pack_id"":7,""pack"":""Era 2"",""screenshot"":{""file"":""user_2026-09-27/Screenshot 2026-09-26 at 6.32.23 PM.png"",""image_number"":9,""card_ordinal_excluding_clipped_repeats"":5},""visual_tags"":[""humanoid"",""hooded""],""visual_inference_status"":""inferred_from_art_and_name"",""gameplay_class_candidates"":[],""sourced_class_memberships"":[],""gameplay_classes_verified"":true,""availability"":{""player_use"":""available"",""opponent_use"":""training_dummy_available"",""basis"":""screenshot_brightness_inference"",""confidence"":""medium"",""as_of"":""2026-09-26"",""requires_confirmation_for_test_setup"":true}}",164
165,Cherub,20000,20000,1,1,1,1,"[""Era 2""]",[],"{""name"":{""file"":""Cards-2.xml"",""xml_path"":""/project[1]/scenes[1]/scene[1]/variables[1]/variable[1]"",""snap_value_id"":""34123"",""variable"":""Cards"",""item_1"":165},""rarity"":{""file"":""Cards-2.xml"",""xml_path"":""/project[1]/scenes[1]/scene[1]/variables[1]/variable[19]"",""snap_value_id"":""34147"",""variable"":""Card Rarities"",""item_1"":165},""weather"":{""file"":""data-10.csv"",""record_1"":1,""column_1"":165},""card_modifier"":{""file"":""data-9.csv"",""record_1"":1,""column_1"":165}}",7,user_verified,"{""card_id"":165,""name"":""Cherub"",""pack_id"":7,""pack"":""Era 2"",""screenshot"":{""file"":""user_2026-09-27/Screenshot 2026-09-26 at 6.32.23 PM.png"",""image_number"":9,""card_ordinal_excluding_clipped_repeats"":6},""visual_tags"":[""divine"",""winged""],""visual_inference_status"":""inferred_from_art_and_name"",""gameplay_class_candidates"":[],""sourced_class_memberships"":[],""gameplay_classes_verified"":true,""availability"":{""player_use"":""available"",""opponent_use"":""training_dummy_available"",""basis"":""screenshot_brightness_inference"",""confidence"":""medium"",""as_of"":""2026-09-26"",""requires_confirmation_for_test_setup"":true}}",165
166,Engineer,35000,35000,1,1,1,1,"[""Era 2""]",[],"{""name"":{""file"":""Cards-2.xml"",""xml_path"":""/project[1]/scenes[1]/scene[1]/variables[1]/variable[1]"",""snap_value_id"":""34123"",""variable"":""Cards"",""item_1"":166},""rarity"":{""file"":""Cards-2.xml"",""xml_path"":""/project[1]/scenes[1]/scene[1]/variables[1]/variable[19]"",""snap_value_id"":""34147"",""variable"":""Card Rarities"",""item_1"":166},""weather"":{""file"":""data-10.csv"",""record_1"":1,""column_1"":166},""card_modifier"":{""file"":""data-9.csv"",""record_1"":1,""column_1"":166}}",7,user_verified,"{""card_id"":166,""name"":""Engineer"",""pack_id"":7,""pack"":""Era 2"",""screenshot"":{""file"":""user_2026-09-27/Screenshot 2026-09-26 at 6.32.23 PM.png"",""image_number"":9,""card_ordinal_excluding_clipped_repeats"":7},""visual_tags"":[""humanlike""],""visual_inference_status"":""inferred_from_art_and_name"",""gameplay_class_candidates"":[],""sourced_class_memberships"":[],""gameplay_classes_verified"":true,""availability"":{""player_use"":""available"",""opponent_use"":""training_dummy_available"",""basis"":""screenshot_brightness_inference"",""confidence"":""medium"",""as_of"":""2026-09-26"",""requires_confirmation_for_test_setup"":true}}",166
167,Volcano Spirit,75000,75000,1,1,1,1,"[""Era 2""]",[],"{""name"":{""file"":""Cards-2.xml"",""xml_path"":""/project[1]/scenes[1]/scene[1]/variables[1]/variable[1]"",""snap_value_id"":""34123"",""variable"":""Cards"",""item_1"":167},""rarity"":{""file"":""Cards-2.xml"",""xml_path"":""/project[1]/scenes[1]/scene[1]/variables[1]/variable[19]"",""snap_value_id"":""34147"",""variable"":""Card Rarities"",""item_1"":167},""weather"":{""file"":""data-10.csv"",""record_1"":1,""column_1"":167},""card_modifier"":{""file"":""data-9.csv"",""record_1"":1,""column_1"":167}}",7,user_verified,"{""card_id"":167,""name"":""Volcano Spirit"",""pack_id"":7,""pack"":""Era 2"",""screenshot"":{""file"":""user_2026-09-27/Screenshot 2026-09-26 at 6.32.23 PM.png"",""image_number"":9,""card_ordinal_excluding_clipped_repeats"":8},""visual_tags"":[""spirit"",""fire""],""visual_inference_status"":""inferred_from_art_and_name"",""gameplay_class_candidates"":[],""sourced_class_memberships"":[],""gameplay_classes_verified"":true,""availability"":{""player_use"":""available"",""opponent_use"":""training_dummy_available"",""basis"":""screenshot_brightness_inference"",""confidence"":""medium"",""as_of"":""2026-09-26"",""requires_confirmation_for_test_setup"":true}}",167
168,Julius Leader,100000,100000,1,1,1,1,"[""Era 2""]",[],"{""name"":{""file"":""Cards-2.xml"",""xml_path"":""/project[1]/scenes[1]/scene[1]/variables[1]/variable[1]"",""snap_value_id"":""34123"",""variable"":""Cards"",""item_1"":168},""rarity"":{""file"":""Cards-2.xml"",""xml_path"":""/project[1]/scenes[1]/scene[1]/variables[1]/variable[19]"",""snap_value_id"":""34147"",""variable"":""Card Rarities"",""item_1"":168},""weather"":{""file"":""data-10.csv"",""record_1"":1,""column_1"":168},""card_modifier"":{""file"":""data-9.csv"",""record_1"":1,""column_1"":168}}",7,user_verified,"{""card_id"":168,""name"":""Julius Leader"",""pack_id"":7,""pack"":""Era 2"",""screenshot"":{""file"":""user_2026-09-27/Screenshot 2026-09-26 at 6.32.23 PM.png"",""image_number"":9,""card_ordinal_excluding_clipped_repeats"":9},""visual_tags"":[""humanlike"",""warrior""],""visual_inference_status"":""inferred_from_art_and_name"",""gameplay_class_candidates"":[],""sourced_class_memberships"":[],""gameplay_classes_verified"":true,""availability"":{""player_use"":""available"",""opponent_use"":""training_dummy_available"",""basis"":""screenshot_brightness_inference"",""confidence"":""medium"",""as_of"":""2026-09-26"",""requires_confirmation_for_test_setup"":true}}",168
169,Noveau Riche,200000,200000,1,1,1,1,"[""Era 2""]",[],"{""name"":{""file"":""Cards-2.xml"",""xml_path"":""/project[1]/scenes[1]/scene[1]/variables[1]/variable[1]"",""snap_value_id"":""34123"",""variable"":""Cards"",""item_1"":169},""rarity"":{""file"":""Cards-2.xml"",""xml_path"":""/project[1]/scenes[1]/scene[1]/variables[1]/variable[19]"",""snap_value_id"":""34147"",""variable"":""Card Rarities"",""item_1"":169},""weather"":{""file"":""data-10.csv"",""record_1"":1,""column_1"":169},""card_modifier"":{""file"":""data-9.csv"",""record_1"":1,""column_1"":169}}",7,user_verified,"{""card_id"":169,""name"":""Noveau Riche"",""pack_id"":7,""pack"":""Era 2"",""screenshot"":{""file"":""user_2026-09-27/Screenshot 2026-09-26 at 6.32.23 PM.png"",""image_number"":9,""card_ordinal_excluding_clipped_repeats"":10},""visual_tags"":[""humanlike""],""visual_inference_status"":""inferred_from_art_and_name"",""gameplay_class_candidates"":[],""sourced_class_memberships"":[],""gameplay_classes_verified"":true,""availability"":{""player_use"":""available"",""opponent_use"":""training_dummy_available"",""basis"":""screenshot_brightness_inference"",""confidence"":""medium"",""as_of"":""2026-09-26"",""requires_confirmation_for_test_setup"":true}}",169
170,Robin Hood,500000,500000,1,1,1,1,"[""Era 2""]",[],"{""name"":{""file"":""Cards-2.xml"",""xml_path"":""/project[1]/scenes[1]/scene[1]/variables[1]/variable[1]"",""snap_value_id"":""34123"",""variable"":""Cards"",""item_1"":170},""rarity"":{""file"":""Cards-2.xml"",""xml_path"":""/project[1]/scenes[1]/scene[1]/variables[1]/variable[19]"",""snap_value_id"":""34147"",""variable"":""Card Rarities"",""item_1"":170},""weather"":{""file"":""data-10.csv"",""record_1"":1,""column_1"":170},""card_modifier"":{""file"":""data-9.csv"",""record_1"":1,""column_1"":170}}",7,user_verified,"{""card_id"":170,""name"":""Robin Hood"",""pack_id"":7,""pack"":""Era 2"",""screenshot"":{""file"":""user_2026-09-27/Screenshot 2026-09-26 at 6.32.23 PM.png"",""image_number"":9,""card_ordinal_excluding_clipped_repeats"":11},""visual_tags"":[""humanlike"",""hooded""],""visual_inference_status"":""inferred_from_art_and_name"",""gameplay_class_candidates"":[],""sourced_class_memberships"":[],""gameplay_classes_verified"":true,""availability"":{""player_use"":""available"",""opponent_use"":""training_dummy_available"",""basis"":""screenshot_brightness_inference"",""confidence"":""medium"",""as_of"":""2026-09-26"",""requires_confirmation_for_test_setup"":true}}",170
171,Infected Maw,666000,666000,1,1,1,1,"[""Era 2""]",[],"{""name"":{""file"":""Cards-2.xml"",""xml_path"":""/project[1]/scenes[1]/scene[1]/variables[1]/variable[1]"",""snap_value_id"":""34123"",""variable"":""Cards"",""item_1"":171},""rarity"":{""file"":""Cards-2.xml"",""xml_path"":""/project[1]/scenes[1]/scene[1]/variables[1]/variable[19]"",""snap_value_id"":""34147"",""variable"":""Card Rarities"",""item_1"":171},""weather"":{""file"":""data-10.csv"",""record_1"":1,""column_1"":171},""card_modifier"":{""file"":""data-9.csv"",""record_1"":1,""column_1"":171}}",7,user_verified,"{""card_id"":171,""name"":""Infected Maw"",""pack_id"":7,""pack"":""Era 2"",""screenshot"":{""file"":""user_2026-09-27/Screenshot 2026-09-26 at 6.32.23 PM.png"",""image_number"":9,""card_ordinal_excluding_clipped_repeats"":12},""visual_tags"":[""animal"",""reptile""],""visual_inference_status"":""inferred_from_art_and_name"",""gameplay_class_candidates"":[],""sourced_class_memberships"":[],""gameplay_classes_verified"":true,""availability"":{""player_use"":""available"",""opponent_use"":""training_dummy_available"",""basis"":""screenshot_brightness_inference"",""confidence"":""medium"",""as_of"":""2026-09-26"",""requires_confirmation_for_test_setup"":true}}",171
172,Seraphim,1000000,1000000,1,1,1,1,"[""Era 2""]",[],"{""name"":{""file"":""Cards-2.xml"",""xml_path"":""/project[1]/scenes[1]/scene[1]/variables[1]/variable[1]"",""snap_value_id"":""34123"",""variable"":""Cards"",""item_1"":172},""rarity"":{""file"":""Cards-2.xml"",""xml_path"":""/project[1]/scenes[1]/scene[1]/variables[1]/variable[19]"",""snap_value_id"":""34147"",""variable"":""Card Rarities"",""item_1"":172},""weather"":{""file"":""data-10.csv"",""record_1"":1,""column_1"":172},""card_modifier"":{""file"":""data-9.csv"",""record_1"":1,""column_1"":172}}",7,user_verified,"{""card_id"":172,""name"":""Seraphim"",""pack_id"":7,""pack"":""Era 2"",""screenshot"":{""file"":""user_2026-09-27/Screenshot 2026-09-26 at 6.32.23 PM.png"",""image_number"":9,""card_ordinal_excluding_clipped_repeats"":13},""visual_tags"":[""humanoid"",""divine"",""winged""],""visual_inference_status"":""inferred_from_art_and_name"",""gameplay_class_candidates"":[],""sourced_class_memberships"":[],""gameplay_classes_verified"":true,""availability"":{""player_use"":""available"",""opponent_use"":""training_dummy_available"",""basis"":""screenshot_brightness_inference"",""confidence"":""medium"",""as_of"":""2026-09-26"",""requires_confirmation_for_test_setup"":true}}",172
173,Terra's Aria,1000000,1000000,6,6,1,1,"[""Era 2""]",[],"{""name"":{""file"":""Cards-2.xml"",""xml_path"":""/project[1]/scenes[1]/scene[1]/variables[1]/variable[1]"",""snap_value_id"":""34123"",""variable"":""Cards"",""item_1"":173},""rarity"":{""file"":""Cards-2.xml"",""xml_path"":""/project[1]/scenes[1]/scene[1]/variables[1]/variable[19]"",""snap_value_id"":""34147"",""variable"":""Card Rarities"",""item_1"":173},""weather"":{""file"":""data-10.csv"",""record_1"":1,""column_1"":173},""card_modifier"":{""file"":""data-9.csv"",""record_1"":1,""column_1"":173}}",7,user_verified,"{""card_id"":173,""name"":""Terra's Aria"",""pack_id"":7,""pack"":""Era 2"",""screenshot"":{""file"":""user_2026-09-27/Screenshot 2026-09-26 at 6.32.23 PM.png"",""image_number"":9,""card_ordinal_excluding_clipped_repeats"":14},""visual_tags"":[""construct""],""visual_inference_status"":""inferred_from_art_and_name"",""gameplay_class_candidates"":[],""sourced_class_memberships"":[],""gameplay_classes_verified"":true,""availability"":{""player_use"":""available"",""opponent_use"":""training_dummy_available"",""basis"":""screenshot_brightness_inference"",""confidence"":""medium"",""as_of"":""2026-09-26"",""requires_confirmation_for_test_setup"":true}}",173
174,Count Muscula,2000000,2000000,1,1,1,1,"[""Era 2""]","[""undead""]","{""name"":{""file"":""Cards-2.xml"",""xml_path"":""/project[1]/scenes[1]/scene[1]/variables[1]/variable[1]"",""snap_value_id"":""34123"",""variable"":""Cards"",""item_1"":174},""rarity"":{""file"":""Cards-2.xml"",""xml_path"":""/project[1]/scenes[1]/scene[1]/variables[1]/variable[19]"",""snap_value_id"":""34147"",""variable"":""Card Rarities"",""item_1"":174},""weather"":{""file"":""data-10.csv"",""record_1"":1,""column_1"":174},""card_modifier"":{""file"":""data-9.csv"",""record_1"":1,""column_1"":174}}",7,user_verified,"{""card_id"":174,""name"":""Count Muscula"",""pack_id"":7,""pack"":""Era 2"",""screenshot"":{""file"":""user_2026-09-27/Screenshot 2026-09-26 at 6.32.23 PM.png"",""image_number"":9,""card_ordinal_excluding_clipped_repeats"":15},""visual_tags"":[""humanlike"",""undead""],""visual_inference_status"":""inferred_from_art_and_name"",""gameplay_class_candidates"":[""undead""],""sourced_class_memberships"":[],""gameplay_classes_verified"":true,""availability"":{""player_use"":""available"",""opponent_use"":""training_dummy_available"",""basis"":""screenshot_brightness_inference"",""confidence"":""medium"",""as_of"":""2026-09-26"",""requires_confirmation_for_test_setup"":true}}",174
175,Poison Witch,2500000,2500000,1,1,1,1,"[""Era 2""]",[],"{""name"":{""file"":""Cards-2.xml"",""xml_path"":""/project[1]/scenes[1]/scene[1]/variables[1]/variable[1]"",""snap_value_id"":""34123"",""variable"":""Cards"",""item_1"":175},""rarity"":{""file"":""Cards-2.xml"",""xml_path"":""/project[1]/scenes[1]/scene[1]/variables[1]/variable[19]"",""snap_value_id"":""34147"",""variable"":""Card Rarities"",""item_1"":175},""weather"":{""file"":""data-10.csv"",""record_1"":1,""column_1"":175},""card_modifier"":{""file"":""data-9.csv"",""record_1"":1,""column_1"":175}}",7,user_verified,"{""card_id"":175,""name"":""Poison Witch"",""pack_id"":7,""pack"":""Era 2"",""screenshot"":{""file"":""user_2026-09-27/Screenshot 2026-09-26 at 6.32.23 PM.png"",""image_number"":9,""card_ordinal_excluding_clipped_repeats"":16},""visual_tags"":[""humanlike"",""mage""],""visual_inference_status"":""inferred_from_art_and_name"",""gameplay_class_candidates"":[],""sourced_class_memberships"":[],""gameplay_classes_verified"":true,""availability"":{""player_use"":""available"",""opponent_use"":""training_dummy_available"",""basis"":""screenshot_brightness_inference"",""confidence"":""medium"",""as_of"":""2026-09-26"",""requires_confirmation_for_test_setup"":true}}",175
176,Skeleton King,3333000,3333000,1,1,1,1,"[""Era 2""]","[""undead""]","{""name"":{""file"":""Cards-2.xml"",""xml_path"":""/project[1]/scenes[1]/scene[1]/variables[1]/variable[1]"",""snap_value_id"":""34123"",""variable"":""Cards"",""item_1"":176},""rarity"":{""file"":""Cards-2.xml"",""xml_path"":""/project[1]/scenes[1]/scene[1]/variables[1]/variable[19]"",""snap_value_id"":""34147"",""variable"":""Card Rarities"",""item_1"":176},""weather"":{""file"":""data-10.csv"",""record_1"":1,""column_1"":176},""card_modifier"":{""file"":""data-9.csv"",""record_1"":1,""column_1"":176}}",7,user_verified,"{""card_id"":176,""name"":""Skeleton King"",""pack_id"":7,""pack"":""Era 2"",""screenshot"":{""file"":""user_2026-09-27/Screenshot 2026-09-26 at 6.32.23 PM.png"",""image_number"":9,""card_ordinal_excluding_clipped_repeats"":17},""visual_tags"":[""undead"",""skeletal""],""visual_inference_status"":""inferred_from_art_and_name"",""gameplay_class_candidates"":[""undead""],""sourced_class_memberships"":[],""gameplay_classes_verified"":true,""availability"":{""player_use"":""available"",""opponent_use"":""training_dummy_available"",""basis"":""screenshot_brightness_inference"",""confidence"":""medium"",""as_of"":""2026-09-26"",""requires_confirmation_for_test_setup"":true}}",176
177,Juggernoid,10000000,10000000,1,1,1,1,"[""Era 2""]","[""dragon""]","{""name"":{""file"":""Cards-2.xml"",""xml_path"":""/project[1]/scenes[1]/scene[1]/variables[1]/variable[1]"",""snap_value_id"":""34123"",""variable"":""Cards"",""item_1"":177},""rarity"":{""file"":""Cards-2.xml"",""xml_path"":""/project[1]/scenes[1]/scene[1]/variables[1]/variable[19]"",""snap_value_id"":""34147"",""variable"":""Card Rarities"",""item_1"":177},""weather"":{""file"":""data-10.csv"",""record_1"":1,""column_1"":177},""card_modifier"":{""file"":""data-9.csv"",""record_1"":1,""column_1"":177}}",7,user_verified,"{""card_id"":177,""name"":""Juggernoid"",""pack_id"":7,""pack"":""Era 2"",""screenshot"":{""file"":""user_2026-09-27/Screenshot 2026-09-26 at 6.32.23 PM.png"",""image_number"":9,""card_ordinal_excluding_clipped_repeats"":18},""visual_tags"":[""animal"",""armored""],""visual_inference_status"":""inferred_from_art_and_name"",""gameplay_class_candidates"":[""dragon""],""sourced_class_memberships"":[],""gameplay_classes_verified"":true,""availability"":{""player_use"":""available"",""opponent_use"":""training_dummy_available"",""basis"":""screenshot_brightness_inference"",""confidence"":""medium"",""as_of"":""2026-09-26"",""requires_confirmation_for_test_setup"":true}}",177
178,Zombie Dragon,11000000,11000000,1,1,1,1,"[""Era 2""]","[""dragon"",""undead""]","{""name"":{""file"":""Cards-2.xml"",""xml_path"":""/project[1]/scenes[1]/scene[1]/variables[1]/variable[1]"",""snap_value_id"":""34123"",""variable"":""Cards"",""item_1"":178},""rarity"":{""file"":""Cards-2.xml"",""xml_path"":""/project[1]/scenes[1]/scene[1]/variables[1]/variable[19]"",""snap_value_id"":""34147"",""variable"":""Card Rarities"",""item_1"":178},""weather"":{""file"":""data-10.csv"",""record_1"":1,""column_1"":178},""card_modifier"":{""file"":""data-9.csv"",""record_1"":1,""column_1"":178}}",7,user_verified,"{""card_id"":178,""name"":""Zombie Dragon"",""pack_id"":7,""pack"":""Era 2"",""screenshot"":{""file"":""user_2026-09-27/Screenshot 2026-09-26 at 6.32.23 PM.png"",""image_number"":9,""card_ordinal_excluding_clipped_repeats"":19},""visual_tags"":[""dragon"",""undead""],""visual_inference_status"":""inferred_from_art_and_name"",""gameplay_class_candidates"":[""dragon"",""undead""],""sourced_class_memberships"":[],""gameplay_classes_verified"":true,""availability"":{""player_use"":""available"",""opponent_use"":""training_dummy_available"",""basis"":""screenshot_brightness_inference"",""confidence"":""medium"",""as_of"":""2026-09-26"",""requires_confirmation_for_test_setup"":true}}",178
179,Assassin King,15000000,15000000,1,1,1,1,"[""Era 2""]",[],"{""name"":{""file"":""Cards-2.xml"",""xml_path"":""/project[1]/scenes[1]/scene[1]/variables[1]/variable[1]"",""snap_value_id"":""34123"",""variable"":""Cards"",""item_1"":179},""rarity"":{""file"":""Cards-2.xml"",""xml_path"":""/project[1]/scenes[1]/scene[1]/variables[1]/variable[19]"",""snap_value_id"":""34147"",""variable"":""Card Rarities"",""item_1"":179},""weather"":{""file"":""data-10.csv"",""record_1"":1,""column_1"":179},""card_modifier"":{""file"":""data-9.csv"",""record_1"":1,""column_1"":179}}",7,user_verified,"{""card_id"":179,""name"":""Assassin King"",""pack_id"":7,""pack"":""Era 2"",""screenshot"":{""file"":""user_2026-09-27/Screenshot 2026-09-26 at 6.32.23 PM.png"",""image_number"":9,""card_ordinal_excluding_clipped_repeats"":20},""visual_tags"":[""humanlike"",""warrior""],""visual_inference_status"":""inferred_from_art_and_name"",""gameplay_class_candidates"":[],""sourced_class_memberships"":[],""gameplay_classes_verified"":true,""availability"":{""player_use"":""available"",""opponent_use"":""training_dummy_available"",""basis"":""screenshot_brightness_inference"",""confidence"":""medium"",""as_of"":""2026-09-26"",""requires_confirmation_for_test_setup"":true}}",179
180,Slum Dweller,500000000,500000000,1,1,1,1,"[""Era 2""]",[],"{""name"":{""file"":""Cards-2.xml"",""xml_path"":""/project[1]/scenes[1]/scene[1]/variables[1]/variable[1]"",""snap_value_id"":""34123"",""variable"":""Cards"",""item_1"":180},""rarity"":{""file"":""Cards-2.xml"",""xml_path"":""/project[1]/scenes[1]/scene[1]/variables[1]/variable[19]"",""snap_value_id"":""34147"",""variable"":""Card Rarities"",""item_1"":180},""weather"":{""file"":""data-10.csv"",""record_1"":1,""column_1"":180},""card_modifier"":{""file"":""data-9.csv"",""record_1"":1,""column_1"":180}}",7,user_verified,"{""card_id"":180,""name"":""Slum Dweller"",""pack_id"":7,""pack"":""Era 2"",""screenshot"":{""file"":""user_2026-09-27/Screenshot 2026-09-26 at 6.32.23 PM.png"",""image_number"":9,""card_ordinal_excluding_clipped_repeats"":21},""visual_tags"":[""humanlike""],""visual_inference_status"":""inferred_from_art_and_name"",""gameplay_class_candidates"":[],""sourced_class_memberships"":[],""gameplay_classes_verified"":true,""availability"":{""player_use"":""available"",""opponent_use"":""training_dummy_available"",""basis"":""screenshot_brightness_inference"",""confidence"":""medium"",""as_of"":""2026-09-26"",""requires_confirmation_for_test_setup"":true}}",180
181,Malakim,666666000,666666000,1,1,1,1,"[""Era 2""]",[],"{""name"":{""file"":""Cards-2.xml"",""xml_path"":""/project[1]/scenes[1]/scene[1]/variables[1]/variable[1]"",""snap_value_id"":""34123"",""variable"":""Cards"",""item_1"":181},""rarity"":{""file"":""Cards-2.xml"",""xml_path"":""/project[1]/scenes[1]/scene[1]/variables[1]/variable[19]"",""snap_value_id"":""34147"",""variable"":""Card Rarities"",""item_1"":181},""weather"":{""file"":""data-10.csv"",""record_1"":1,""column_1"":181},""card_modifier"":{""file"":""data-9.csv"",""record_1"":1,""column_1"":181}}",7,user_verified,"{""card_id"":181,""name"":""Malakim"",""pack_id"":7,""pack"":""Era 2"",""screenshot"":{""file"":""user_2026-09-27/Screenshot 2026-09-26 at 6.32.23 PM.png"",""image_number"":9,""card_ordinal_excluding_clipped_repeats"":22},""visual_tags"":[""divine"",""winged""],""visual_inference_status"":""inferred_from_art_and_name"",""gameplay_class_candidates"":[],""sourced_class_memberships"":[],""gameplay_classes_verified"":true,""availability"":{""player_use"":""available"",""opponent_use"":""training_dummy_available"",""basis"":""screenshot_brightness_inference"",""confidence"":""medium"",""as_of"":""2026-09-26"",""requires_confirmation_for_test_setup"":true}}",181
182,Hard Claws,1000000000,1000000000,1,1,1,1,"[""Era 2""]",[],"{""name"":{""file"":""Cards-2.xml"",""xml_path"":""/project[1]/scenes[1]/scene[1]/variables[1]/variable[1]"",""snap_value_id"":""34123"",""variable"":""Cards"",""item_1"":182},""rarity"":{""file"":""Cards-2.xml"",""xml_path"":""/project[1]/scenes[1]/scene[1]/variables[1]/variable[19]"",""snap_value_id"":""34147"",""variable"":""Card Rarities"",""item_1"":182},""weather"":{""file"":""data-10.csv"",""record_1"":1,""column_1"":182},""card_modifier"":{""file"":""data-9.csv"",""record_1"":1,""column_1"":182}}",7,user_verified,"{""card_id"":182,""name"":""Hard Claws"",""pack_id"":7,""pack"":""Era 2"",""screenshot"":{""file"":""user_2026-09-27/Screenshot 2026-09-26 at 6.32.23 PM.png"",""image_number"":9,""card_ordinal_excluding_clipped_repeats"":23},""visual_tags"":[""animal"",""feline""],""visual_inference_status"":""inferred_from_art_and_name"",""gameplay_class_candidates"":[],""sourced_class_memberships"":[],""gameplay_classes_verified"":true,""availability"":{""player_use"":""available"",""opponent_use"":""training_dummy_available"",""basis"":""screenshot_brightness_inference"",""confidence"":""medium"",""as_of"":""2026-09-26"",""requires_confirmation_for_test_setup"":true}}",182
183,Steven,80000,80000,1,1,1,1,"[""Video Game""]",[],"{""name"":{""file"":""Cards-2.xml"",""xml_path"":""/project[1]/scenes[1]/scene[1]/variables[1]/variable[1]"",""snap_value_id"":""34123"",""variable"":""Cards"",""item_1"":183},""rarity"":{""file"":""Cards-2.xml"",""xml_path"":""/project[1]/scenes[1]/scene[1]/variables[1]/variable[19]"",""snap_value_id"":""34147"",""variable"":""Card Rarities"",""item_1"":183},""weather"":{""file"":""data-10.csv"",""record_1"":1,""column_1"":183},""card_modifier"":{""file"":""data-9.csv"",""record_1"":1,""column_1"":183}}",8,user_verified,"{""card_id"":183,""name"":""Steven"",""pack_id"":8,""pack"":""Video Game"",""screenshot"":{""file"":""user_2026-09-27/Screenshot 2026-09-26 at 6.32.30 PM.png"",""image_number"":10,""card_ordinal_excluding_clipped_repeats"":1},""visual_tags"":[""humanlike"",""construct""],""visual_inference_status"":""inferred_from_art_and_name"",""gameplay_class_candidates"":[],""sourced_class_memberships"":[],""gameplay_classes_verified"":true,""availability"":{""player_use"":""unavailable"",""opponent_use"":""training_dummy_available"",""basis"":""screenshot_brightness_inference"",""confidence"":""medium"",""as_of"":""2026-09-26"",""requires_confirmation_for_test_setup"":true}}",183
184,Hollow,500000,500000,4,4,1,1,"[""Video Game""]",[],"{""name"":{""file"":""Cards-2.xml"",""xml_path"":""/project[1]/scenes[1]/scene[1]/variables[1]/variable[1]"",""snap_value_id"":""34123"",""variable"":""Cards"",""item_1"":184},""rarity"":{""file"":""Cards-2.xml"",""xml_path"":""/project[1]/scenes[1]/scene[1]/variables[1]/variable[19]"",""snap_value_id"":""34147"",""variable"":""Card Rarities"",""item_1"":184},""weather"":{""file"":""data-10.csv"",""record_1"":1,""column_1"":184},""card_modifier"":{""file"":""data-9.csv"",""record_1"":1,""column_1"":184}}",8,user_verified,"{""card_id"":184,""name"":""Hollow"",""pack_id"":8,""pack"":""Video Game"",""screenshot"":{""file"":""user_2026-09-27/Screenshot 2026-09-26 at 6.32.30 PM.png"",""image_number"":10,""card_ordinal_excluding_clipped_repeats"":2},""visual_tags"":[""humanoid"",""insectoid""],""visual_inference_status"":""inferred_from_art_and_name"",""gameplay_class_candidates"":[],""sourced_class_memberships"":[],""gameplay_classes_verified"":true,""availability"":{""player_use"":""unavailable"",""opponent_use"":""training_dummy_available"",""basis"":""screenshot_brightness_inference"",""confidence"":""medium"",""as_of"":""2026-09-26"",""requires_confirmation_for_test_setup"":true}}",184
185,Hell killer,1500000,1500000,11,11,1,1,"[""Video Game""]",[],"{""name"":{""file"":""Cards-2.xml"",""xml_path"":""/project[1]/scenes[1]/scene[1]/variables[1]/variable[1]"",""snap_value_id"":""34123"",""variable"":""Cards"",""item_1"":185},""rarity"":{""file"":""Cards-2.xml"",""xml_path"":""/project[1]/scenes[1]/scene[1]/variables[1]/variable[19]"",""snap_value_id"":""34147"",""variable"":""Card Rarities"",""item_1"":185},""weather"":{""file"":""data-10.csv"",""record_1"":1,""column_1"":185},""card_modifier"":{""file"":""data-9.csv"",""record_1"":1,""column_1"":185}}",8,user_verified,"{""card_id"":185,""name"":""Hell killer"",""pack_id"":8,""pack"":""Video Game"",""screenshot"":{""file"":""user_2026-09-27/Screenshot 2026-09-26 at 6.32.30 PM.png"",""image_number"":10,""card_ordinal_excluding_clipped_repeats"":3},""visual_tags"":[""humanlike"",""armored""],""visual_inference_status"":""inferred_from_art_and_name"",""gameplay_class_candidates"":[],""sourced_class_memberships"":[],""gameplay_classes_verified"":true,""availability"":{""player_use"":""unavailable"",""opponent_use"":""training_dummy_available"",""basis"":""screenshot_brightness_inference"",""confidence"":""medium"",""as_of"":""2026-09-26"",""requires_confirmation_for_test_setup"":true}}",185
186,The Sack,2500000,2500000,1,1,1,1,"[""Video Game""]",[],"{""name"":{""file"":""Cards-2.xml"",""xml_path"":""/project[1]/scenes[1]/scene[1]/variables[1]/variable[1]"",""snap_value_id"":""34123"",""variable"":""Cards"",""item_1"":186},""rarity"":{""file"":""Cards-2.xml"",""xml_path"":""/project[1]/scenes[1]/scene[1]/variables[1]/variable[19]"",""snap_value_id"":""34147"",""variable"":""Card Rarities"",""item_1"":186},""weather"":{""file"":""data-10.csv"",""record_1"":1,""column_1"":186},""card_modifier"":{""file"":""data-9.csv"",""record_1"":1,""column_1"":186}}",8,user_verified,"{""card_id"":186,""name"":""The Sack"",""pack_id"":8,""pack"":""Video Game"",""screenshot"":{""file"":""user_2026-09-27/Screenshot 2026-09-26 at 6.32.30 PM.png"",""image_number"":10,""card_ordinal_excluding_clipped_repeats"":4},""visual_tags"":[""humanoid""],""visual_inference_status"":""inferred_from_art_and_name"",""gameplay_class_candidates"":[],""sourced_class_memberships"":[],""gameplay_classes_verified"":true,""availability"":{""player_use"":""unavailable"",""opponent_use"":""training_dummy_available"",""basis"":""screenshot_brightness_inference"",""confidence"":""medium"",""as_of"":""2026-09-26"",""requires_confirmation_for_test_setup"":true}}",186
187,Creed,4500000,4500000,1,1,1,1,"[""Video Game""]",[],"{""name"":{""file"":""Cards-2.xml"",""xml_path"":""/project[1]/scenes[1]/scene[1]/variables[1]/variable[1]"",""snap_value_id"":""34123"",""variable"":""Cards"",""item_1"":187},""rarity"":{""file"":""Cards-2.xml"",""xml_path"":""/project[1]/scenes[1]/scene[1]/variables[1]/variable[19]"",""snap_value_id"":""34147"",""variable"":""Card Rarities"",""item_1"":187},""weather"":{""file"":""data-10.csv"",""record_1"":1,""column_1"":187},""card_modifier"":{""file"":""data-9.csv"",""record_1"":1,""column_1"":187}}",8,user_verified,"{""card_id"":187,""name"":""Creed"",""pack_id"":8,""pack"":""Video Game"",""screenshot"":{""file"":""user_2026-09-27/Screenshot 2026-09-26 at 6.32.30 PM.png"",""image_number"":10,""card_ordinal_excluding_clipped_repeats"":5},""visual_tags"":[""humanlike"",""warrior""],""visual_inference_status"":""inferred_from_art_and_name"",""gameplay_class_candidates"":[],""sourced_class_memberships"":[],""gameplay_classes_verified"":true,""availability"":{""player_use"":""unavailable"",""opponent_use"":""training_dummy_available"",""basis"":""screenshot_brightness_inference"",""confidence"":""medium"",""as_of"":""2026-09-26"",""requires_confirmation_for_test_setup"":true}}",187
188,god-Slayer,5000000,5000000,12,12,1,1,"[""Video Game""]",[],"{""name"":{""file"":""Cards-2.xml"",""xml_path"":""/project[1]/scenes[1]/scene[1]/variables[1]/variable[1]"",""snap_value_id"":""34123"",""variable"":""Cards"",""item_1"":188},""rarity"":{""file"":""Cards-2.xml"",""xml_path"":""/project[1]/scenes[1]/scene[1]/variables[1]/variable[19]"",""snap_value_id"":""34147"",""variable"":""Card Rarities"",""item_1"":188},""weather"":{""file"":""data-10.csv"",""record_1"":1,""column_1"":188},""card_modifier"":{""file"":""data-9.csv"",""record_1"":1,""column_1"":188}}",8,user_verified,"{""card_id"":188,""name"":""god-Slayer"",""pack_id"":8,""pack"":""Video Game"",""screenshot"":{""file"":""user_2026-09-27/Screenshot 2026-09-26 at 6.32.30 PM.png"",""image_number"":10,""card_ordinal_excluding_clipped_repeats"":6},""visual_tags"":[""humanlike"",""warrior""],""visual_inference_status"":""inferred_from_art_and_name"",""gameplay_class_candidates"":[],""sourced_class_memberships"":[],""gameplay_classes_verified"":true,""availability"":{""player_use"":""unavailable"",""opponent_use"":""training_dummy_available"",""basis"":""screenshot_brightness_inference"",""confidence"":""medium"",""as_of"":""2026-09-26"",""requires_confirmation_for_test_setup"":true}}",188
189,Melanin,6000000,6000000,12,12,1,1,"[""Video Game""]",[],"{""name"":{""file"":""Cards-2.xml"",""xml_path"":""/project[1]/scenes[1]/scene[1]/variables[1]/variable[1]"",""snap_value_id"":""34123"",""variable"":""Cards"",""item_1"":189},""rarity"":{""file"":""Cards-2.xml"",""xml_path"":""/project[1]/scenes[1]/scene[1]/variables[1]/variable[19]"",""snap_value_id"":""34147"",""variable"":""Card Rarities"",""item_1"":189},""weather"":{""file"":""data-10.csv"",""record_1"":1,""column_1"":189},""card_modifier"":{""file"":""data-9.csv"",""record_1"":1,""column_1"":189}}",8,user_verified,"{""card_id"":189,""name"":""Melanin"",""pack_id"":8,""pack"":""Video Game"",""screenshot"":{""file"":""user_2026-09-27/Screenshot 2026-09-26 at 6.32.30 PM.png"",""image_number"":10,""card_ordinal_excluding_clipped_repeats"":7},""visual_tags"":[""humanlike"",""warrior""],""visual_inference_status"":""inferred_from_art_and_name"",""gameplay_class_candidates"":[],""sourced_class_memberships"":[],""gameplay_classes_verified"":true,""availability"":{""player_use"":""unavailable"",""opponent_use"":""training_dummy_available"",""basis"":""screenshot_brightness_inference"",""confidence"":""medium"",""as_of"":""2026-09-26"",""requires_confirmation_for_test_setup"":true}}",189
190,Necro-orc,9000000,9000000,10,10,1,1,"[""Video Game""]",[],"{""name"":{""file"":""Cards-2.xml"",""xml_path"":""/project[1]/scenes[1]/scene[1]/variables[1]/variable[1]"",""snap_value_id"":""34123"",""variable"":""Cards"",""item_1"":190},""rarity"":{""file"":""Cards-2.xml"",""xml_path"":""/project[1]/scenes[1]/scene[1]/variables[1]/variable[19]"",""snap_value_id"":""34147"",""variable"":""Card Rarities"",""item_1"":190},""weather"":{""file"":""data-10.csv"",""record_1"":1,""column_1"":190},""card_modifier"":{""file"":""data-9.csv"",""record_1"":1,""column_1"":190}}",8,user_verified,"{""card_id"":190,""name"":""Necro-orc"",""pack_id"":8,""pack"":""Video Game"",""screenshot"":{""file"":""user_2026-09-27/Screenshot 2026-09-26 at 6.32.30 PM.png"",""image_number"":10,""card_ordinal_excluding_clipped_repeats"":8},""visual_tags"":[""humanoid""],""visual_inference_status"":""inferred_from_art_and_name"",""gameplay_class_candidates"":[],""sourced_class_memberships"":[],""gameplay_classes_verified"":true,""availability"":{""player_use"":""unavailable"",""opponent_use"":""training_dummy_available"",""basis"":""screenshot_brightness_inference"",""confidence"":""medium"",""as_of"":""2026-09-26"",""requires_confirmation_for_test_setup"":true}}",190
191,NO. 2,10000000,10000000,1,1,1,1,"[""Video Game""]",[],"{""name"":{""file"":""Cards-2.xml"",""xml_path"":""/project[1]/scenes[1]/scene[1]/variables[1]/variable[1]"",""snap_value_id"":""34123"",""variable"":""Cards"",""item_1"":191},""rarity"":{""file"":""Cards-2.xml"",""xml_path"":""/project[1]/scenes[1]/scene[1]/variables[1]/variable[19]"",""snap_value_id"":""34147"",""variable"":""Card Rarities"",""item_1"":191},""weather"":{""file"":""data-10.csv"",""record_1"":1,""column_1"":191},""card_modifier"":{""file"":""data-9.csv"",""record_1"":1,""column_1"":191}}",8,user_verified,"{""card_id"":191,""name"":""NO. 2"",""pack_id"":8,""pack"":""Video Game"",""screenshot"":{""file"":""user_2026-09-27/Screenshot 2026-09-26 at 6.32.30 PM.png"",""image_number"":10,""card_ordinal_excluding_clipped_repeats"":9},""visual_tags"":[""humanlike"",""construct""],""visual_inference_status"":""inferred_from_art_and_name"",""gameplay_class_candidates"":[],""sourced_class_memberships"":[],""gameplay_classes_verified"":true,""availability"":{""player_use"":""unavailable"",""opponent_use"":""training_dummy_available"",""basis"":""screenshot_brightness_inference"",""confidence"":""medium"",""as_of"":""2026-09-26"",""requires_confirmation_for_test_setup"":true}}",191
192,Ice King,55000000,55000000,3,3,1.0666666666666667,1.0666666666666667,"[""Video Game""]",[],"{""name"":{""file"":""Cards-2.xml"",""xml_path"":""/project[1]/scenes[1]/scene[1]/variables[1]/variable[1]"",""snap_value_id"":""34123"",""variable"":""Cards"",""item_1"":192},""rarity"":{""file"":""Cards-2.xml"",""xml_path"":""/project[1]/scenes[1]/scene[1]/variables[1]/variable[19]"",""snap_value_id"":""34147"",""variable"":""Card Rarities"",""item_1"":192},""weather"":{""file"":""data-10.csv"",""record_1"":1,""column_1"":192},""card_modifier"":{""file"":""../../card_engine/data_corrections.py"",""evidence"":""DaddyDrago's engine card data, user: more accurate than ours, 2026-10-03""}}",8,user_verified,"{""card_id"":192,""name"":""Ice King"",""pack_id"":8,""pack"":""Video Game"",""screenshot"":{""file"":""user_2026-09-27/Screenshot 2026-09-26 at 6.32.30 PM.png"",""image_number"":10,""card_ordinal_excluding_clipped_repeats"":10},""visual_tags"":[""humanoid"",""armored"",""ice""],""visual_inference_status"":""inferred_from_art_and_name"",""gameplay_class_candidates"":[],""sourced_class_memberships"":[],""gameplay_classes_verified"":true,""availability"":{""player_use"":""unavailable"",""opponent_use"":""training_dummy_available"",""basis"":""screenshot_brightness_inference"",""confidence"":""medium"",""as_of"":""2026-09-26"",""requires_confirmation_for_test_setup"":true}}",192
193,Heavenly father,100000000,100000000,6,6,1,1,"[""Video Game""]",[],"{""name"":{""file"":""Cards-2.xml"",""xml_path"":""/project[1]/scenes[1]/scene[1]/variables[1]/variable[1]"",""snap_value_id"":""34123"",""variable"":""Cards"",""item_1"":193},""rarity"":{""file"":""Cards-2.xml"",""xml_path"":""/project[1]/scenes[1]/scene[1]/variables[1]/variable[19]"",""snap_value_id"":""34147"",""variable"":""Card Rarities"",""item_1"":193},""weather"":{""file"":""data-10.csv"",""record_1"":1,""column_1"":193},""card_modifier"":{""file"":""data-9.csv"",""record_1"":1,""column_1"":193}}",8,user_verified,"{""card_id"":193,""name"":""Heavenly father"",""pack_id"":8,""pack"":""Video Game"",""screenshot"":{""file"":""user_2026-09-27/Screenshot 2026-09-26 at 6.32.30 PM.png"",""image_number"":10,""card_ordinal_excluding_clipped_repeats"":11},""visual_tags"":[""humanoid"",""divine""],""visual_inference_status"":""inferred_from_art_and_name"",""gameplay_class_candidates"":[],""sourced_class_memberships"":[],""gameplay_classes_verified"":true,""availability"":{""player_use"":""unavailable"",""opponent_use"":""training_dummy_available"",""basis"":""screenshot_brightness_inference"",""confidence"":""medium"",""as_of"":""2026-09-26"",""requires_confirmation_for_test_setup"":true}}",193
194,Durante,777777777,777777777,2,2,0.6666666666666666,0.6666666666666666,"[""Video Game""]","[""demon"",""rng""]","{""name"":{""file"":""Cards-2.xml"",""xml_path"":""/project[1]/scenes[1]/scene[1]/variables[1]/variable[1]"",""snap_value_id"":""34123"",""variable"":""Cards"",""item_1"":194},""rarity"":{""file"":""Cards-2.xml"",""xml_path"":""/project[1]/scenes[1]/scene[1]/variables[1]/variable[19]"",""snap_value_id"":""34147"",""variable"":""Card Rarities"",""item_1"":194},""weather"":{""file"":""data-10.csv"",""record_1"":1,""column_1"":194},""card_modifier"":{""file"":""../../card_engine/data_corrections.py"",""evidence"":""DaddyDrago's engine card data, user: more accurate than ours, 2026-10-03""}}",8,user_verified,"{""card_id"":194,""name"":""Durante"",""pack_id"":8,""pack"":""Video Game"",""screenshot"":{""file"":""user_2026-09-27/Screenshot 2026-09-26 at 6.32.30 PM.png"",""image_number"":10,""card_ordinal_excluding_clipped_repeats"":12},""visual_tags"":[""humanlike"",""demon""],""visual_inference_status"":""inferred_from_art_and_name"",""gameplay_class_candidates"":[""demon"",""rng""],""sourced_class_memberships"":[],""gameplay_classes_verified"":true,""availability"":{""player_use"":""unavailable"",""opponent_use"":""training_dummy_available"",""basis"":""screenshot_brightness_inference"",""confidence"":""medium"",""as_of"":""2026-09-26"",""requires_confirmation_for_test_setup"":true}}",194
195,Fresno Nightcrawler,100000,100000,4,4,0.5,0.5,"[""Cryptid""]",[],"{""name"":{""file"":""Cards-2.xml"",""xml_path"":""/project[1]/scenes[1]/scene[1]/variables[1]/variable[1]"",""snap_value_id"":""34123"",""variable"":""Cards"",""item_1"":195},""rarity"":{""file"":""Cards-2.xml"",""xml_path"":""/project[1]/scenes[1]/scene[1]/variables[1]/variable[19]"",""snap_value_id"":""34147"",""variable"":""Card Rarities"",""item_1"":195},""weather"":{""file"":""data-10.csv"",""record_1"":1,""column_1"":195},""card_modifier"":{""file"":""../../card_engine/data_corrections.py"",""evidence"":""DaddyDrago's engine card data, user: more accurate than ours, 2026-10-03""}}",9,user_verified,"{""card_id"":195,""name"":""Fresno Nightcrawler"",""pack_id"":9,""pack"":""Cryptid"",""screenshot"":{""file"":""user_2026-09-27/Screenshot 2026-09-26 at 6.32.30 PM.png"",""image_number"":10,""card_ordinal_excluding_clipped_repeats"":13},""visual_tags"":[""cryptid"",""humanoid""],""visual_inference_status"":""inferred_from_art_and_name"",""gameplay_class_candidates"":[],""sourced_class_memberships"":[],""gameplay_classes_verified"":true,""availability"":{""player_use"":""unavailable"",""opponent_use"":""training_dummy_available"",""basis"":""screenshot_brightness_inference"",""confidence"":""medium"",""as_of"":""2026-09-26"",""requires_confirmation_for_test_setup"":true}}",195
196,Loch Ness,2500000,2500000,4,4,0.65,0.65,"[""Cryptid""]",[],"{""name"":{""file"":""Cards-2.xml"",""xml_path"":""/project[1]/scenes[1]/scene[1]/variables[1]/variable[1]"",""snap_value_id"":""34123"",""variable"":""Cards"",""item_1"":196},""rarity"":{""file"":""Cards-2.xml"",""xml_path"":""/project[1]/scenes[1]/scene[1]/variables[1]/variable[19]"",""snap_value_id"":""34147"",""variable"":""Card Rarities"",""item_1"":196},""weather"":{""file"":""data-10.csv"",""record_1"":1,""column_1"":196},""card_modifier"":{""file"":""../../card_engine/data_corrections.py"",""evidence"":""DaddyDrago's engine card data, user: more accurate than ours, 2026-10-03""}}",9,user_verified,"{""card_id"":196,""name"":""Loch Ness"",""pack_id"":9,""pack"":""Cryptid"",""screenshot"":{""file"":""user_2026-09-27/Screenshot 2026-09-26 at 6.32.30 PM.png"",""image_number"":10,""card_ordinal_excluding_clipped_repeats"":14},""visual_tags"":[""cryptid"",""aquatic"",""reptile""],""visual_inference_status"":""inferred_from_art_and_name"",""gameplay_class_candidates"":[],""sourced_class_memberships"":[],""gameplay_classes_verified"":true,""availability"":{""player_use"":""unavailable"",""opponent_use"":""training_dummy_available"",""basis"":""screenshot_brightness_inference"",""confidence"":""medium"",""as_of"":""2026-09-26"",""requires_confirmation_for_test_setup"":true}}",196
197,Loveland Frog,5000000,5000000,1,1,2.0,2.0,"[""Cryptid""]",[],"{""name"":{""file"":""Cards-2.xml"",""xml_path"":""/project[1]/scenes[1]/scene[1]/variables[1]/variable[1]"",""snap_value_id"":""34123"",""variable"":""Cards"",""item_1"":197},""rarity"":{""file"":""Cards-2.xml"",""xml_path"":""/project[1]/scenes[1]/scene[1]/variables[1]/variable[19]"",""snap_value_id"":""34147"",""variable"":""Card Rarities"",""item_1"":197},""weather"":{""file"":""data-10.csv"",""record_1"":1,""column_1"":197},""card_modifier"":{""file"":""../../card_engine/data_corrections.py"",""evidence"":""DaddyDrago's engine card data, user: more accurate than ours, 2026-10-03""}}",9,user_verified,"{""card_id"":197,""name"":""Loveland Frog"",""pack_id"":9,""pack"":""Cryptid"",""screenshot"":{""file"":""user_2026-09-27/Screenshot 2026-09-26 at 6.32.30 PM.png"",""image_number"":10,""card_ordinal_excluding_clipped_repeats"":15},""visual_tags"":[""cryptid"",""amphibian""],""visual_inference_status"":""inferred_from_art_and_name"",""gameplay_class_candidates"":[],""sourced_class_memberships"":[],""gameplay_classes_verified"":true,""availability"":{""player_use"":""unavailable"",""opponent_use"":""training_dummy_available"",""basis"":""screenshot_brightness_inference"",""confidence"":""medium"",""as_of"":""2026-09-26"",""requires_confirmation_for_test_setup"":true}}",197
198,Chupcabra,5000000,5000000,1,1,1,1,"[""Cryptid""]",[],"{""name"":{""file"":""Cards-2.xml"",""xml_path"":""/project[1]/scenes[1]/scene[1]/variables[1]/variable[1]"",""snap_value_id"":""34123"",""variable"":""Cards"",""item_1"":198},""rarity"":{""file"":""Cards-2.xml"",""xml_path"":""/project[1]/scenes[1]/scene[1]/variables[1]/variable[19]"",""snap_value_id"":""34147"",""variable"":""Card Rarities"",""item_1"":198},""weather"":{""file"":""data-10.csv"",""record_1"":1,""column_1"":198},""card_modifier"":{""file"":""data-9.csv"",""record_1"":1,""column_1"":198}}",9,user_verified,"{""card_id"":198,""name"":""Chupcabra"",""pack_id"":9,""pack"":""Cryptid"",""screenshot"":{""file"":""user_2026-09-27/Screenshot 2026-09-26 at 6.32.30 PM.png"",""image_number"":10,""card_ordinal_excluding_clipped_repeats"":16},""visual_tags"":[""cryptid"",""animal""],""visual_inference_status"":""inferred_from_art_and_name"",""gameplay_class_candidates"":[],""sourced_class_memberships"":[],""gameplay_classes_verified"":true,""availability"":{""player_use"":""unavailable"",""opponent_use"":""training_dummy_available"",""basis"":""screenshot_brightness_inference"",""confidence"":""medium"",""as_of"":""2026-09-26"",""requires_confirmation_for_test_setup"":true}}",198
199,Jersey Devil,10000000,10000000,1,1,1,1,"[""Cryptid""]",[],"{""name"":{""file"":""Cards-2.xml"",""xml_path"":""/project[1]/scenes[1]/scene[1]/variables[1]/variable[1]"",""snap_value_id"":""34123"",""variable"":""Cards"",""item_1"":199},""rarity"":{""file"":""Cards-2.xml"",""xml_path"":""/project[1]/scenes[1]/scene[1]/variables[1]/variable[19]"",""snap_value_id"":""34147"",""variable"":""Card Rarities"",""item_1"":199},""weather"":{""file"":""data-10.csv"",""record_1"":1,""column_1"":199},""card_modifier"":{""file"":""data-9.csv"",""record_1"":1,""column_1"":199}}",9,user_verified,"{""card_id"":199,""name"":""Jersey Devil"",""pack_id"":9,""pack"":""Cryptid"",""screenshot"":{""file"":""user_2026-09-27/Screenshot 2026-09-26 at 6.32.30 PM.png"",""image_number"":10,""card_ordinal_excluding_clipped_repeats"":17},""visual_tags"":[""cryptid"",""winged""],""visual_inference_status"":""inferred_from_art_and_name"",""gameplay_class_candidates"":[],""sourced_class_memberships"":[],""gameplay_classes_verified"":true,""availability"":{""player_use"":""unavailable"",""opponent_use"":""training_dummy_available"",""basis"":""screenshot_brightness_inference"",""confidence"":""medium"",""as_of"":""2026-09-26"",""requires_confirmation_for_test_setup"":true}}",199
200,Mothman,10000000,10000000,1,1,1,1,"[""Cryptid""]",[],"{""name"":{""file"":""Cards-2.xml"",""xml_path"":""/project[1]/scenes[1]/scene[1]/variables[1]/variable[1]"",""snap_value_id"":""34123"",""variable"":""Cards"",""item_1"":200},""rarity"":{""file"":""Cards-2.xml"",""xml_path"":""/project[1]/scenes[1]/scene[1]/variables[1]/variable[19]"",""snap_value_id"":""34147"",""variable"":""Card Rarities"",""item_1"":200},""weather"":{""file"":""data-10.csv"",""record_1"":1,""column_1"":200},""card_modifier"":{""file"":""data-9.csv"",""record_1"":1,""column_1"":200}}",9,user_verified,"{""card_id"":200,""name"":""Mothman"",""pack_id"":9,""pack"":""Cryptid"",""screenshot"":{""file"":""user_2026-09-27/Screenshot 2026-09-26 at 6.32.30 PM.png"",""image_number"":10,""card_ordinal_excluding_clipped_repeats"":18},""visual_tags"":[""cryptid"",""insectoid"",""winged""],""visual_inference_status"":""inferred_from_art_and_name"",""gameplay_class_candidates"":[],""sourced_class_memberships"":[],""gameplay_classes_verified"":true,""availability"":{""player_use"":""unavailable"",""opponent_use"":""training_dummy_available"",""basis"":""screenshot_brightness_inference"",""confidence"":""medium"",""as_of"":""2026-09-26"",""requires_confirmation_for_test_setup"":true}}",200
201,Bigfoot,15000000,15000000,1,1,1,1,"[""Cryptid""]","[""rng""]","{""name"":{""file"":""Cards-2.xml"",""xml_path"":""/project[1]/scenes[1]/scene[1]/variables[1]/variable[1]"",""snap_value_id"":""34123"",""variable"":""Cards"",""item_1"":201},""rarity"":{""file"":""Cards-2.xml"",""xml_path"":""/project[1]/scenes[1]/scene[1]/variables[1]/variable[19]"",""snap_value_id"":""34147"",""variable"":""Card Rarities"",""item_1"":201},""weather"":{""file"":""data-10.csv"",""record_1"":1,""column_1"":201},""card_modifier"":{""file"":""data-9.csv"",""record_1"":1,""column_1"":201}}",9,user_verified,"{""card_id"":201,""name"":""Bigfoot"",""pack_id"":9,""pack"":""Cryptid"",""screenshot"":{""file"":""user_2026-09-27/Screenshot 2026-09-26 at 6.32.40 PM.png"",""image_number"":11,""card_ordinal_excluding_clipped_repeats"":1},""visual_tags"":[""cryptid"",""primate""],""visual_inference_status"":""inferred_from_art_and_name"",""gameplay_class_candidates"":[""rng""],""sourced_class_memberships"":[],""gameplay_classes_verified"":true,""availability"":{""player_use"":""unavailable"",""opponent_use"":""training_dummy_available"",""basis"":""screenshot_brightness_inference"",""confidence"":""medium"",""as_of"":""2026-09-26"",""requires_confirmation_for_test_setup"":true}}",201
202,Wendigo,25000000,25000000,3,3,1.1333333333333333,1.1333333333333333,"[""Cryptid""]",[],"{""name"":{""file"":""Cards-2.xml"",""xml_path"":""/project[1]/scenes[1]/scene[1]/variables[1]/variable[1]"",""snap_value_id"":""34123"",""variable"":""Cards"",""item_1"":202},""rarity"":{""file"":""Cards-2.xml"",""xml_path"":""/project[1]/scenes[1]/scene[1]/variables[1]/variable[19]"",""snap_value_id"":""34147"",""variable"":""Card Rarities"",""item_1"":202},""weather"":{""file"":""data-10.csv"",""record_1"":1,""column_1"":202},""card_modifier"":{""file"":""../../card_engine/data_corrections.py"",""evidence"":""DaddyDrago's engine card data, user: more accurate than ours, 2026-10-03""}}",9,user_verified,"{""card_id"":202,""name"":""Wendigo"",""pack_id"":9,""pack"":""Cryptid"",""screenshot"":{""file"":""user_2026-09-27/Screenshot 2026-09-26 at 6.32.40 PM.png"",""image_number"":11,""card_ordinal_excluding_clipped_repeats"":2},""visual_tags"":[""cryptid"",""antlered""],""visual_inference_status"":""inferred_from_art_and_name"",""gameplay_class_candidates"":[],""sourced_class_memberships"":[],""gameplay_classes_verified"":true,""availability"":{""player_use"":""unavailable"",""opponent_use"":""training_dummy_available"",""basis"":""screenshot_brightness_inference"",""confidence"":""medium"",""as_of"":""2026-09-26"",""requires_confirmation_for_test_setup"":true}}",202
203,The Rake,2500000000,2500000000,1,1,1.3,1.3,"[""Cryptid""]",[],"{""name"":{""file"":""Cards-2.xml"",""xml_path"":""/project[1]/scenes[1]/scene[1]/variables[1]/variable[1]"",""snap_value_id"":""34123"",""variable"":""Cards"",""item_1"":203},""rarity"":{""file"":""Cards-2.xml"",""xml_path"":""/project[1]/scenes[1]/scene[1]/variables[1]/variable[19]"",""snap_value_id"":""34147"",""variable"":""Card Rarities"",""item_1"":203},""weather"":{""file"":""data-10.csv"",""record_1"":1,""column_1"":203},""card_modifier"":{""file"":""../../card_engine/data_corrections.py"",""evidence"":""DaddyDrago's engine card data, user: more accurate than ours, 2026-10-03""}}",9,user_verified,"{""card_id"":203,""name"":""The Rake"",""pack_id"":9,""pack"":""Cryptid"",""screenshot"":{""file"":""user_2026-09-27/Screenshot 2026-09-26 at 6.32.40 PM.png"",""image_number"":11,""card_ordinal_excluding_clipped_repeats"":3},""visual_tags"":[""cryptid"",""humanoid""],""visual_inference_status"":""inferred_from_art_and_name"",""gameplay_class_candidates"":[],""sourced_class_memberships"":[],""gameplay_classes_verified"":true,""availability"":{""player_use"":""unavailable"",""opponent_use"":""training_dummy_available"",""basis"":""screenshot_brightness_inference"",""confidence"":""medium"",""as_of"":""2026-09-26"",""requires_confirmation_for_test_setup"":true}}",203
204,Kraken,7000000000,7000000000,1,1,1.3,1.3,"[""Cryptid""]",[],"{""name"":{""file"":""Cards-2.xml"",""xml_path"":""/project[1]/scenes[1]/scene[1]/variables[1]/variable[1]"",""snap_value_id"":""34123"",""variable"":""Cards"",""item_1"":204},""rarity"":{""file"":""Cards-2.xml"",""xml_path"":""/project[1]/scenes[1]/scene[1]/variables[1]/variable[19]"",""snap_value_id"":""34147"",""variable"":""Card Rarities"",""item_1"":204},""weather"":{""file"":""data-10.csv"",""record_1"":1,""column_1"":204},""card_modifier"":{""file"":""../../card_engine/data_corrections.py"",""evidence"":""DaddyDrago's engine card data, user: more accurate than ours, 2026-10-03""}}",9,user_verified,"{""card_id"":204,""name"":""Kraken"",""pack_id"":9,""pack"":""Cryptid"",""screenshot"":{""file"":""user_2026-09-27/Screenshot 2026-09-26 at 6.32.40 PM.png"",""image_number"":11,""card_ordinal_excluding_clipped_repeats"":4},""visual_tags"":[""cryptid"",""aquatic""],""visual_inference_status"":""inferred_from_art_and_name"",""gameplay_class_candidates"":[],""sourced_class_memberships"":[],""gameplay_classes_verified"":true,""availability"":{""player_use"":""unavailable"",""opponent_use"":""training_dummy_available"",""basis"":""screenshot_brightness_inference"",""confidence"":""medium"",""as_of"":""2026-09-26"",""requires_confirmation_for_test_setup"":true}}",204
205,Chronus The Hoarder,10000,10000,1,1,2,2,"[""Bosses""]","[""sin""]","{""name"":{""file"":""Cards-2.xml"",""xml_path"":""/project[1]/scenes[1]/scene[1]/variables[1]/variable[1]"",""snap_value_id"":""34123"",""variable"":""Cards"",""item_1"":205},""rarity"":{""file"":""Cards-2.xml"",""xml_path"":""/project[1]/scenes[1]/scene[1]/variables[1]/variable[19]"",""snap_value_id"":""34147"",""variable"":""Card Rarities"",""item_1"":205},""weather"":{""file"":""data-10.csv"",""record_1"":1,""column_1"":205},""card_modifier"":{""file"":""../../card_engine/data_corrections.py"",""evidence"":""user stat/weather corrections and all-Bosses clarification, 2026-09-28""}}",10,user_verified,"{""card_id"":205,""name"":""Chronus The Hoarder"",""pack_id"":10,""pack"":""Bosses"",""screenshot"":{""file"":""user_2026-09-27/Screenshot 2026-09-26 at 6.32.40 PM.png"",""image_number"":11,""card_ordinal_excluding_clipped_repeats"":5},""visual_tags"":[""humanlike""],""visual_inference_status"":""inferred_from_art_and_name"",""gameplay_class_candidates"":[""sin""],""sourced_class_memberships"":[],""gameplay_classes_verified"":true,""availability"":{""player_use"":""available"",""opponent_use"":""training_dummy_available"",""basis"":""screenshot_brightness_inference"",""confidence"":""medium"",""as_of"":""2026-09-26"",""requires_confirmation_for_test_setup"":true}}",205
206,Malik The Sovereign,100000,100000,1,1,2,2,"[""Bosses""]","[""sin""]","{""name"":{""file"":""Cards-2.xml"",""xml_path"":""/project[1]/scenes[1]/scene[1]/variables[1]/variable[1]"",""snap_value_id"":""34123"",""variable"":""Cards"",""item_1"":206},""rarity"":{""file"":""Cards-2.xml"",""xml_path"":""/project[1]/scenes[1]/scene[1]/variables[1]/variable[19]"",""snap_value_id"":""34147"",""variable"":""Card Rarities"",""item_1"":206},""weather"":{""file"":""data-10.csv"",""record_1"":1,""column_1"":206},""card_modifier"":{""file"":""../../card_engine/data_corrections.py"",""evidence"":""user stat/weather corrections and all-Bosses clarification, 2026-09-28""}}",10,user_verified,"{""card_id"":206,""name"":""Malik The Sovereign"",""pack_id"":10,""pack"":""Bosses"",""screenshot"":{""file"":""user_2026-09-27/Screenshot 2026-09-26 at 6.32.40 PM.png"",""image_number"":11,""card_ordinal_excluding_clipped_repeats"":6},""visual_tags"":[""humanlike""],""visual_inference_status"":""inferred_from_art_and_name"",""gameplay_class_candidates"":[""sin""],""sourced_class_memberships"":[],""gameplay_classes_verified"":true,""availability"":{""player_use"":""available"",""opponent_use"":""training_dummy_available"",""basis"":""screenshot_brightness_inference"",""confidence"":""medium"",""as_of"":""2026-09-26"",""requires_confirmation_for_test_setup"":true}}",206
207,Gideon The Insatiable,1000000,1000000,1,1,2,2,"[""Bosses""]","[""sin""]","{""name"":{""file"":""Cards-2.xml"",""xml_path"":""/project[1]/scenes[1]/scene[1]/variables[1]/variable[1]"",""snap_value_id"":""34123"",""variable"":""Cards"",""item_1"":207},""rarity"":{""file"":""Cards-2.xml"",""xml_path"":""/project[1]/scenes[1]/scene[1]/variables[1]/variable[19]"",""snap_value_id"":""34147"",""variable"":""Card Rarities"",""item_1"":207},""weather"":{""file"":""data-10.csv"",""record_1"":1,""column_1"":207},""card_modifier"":{""file"":""../../card_engine/data_corrections.py"",""evidence"":""user stat/weather corrections and all-Bosses clarification, 2026-09-28""}}",10,user_verified,"{""card_id"":207,""name"":""Gideon The Insatiable"",""pack_id"":10,""pack"":""Bosses"",""screenshot"":{""file"":""user_2026-09-27/Screenshot 2026-09-26 at 6.32.40 PM.png"",""image_number"":11,""card_ordinal_excluding_clipped_repeats"":7},""visual_tags"":[""humanoid"",""ogre""],""visual_inference_status"":""inferred_from_art_and_name"",""gameplay_class_candidates"":[""sin""],""sourced_class_memberships"":[],""gameplay_classes_verified"":true,""availability"":{""player_use"":""available"",""opponent_use"":""training_dummy_available"",""basis"":""screenshot_brightness_inference"",""confidence"":""medium"",""as_of"":""2026-09-26"",""requires_confirmation_for_test_setup"":true}}",207
208,Lilith the Enchantress,5000000,5000000,1,1,2,2,"[""Bosses""]","[""demon"",""sin""]","{""name"":{""file"":""Cards-2.xml"",""xml_path"":""/project[1]/scenes[1]/scene[1]/variables[1]/variable[1]"",""snap_value_id"":""34123"",""variable"":""Cards"",""item_1"":208},""rarity"":{""file"":""Cards-2.xml"",""xml_path"":""/project[1]/scenes[1]/scene[1]/variables[1]/variable[19]"",""snap_value_id"":""34147"",""variable"":""Card Rarities"",""item_1"":208},""weather"":{""file"":""data-10.csv"",""record_1"":1,""column_1"":208},""card_modifier"":{""file"":""../../card_engine/data_corrections.py"",""evidence"":""user stat/weather corrections and all-Bosses clarification, 2026-09-28""}}",10,user_verified,"{""card_id"":208,""name"":""Lilith the Enchantress"",""pack_id"":10,""pack"":""Bosses"",""screenshot"":{""file"":""user_2026-09-27/Screenshot 2026-09-26 at 6.32.40 PM.png"",""image_number"":11,""card_ordinal_excluding_clipped_repeats"":8},""visual_tags"":[""humanlike"",""demon""],""visual_inference_status"":""inferred_from_art_and_name"",""gameplay_class_candidates"":[""demon"",""sin""],""sourced_class_memberships"":[],""gameplay_classes_verified"":true,""availability"":{""player_use"":""available"",""opponent_use"":""training_dummy_available"",""basis"":""screenshot_brightness_inference"",""confidence"":""medium"",""as_of"":""2026-09-26"",""requires_confirmation_for_test_setup"":true}}",208
209,Morpheus the Slumberer,20000000,20000000,1,1,2,2,"[""Bosses""]","[""sin""]","{""name"":{""file"":""Cards-2.xml"",""xml_path"":""/project[1]/scenes[1]/scene[1]/variables[1]/variable[1]"",""snap_value_id"":""34123"",""variable"":""Cards"",""item_1"":209},""rarity"":{""file"":""Cards-2.xml"",""xml_path"":""/project[1]/scenes[1]/scene[1]/variables[1]/variable[19]"",""snap_value_id"":""34147"",""variable"":""Card Rarities"",""item_1"":209},""weather"":{""file"":""data-10.csv"",""record_1"":1,""column_1"":209},""card_modifier"":{""file"":""../../card_engine/data_corrections.py"",""evidence"":""user stat/weather corrections and all-Bosses clarification, 2026-09-28""}}",10,user_verified,"{""card_id"":209,""name"":""Morpheus the Slumberer"",""pack_id"":10,""pack"":""Bosses"",""screenshot"":{""file"":""user_2026-09-27/Screenshot 2026-09-26 at 6.32.40 PM.png"",""image_number"":11,""card_ordinal_excluding_clipped_repeats"":9},""visual_tags"":[""animal"",""spirit""],""visual_inference_status"":""inferred_from_art_and_name"",""gameplay_class_candidates"":[""sin""],""sourced_class_memberships"":[],""gameplay_classes_verified"":true,""availability"":{""player_use"":""available"",""opponent_use"":""training_dummy_available"",""basis"":""screenshot_brightness_inference"",""confidence"":""medium"",""as_of"":""2026-09-26"",""requires_confirmation_for_test_setup"":true}}",209
210,Raze The Destroyer,50000000,50000000,1,1,2,2,"[""Bosses""]","[""dragon"",""sin""]","{""name"":{""file"":""Cards-2.xml"",""xml_path"":""/project[1]/scenes[1]/scene[1]/variables[1]/variable[1]"",""snap_value_id"":""34123"",""variable"":""Cards"",""item_1"":210},""rarity"":{""file"":""Cards-2.xml"",""xml_path"":""/project[1]/scenes[1]/scene[1]/variables[1]/variable[19]"",""snap_value_id"":""34147"",""variable"":""Card Rarities"",""item_1"":210},""weather"":{""file"":""data-10.csv"",""record_1"":1,""column_1"":210},""card_modifier"":{""file"":""../../card_engine/data_corrections.py"",""evidence"":""user stat/weather corrections and all-Bosses clarification, 2026-09-28""}}",10,user_verified,"{""card_id"":210,""name"":""Raze The Destroyer"",""pack_id"":10,""pack"":""Bosses"",""screenshot"":{""file"":""user_2026-09-27/Screenshot 2026-09-26 at 6.32.40 PM.png"",""image_number"":11,""card_ordinal_excluding_clipped_repeats"":10},""visual_tags"":[""dragon""],""visual_inference_status"":""inferred_from_art_and_name"",""gameplay_class_candidates"":[""dragon"",""sin""],""sourced_class_memberships"":[{""card_id"":210,""class_name"":""dragon"",""source_url"":""https://card-rng.fandom.com/wiki/Dragon_King"",""evidence_summary"":""Dragon King names Raze among dragon targets; Raze maps to local Raze The Destroyer."",""status"":""wiki_supported_unverified_current""}],""gameplay_classes_verified"":true,""availability"":{""player_use"":""available"",""opponent_use"":""training_dummy_available"",""basis"":""screenshot_brightness_inference"",""confidence"":""medium"",""as_of"":""2026-09-26"",""requires_confirmation_for_test_setup"":true}}",210
211,Sable The Envious,100000000,100000000,1,1,2,2,"[""Bosses""]","[""demon"",""sin""]","{""name"":{""file"":""Cards-2.xml"",""xml_path"":""/project[1]/scenes[1]/scene[1]/variables[1]/variable[1]"",""snap_value_id"":""34123"",""variable"":""Cards"",""item_1"":211},""rarity"":{""file"":""Cards-2.xml"",""xml_path"":""/project[1]/scenes[1]/scene[1]/variables[1]/variable[19]"",""snap_value_id"":""34147"",""variable"":""Card Rarities"",""item_1"":211},""weather"":{""file"":""data-10.csv"",""record_1"":1,""column_1"":211},""card_modifier"":{""file"":""../../card_engine/data_corrections.py"",""evidence"":""user stat/weather corrections and all-Bosses clarification, 2026-09-28""}}",10,user_verified,"{""card_id"":211,""name"":""Sable The Envious"",""pack_id"":10,""pack"":""Bosses"",""screenshot"":{""file"":""user_2026-09-27/Screenshot 2026-09-26 at 6.32.40 PM.png"",""image_number"":11,""card_ordinal_excluding_clipped_repeats"":11},""visual_tags"":[""humanlike""],""visual_inference_status"":""inferred_from_art_and_name"",""gameplay_class_candidates"":[""demon"",""sin""],""sourced_class_memberships"":[{""card_id"":211,""class_name"":""demon"",""source_url"":""https://card-rng.fandom.com/wiki/Sable%2C_The_Envious"",""evidence_summary"":""The card page explicitly carries the Demons category."",""status"":""wiki_supported_unverified_current""}],""gameplay_classes_verified"":true,""availability"":{""player_use"":""available"",""opponent_use"":""training_dummy_available"",""basis"":""screenshot_brightness_inference"",""confidence"":""medium"",""as_of"":""2026-09-26"",""requires_confirmation_for_test_setup"":true}}",211
212,Mother of Beasts,5000000000,5000000000,1,1,2,2,"[""Bosses""]",[],"{""name"":{""file"":""Cards-2.xml"",""xml_path"":""/project[1]/scenes[1]/scene[1]/variables[1]/variable[1]"",""snap_value_id"":""34123"",""variable"":""Cards"",""item_1"":212},""rarity"":{""file"":""Cards-2.xml"",""xml_path"":""/project[1]/scenes[1]/scene[1]/variables[1]/variable[19]"",""snap_value_id"":""34147"",""variable"":""Card Rarities"",""item_1"":212},""weather"":{""file"":""data-10.csv"",""record_1"":1,""column_1"":212},""card_modifier"":{""file"":""../../card_engine/data_corrections.py"",""evidence"":""user stat/weather corrections and all-Bosses clarification, 2026-09-28""}}",10,user_verified,"{""card_id"":212,""name"":""Mother of Beasts"",""pack_id"":10,""pack"":""Bosses"",""screenshot"":{""file"":""user_2026-09-27/Screenshot 2026-09-26 at 6.32.40 PM.png"",""image_number"":11,""card_ordinal_excluding_clipped_repeats"":12},""visual_tags"":[""humanoid"",""antlered""],""visual_inference_status"":""inferred_from_art_and_name"",""gameplay_class_candidates"":[],""sourced_class_memberships"":[],""gameplay_classes_verified"":true,""availability"":{""player_use"":""unavailable"",""opponent_use"":""training_dummy_available"",""basis"":""screenshot_brightness_inference"",""confidence"":""medium"",""as_of"":""2026-09-26"",""requires_confirmation_for_test_setup"":true}}",212
213,100 Men,100000,100000,1,1,1,1,"[""Limited""]",[],"{""name"":{""file"":""Cards-2.xml"",""xml_path"":""/project[1]/scenes[1]/scene[1]/variables[1]/variable[1]"",""snap_value_id"":""34123"",""variable"":""Cards"",""item_1"":213},""rarity"":{""file"":""Cards-2.xml"",""xml_path"":""/project[1]/scenes[1]/scene[1]/variables[1]/variable[19]"",""snap_value_id"":""34147"",""variable"":""Card Rarities"",""item_1"":213},""weather"":{""file"":""data-10.csv"",""record_1"":1,""column_1"":213},""card_modifier"":{""file"":""data-9.csv"",""record_1"":1,""column_1"":213}}",11,user_verified,"{""card_id"":213,""name"":""100 Men"",""pack_id"":11,""pack"":""Limited"",""screenshot"":{""file"":""user_2026-09-27/Screenshot 2026-09-26 at 6.33.01 PM.png"",""image_number"":12,""card_ordinal_excluding_clipped_repeats"":1},""visual_tags"":[""humanlike"",""group""],""visual_inference_status"":""inferred_from_art_and_name"",""gameplay_class_candidates"":[],""sourced_class_memberships"":[],""gameplay_classes_verified"":true,""availability"":{""player_use"":""unavailable"",""opponent_use"":""training_dummy_available"",""basis"":""screenshot_brightness_inference"",""confidence"":""medium"",""as_of"":""2026-09-26"",""requires_confirmation_for_test_setup"":true}}",213
214,Naga,1777776,1777776,1,1,1,1,"[""Limited""]",[],"{""name"":{""file"":""Cards-2.xml"",""xml_path"":""/project[1]/scenes[1]/scene[1]/variables[1]/variable[1]"",""snap_value_id"":""34123"",""variable"":""Cards"",""item_1"":214},""rarity"":{""file"":""Cards-2.xml"",""xml_path"":""/project[1]/scenes[1]/scene[1]/variables[1]/variable[19]"",""snap_value_id"":""34147"",""variable"":""Card Rarities"",""item_1"":214},""weather"":{""file"":""data-10.csv"",""record_1"":1,""column_1"":214},""card_modifier"":{""file"":""data-9.csv"",""record_1"":1,""column_1"":214}}",11,user_verified,"{""card_id"":214,""name"":""Naga"",""pack_id"":11,""pack"":""Limited"",""screenshot"":{""file"":""user_2026-09-27/Screenshot 2026-09-26 at 6.33.01 PM.png"",""image_number"":12,""card_ordinal_excluding_clipped_repeats"":2},""visual_tags"":[""humanoid"",""serpent""],""visual_inference_status"":""inferred_from_art_and_name"",""gameplay_class_candidates"":[],""sourced_class_memberships"":[],""gameplay_classes_verified"":true,""availability"":{""player_use"":""unavailable"",""opponent_use"":""training_dummy_available"",""basis"":""screenshot_brightness_inference"",""confidence"":""medium"",""as_of"":""2026-09-26"",""requires_confirmation_for_test_setup"":true}}",214
215,Uncle Sam,3000000,3000000,1,1,1,1,"[""Limited""]",[],"{""name"":{""file"":""Cards-2.xml"",""xml_path"":""/project[1]/scenes[1]/scene[1]/variables[1]/variable[1]"",""snap_value_id"":""34123"",""variable"":""Cards"",""item_1"":215},""rarity"":{""file"":""Cards-2.xml"",""xml_path"":""/project[1]/scenes[1]/scene[1]/variables[1]/variable[19]"",""snap_value_id"":""34147"",""variable"":""Card Rarities"",""item_1"":215},""weather"":{""file"":""data-10.csv"",""record_1"":1,""column_1"":215},""card_modifier"":{""file"":""data-9.csv"",""record_1"":1,""column_1"":215}}",11,user_verified,"{""card_id"":215,""name"":""Uncle Sam"",""pack_id"":11,""pack"":""Limited"",""screenshot"":{""file"":""user_2026-09-27/Screenshot 2026-09-26 at 6.33.01 PM.png"",""image_number"":12,""card_ordinal_excluding_clipped_repeats"":3},""visual_tags"":[""humanlike""],""visual_inference_status"":""inferred_from_art_and_name"",""gameplay_class_candidates"":[],""sourced_class_memberships"":[],""gameplay_classes_verified"":true,""availability"":{""player_use"":""unavailable"",""opponent_use"":""training_dummy_available"",""basis"":""screenshot_brightness_inference"",""confidence"":""medium"",""as_of"":""2026-09-26"",""requires_confirmation_for_test_setup"":true}}",215
216,"Shay, Heart of the Cards",7777777,7777777,1,1,1,1,"[""Limited""]","[""rng""]","{""name"":{""file"":""Cards-2.xml"",""xml_path"":""/project[1]/scenes[1]/scene[1]/variables[1]/variable[1]"",""snap_value_id"":""34123"",""variable"":""Cards"",""item_1"":216},""rarity"":{""file"":""Cards-2.xml"",""xml_path"":""/project[1]/scenes[1]/scene[1]/variables[1]/variable[19]"",""snap_value_id"":""34147"",""variable"":""Card Rarities"",""item_1"":216},""weather"":{""file"":""data-10.csv"",""record_1"":1,""column_1"":216},""card_modifier"":{""file"":""data-9.csv"",""record_1"":1,""column_1"":216}}",11,user_verified,"{""card_id"":216,""name"":""Shay, Heart of the Cards"",""pack_id"":11,""pack"":""Limited"",""screenshot"":{""file"":""user_2026-09-27/Screenshot 2026-09-26 at 6.33.01 PM.png"",""image_number"":12,""card_ordinal_excluding_clipped_repeats"":4},""visual_tags"":[""humanlike""],""visual_inference_status"":""inferred_from_art_and_name"",""gameplay_class_candidates"":[""rng""],""sourced_class_memberships"":[],""gameplay_classes_verified"":true,""availability"":{""player_use"":""unavailable"",""opponent_use"":""training_dummy_available"",""basis"":""screenshot_brightness_inference"",""confidence"":""medium"",""as_of"":""2026-09-26"",""requires_confirmation_for_test_setup"":true}}",216
217,Gorilla,10000000,10000000,1,1,1.1,1.1,"[""Limited""]",[],"{""name"":{""file"":""Cards-2.xml"",""xml_path"":""/project[1]/scenes[1]/scene[1]/variables[1]/variable[1]"",""snap_value_id"":""34123"",""variable"":""Cards"",""item_1"":217},""rarity"":{""file"":""Cards-2.xml"",""xml_path"":""/project[1]/scenes[1]/scene[1]/variables[1]/variable[19]"",""snap_value_id"":""34147"",""variable"":""Card Rarities"",""item_1"":217},""weather"":{""file"":""data-10.csv"",""record_1"":1,""column_1"":217},""card_modifier"":{""file"":""../../card_engine/data_corrections.py"",""evidence"":""DaddyDrago's engine card data, user: more accurate than ours, 2026-10-03""}}",11,user_verified,"{""card_id"":217,""name"":""Gorilla"",""pack_id"":11,""pack"":""Limited"",""screenshot"":{""file"":""user_2026-09-27/Screenshot 2026-09-26 at 6.33.01 PM.png"",""image_number"":12,""card_ordinal_excluding_clipped_repeats"":5},""visual_tags"":[""animal"",""primate""],""visual_inference_status"":""inferred_from_art_and_name"",""gameplay_class_candidates"":[],""sourced_class_memberships"":[],""gameplay_classes_verified"":true,""availability"":{""player_use"":""unavailable"",""opponent_use"":""training_dummy_available"",""basis"":""screenshot_brightness_inference"",""confidence"":""medium"",""as_of"":""2026-09-26"",""requires_confirmation_for_test_setup"":true}}",217
218,Valentine's Specter,14141414,14141414,1,1,1,1,"[""Limited""]","[""rng""]","{""name"":{""file"":""Cards-2.xml"",""xml_path"":""/project[1]/scenes[1]/scene[1]/variables[1]/variable[1]"",""snap_value_id"":""34123"",""variable"":""Cards"",""item_1"":218},""rarity"":{""file"":""Cards-2.xml"",""xml_path"":""/project[1]/scenes[1]/scene[1]/variables[1]/variable[19]"",""snap_value_id"":""34147"",""variable"":""Card Rarities"",""item_1"":218},""weather"":{""file"":""data-10.csv"",""record_1"":1,""column_1"":218},""card_modifier"":{""file"":""data-9.csv"",""record_1"":1,""column_1"":218}}",11,user_verified,"{""card_id"":218,""name"":""Valentine's Specter"",""pack_id"":11,""pack"":""Limited"",""screenshot"":{""file"":""user_2026-09-27/Screenshot 2026-09-26 at 6.33.01 PM.png"",""image_number"":12,""card_ordinal_excluding_clipped_repeats"":6},""visual_tags"":[""humanlike"",""spirit""],""visual_inference_status"":""inferred_from_art_and_name"",""gameplay_class_candidates"":[""rng""],""sourced_class_memberships"":[],""gameplay_classes_verified"":true,""availability"":{""player_use"":""unavailable"",""opponent_use"":""training_dummy_available"",""basis"":""screenshot_brightness_inference"",""confidence"":""medium"",""as_of"":""2026-09-26"",""requires_confirmation_for_test_setup"":true}}",218
219,Sisyphus,15000000,15000000,1,1,1,1,"[""Limited""]",[],"{""name"":{""file"":""Cards-2.xml"",""xml_path"":""/project[1]/scenes[1]/scene[1]/variables[1]/variable[1]"",""snap_value_id"":""34123"",""variable"":""Cards"",""item_1"":219},""rarity"":{""file"":""Cards-2.xml"",""xml_path"":""/project[1]/scenes[1]/scene[1]/variables[1]/variable[19]"",""snap_value_id"":""34147"",""variable"":""Card Rarities"",""item_1"":219},""weather"":{""file"":""data-10.csv"",""record_1"":1,""column_1"":219},""card_modifier"":{""file"":""data-9.csv"",""record_1"":1,""column_1"":219}}",11,user_verified,"{""card_id"":219,""name"":""Sisyphus"",""pack_id"":11,""pack"":""Limited"",""screenshot"":{""file"":""user_2026-09-27/Screenshot 2026-09-26 at 6.33.01 PM.png"",""image_number"":12,""card_ordinal_excluding_clipped_repeats"":7},""visual_tags"":[""avian"",""shadow""],""visual_inference_status"":""inferred_from_art_and_name"",""gameplay_class_candidates"":[],""sourced_class_memberships"":[],""gameplay_classes_verified"":true,""availability"":{""player_use"":""unavailable"",""opponent_use"":""training_dummy_available"",""basis"":""screenshot_brightness_inference"",""confidence"":""medium"",""as_of"":""2026-09-26"",""requires_confirmation_for_test_setup"":true}}",219
220,George Washington,17760000,17760000,1,1,1,1,"[""Limited""]","[""rng""]","{""name"":{""file"":""Cards-2.xml"",""xml_path"":""/project[1]/scenes[1]/scene[1]/variables[1]/variable[1]"",""snap_value_id"":""34123"",""variable"":""Cards"",""item_1"":220},""rarity"":{""file"":""Cards-2.xml"",""xml_path"":""/project[1]/scenes[1]/scene[1]/variables[1]/variable[19]"",""snap_value_id"":""34147"",""variable"":""Card Rarities"",""item_1"":220},""weather"":{""file"":""data-10.csv"",""record_1"":1,""column_1"":220},""card_modifier"":{""file"":""data-9.csv"",""record_1"":1,""column_1"":220}}",11,user_verified,"{""card_id"":220,""name"":""George Washington"",""pack_id"":11,""pack"":""Limited"",""screenshot"":{""file"":""user_2026-09-27/Screenshot 2026-09-26 at 6.33.01 PM.png"",""image_number"":12,""card_ordinal_excluding_clipped_repeats"":8},""visual_tags"":[""humanlike""],""visual_inference_status"":""inferred_from_art_and_name"",""gameplay_class_candidates"":[""rng""],""sourced_class_memberships"":[],""gameplay_classes_verified"":true,""availability"":{""player_use"":""unavailable"",""opponent_use"":""training_dummy_available"",""basis"":""screenshot_brightness_inference"",""confidence"":""medium"",""as_of"":""2026-09-26"",""requires_confirmation_for_test_setup"":true}}",220
221,Cave Goblin & Wind Spirit,30000000,30000000,1,1,1,1,"[""Limited""]",[],"{""name"":{""file"":""Cards-2.xml"",""xml_path"":""/project[1]/scenes[1]/scene[1]/variables[1]/variable[1]"",""snap_value_id"":""34123"",""variable"":""Cards"",""item_1"":221},""rarity"":{""file"":""Cards-2.xml"",""xml_path"":""/project[1]/scenes[1]/scene[1]/variables[1]/variable[19]"",""snap_value_id"":""34147"",""variable"":""Card Rarities"",""item_1"":221},""weather"":{""file"":""data-10.csv"",""record_1"":1,""column_1"":221},""card_modifier"":{""file"":""data-9.csv"",""record_1"":1,""column_1"":221}}",11,user_verified,"{""card_id"":221,""name"":""Cave Goblin & Wind Spirit"",""pack_id"":11,""pack"":""Limited"",""screenshot"":{""file"":""user_2026-09-27/Screenshot 2026-09-26 at 6.33.01 PM.png"",""image_number"":12,""card_ordinal_excluding_clipped_repeats"":9},""visual_tags"":[""humanoid"",""group""],""visual_inference_status"":""inferred_from_art_and_name"",""gameplay_class_candidates"":[],""sourced_class_memberships"":[],""gameplay_classes_verified"":true,""availability"":{""player_use"":""unavailable"",""opponent_use"":""training_dummy_available"",""basis"":""screenshot_brightness_inference"",""confidence"":""medium"",""as_of"":""2026-09-26"",""requires_confirmation_for_test_setup"":true}}",221
222,Hera,38450000,38450000,1,1,1,1,"[""Limited""]",[],"{""name"":{""file"":""Cards-2.xml"",""xml_path"":""/project[1]/scenes[1]/scene[1]/variables[1]/variable[1]"",""snap_value_id"":""34123"",""variable"":""Cards"",""item_1"":222},""rarity"":{""file"":""Cards-2.xml"",""xml_path"":""/project[1]/scenes[1]/scene[1]/variables[1]/variable[19]"",""snap_value_id"":""34147"",""variable"":""Card Rarities"",""item_1"":222},""weather"":{""file"":""data-10.csv"",""record_1"":1,""column_1"":222},""card_modifier"":{""file"":""data-9.csv"",""record_1"":1,""column_1"":222}}",11,user_verified,"{""card_id"":222,""name"":""Hera"",""pack_id"":11,""pack"":""Limited"",""screenshot"":{""file"":""user_2026-09-27/Screenshot 2026-09-26 at 6.33.01 PM.png"",""image_number"":12,""card_ordinal_excluding_clipped_repeats"":10},""visual_tags"":[""humanlike"",""divine""],""visual_inference_status"":""inferred_from_art_and_name"",""gameplay_class_candidates"":[],""sourced_class_memberships"":[],""gameplay_classes_verified"":true,""availability"":{""player_use"":""unavailable"",""opponent_use"":""training_dummy_available"",""basis"":""screenshot_brightness_inference"",""confidence"":""medium"",""as_of"":""2026-09-26"",""requires_confirmation_for_test_setup"":true}}",222
223,Dad,50000000,50000000,1,1,1,1,"[""Limited""]",[],"{""name"":{""file"":""Cards-2.xml"",""xml_path"":""/project[1]/scenes[1]/scene[1]/variables[1]/variable[1]"",""snap_value_id"":""34123"",""variable"":""Cards"",""item_1"":223},""rarity"":{""file"":""Cards-2.xml"",""xml_path"":""/project[1]/scenes[1]/scene[1]/variables[1]/variable[19]"",""snap_value_id"":""34147"",""variable"":""Card Rarities"",""item_1"":223},""weather"":{""file"":""data-10.csv"",""record_1"":1,""column_1"":223},""card_modifier"":{""file"":""data-9.csv"",""record_1"":1,""column_1"":223}}",11,user_verified,"{""card_id"":223,""name"":""Dad"",""pack_id"":11,""pack"":""Limited"",""screenshot"":{""file"":""user_2026-09-27/Screenshot 2026-09-26 at 6.33.01 PM.png"",""image_number"":12,""card_ordinal_excluding_clipped_repeats"":11},""visual_tags"":[""humanlike""],""visual_inference_status"":""inferred_from_art_and_name"",""gameplay_class_candidates"":[],""sourced_class_memberships"":[],""gameplay_classes_verified"":true,""availability"":{""player_use"":""unavailable"",""opponent_use"":""training_dummy_available"",""basis"":""screenshot_brightness_inference"",""confidence"":""medium"",""as_of"":""2026-09-26"",""requires_confirmation_for_test_setup"":true}}",223
224,Kid Gohan,75000000,75000000,1,1,1.5,1.5,"[""Limited""]",[],"{""name"":{""file"":""Cards-2.xml"",""xml_path"":""/project[1]/scenes[1]/scene[1]/variables[1]/variable[1]"",""snap_value_id"":""34123"",""variable"":""Cards"",""item_1"":224},""rarity"":{""file"":""Cards-2.xml"",""xml_path"":""/project[1]/scenes[1]/scene[1]/variables[1]/variable[19]"",""snap_value_id"":""34147"",""variable"":""Card Rarities"",""item_1"":224},""weather"":{""file"":""data-10.csv"",""record_1"":1,""column_1"":224},""card_modifier"":{""file"":""../../card_engine/data_corrections.py"",""evidence"":""DaddyDrago's engine card data, user: more accurate than ours, 2026-10-03""}}",11,user_verified,"{""card_id"":224,""name"":""Kid Gohan"",""pack_id"":11,""pack"":""Limited"",""screenshot"":{""file"":""user_2026-09-27/Screenshot 2026-09-26 at 6.33.01 PM.png"",""image_number"":12,""card_ordinal_excluding_clipped_repeats"":12},""visual_tags"":[""humanlike""],""visual_inference_status"":""inferred_from_art_and_name"",""gameplay_class_candidates"":[],""sourced_class_memberships"":[],""gameplay_classes_verified"":true,""availability"":{""player_use"":""unavailable"",""opponent_use"":""training_dummy_available"",""basis"":""screenshot_brightness_inference"",""confidence"":""medium"",""as_of"":""2026-09-26"",""requires_confirmation_for_test_setup"":true}}",224
225,Milk,100000000,100000000,1,1,1,1,"[""Limited""]",[],"{""name"":{""file"":""Cards-2.xml"",""xml_path"":""/project[1]/scenes[1]/scene[1]/variables[1]/variable[1]"",""snap_value_id"":""34123"",""variable"":""Cards"",""item_1"":225},""rarity"":{""file"":""Cards-2.xml"",""xml_path"":""/project[1]/scenes[1]/scene[1]/variables[1]/variable[19]"",""snap_value_id"":""34147"",""variable"":""Card Rarities"",""item_1"":225},""weather"":{""file"":""data-10.csv"",""record_1"":1,""column_1"":225},""card_modifier"":{""file"":""data-9.csv"",""record_1"":1,""column_1"":225}}",11,user_verified,"{""card_id"":225,""name"":""Milk"",""pack_id"":11,""pack"":""Limited"",""screenshot"":{""file"":""user_2026-09-27/Screenshot 2026-09-26 at 6.33.01 PM.png"",""image_number"":12,""card_ordinal_excluding_clipped_repeats"":13},""visual_tags"":[""object""],""visual_inference_status"":""inferred_from_art_and_name"",""gameplay_class_candidates"":[],""sourced_class_memberships"":[],""gameplay_classes_verified"":true,""availability"":{""player_use"":""unavailable"",""opponent_use"":""training_dummy_available"",""basis"":""screenshot_brightness_inference"",""confidence"":""medium"",""as_of"":""2026-09-26"",""requires_confirmation_for_test_setup"":true}}",225
226,Aphrodite,100000000,100000000,1,1,1,1,"[""Limited""]",[],"{""name"":{""file"":""Cards-2.xml"",""xml_path"":""/project[1]/scenes[1]/scene[1]/variables[1]/variable[1]"",""snap_value_id"":""34123"",""variable"":""Cards"",""item_1"":226},""rarity"":{""file"":""Cards-2.xml"",""xml_path"":""/project[1]/scenes[1]/scene[1]/variables[1]/variable[19]"",""snap_value_id"":""34147"",""variable"":""Card Rarities"",""item_1"":226},""weather"":{""file"":""data-10.csv"",""record_1"":1,""column_1"":226},""card_modifier"":{""file"":""data-9.csv"",""record_1"":1,""column_1"":226}}",11,user_verified,"{""card_id"":226,""name"":""Aphrodite"",""pack_id"":11,""pack"":""Limited"",""screenshot"":{""file"":""user_2026-09-27/Screenshot 2026-09-26 at 6.33.01 PM.png"",""image_number"":12,""card_ordinal_excluding_clipped_repeats"":14},""visual_tags"":[""humanlike"",""divine""],""visual_inference_status"":""inferred_from_art_and_name"",""gameplay_class_candidates"":[],""sourced_class_memberships"":[],""gameplay_classes_verified"":true,""availability"":{""player_use"":""unavailable"",""opponent_use"":""training_dummy_available"",""basis"":""screenshot_brightness_inference"",""confidence"":""medium"",""as_of"":""2026-09-26"",""requires_confirmation_for_test_setup"":true}}",226
227,Frank,120000000,120000000,1,1,1.5,1.5,"[""Limited""]",[],"{""name"":{""file"":""Cards-2.xml"",""xml_path"":""/project[1]/scenes[1]/scene[1]/variables[1]/variable[1]"",""snap_value_id"":""34123"",""variable"":""Cards"",""item_1"":227},""rarity"":{""file"":""Cards-2.xml"",""xml_path"":""/project[1]/scenes[1]/scene[1]/variables[1]/variable[19]"",""snap_value_id"":""34147"",""variable"":""Card Rarities"",""item_1"":227},""weather"":{""file"":""data-10.csv"",""record_1"":1,""column_1"":227},""card_modifier"":{""file"":""../../card_engine/data_corrections.py"",""evidence"":""DaddyDrago's engine card data, user: more accurate than ours, 2026-10-03""}}",11,user_verified,"{""card_id"":227,""name"":""Frank"",""pack_id"":11,""pack"":""Limited"",""screenshot"":{""file"":""user_2026-09-27/Screenshot 2026-09-26 at 6.33.01 PM.png"",""image_number"":12,""card_ordinal_excluding_clipped_repeats"":15},""visual_tags"":[""animal"",""feline""],""visual_inference_status"":""inferred_from_art_and_name"",""gameplay_class_candidates"":[],""sourced_class_memberships"":[],""gameplay_classes_verified"":true,""availability"":{""player_use"":""unavailable"",""opponent_use"":""training_dummy_available"",""basis"":""screenshot_brightness_inference"",""confidence"":""medium"",""as_of"":""2026-09-26"",""requires_confirmation_for_test_setup"":true}}",227
228,Eclipseborn Luminant,299792458,299792458,1,1,1.2,1.2,"[""Limited""]","[""rng""]","{""name"":{""file"":""Cards-2.xml"",""xml_path"":""/project[1]/scenes[1]/scene[1]/variables[1]/variable[1]"",""snap_value_id"":""34123"",""variable"":""Cards"",""item_1"":228},""rarity"":{""file"":""Cards-2.xml"",""xml_path"":""/project[1]/scenes[1]/scene[1]/variables[1]/variable[19]"",""snap_value_id"":""34147"",""variable"":""Card Rarities"",""item_1"":228},""weather"":{""file"":""data-10.csv"",""record_1"":1,""column_1"":228},""card_modifier"":{""file"":""../../card_engine/data_corrections.py"",""evidence"":""DaddyDrago's engine card data, user: more accurate than ours, 2026-10-03""}}",11,user_verified,"{""card_id"":228,""name"":""Eclipseborn Luminant"",""pack_id"":11,""pack"":""Limited"",""screenshot"":{""file"":""user_2026-09-27/Screenshot 2026-09-26 at 6.33.01 PM.png"",""image_number"":12,""card_ordinal_excluding_clipped_repeats"":16},""visual_tags"":[""humanoid"",""armored""],""visual_inference_status"":""inferred_from_art_and_name"",""gameplay_class_candidates"":[""rng""],""sourced_class_memberships"":[],""gameplay_classes_verified"":true,""availability"":{""player_use"":""unavailable"",""opponent_use"":""training_dummy_available"",""basis"":""screenshot_brightness_inference"",""confidence"":""medium"",""as_of"":""2026-09-26"",""requires_confirmation_for_test_setup"":true}}",228
229,Turkey,333000000,333000000,1,1,1,1,"[""Limited""]","[""avian""]","{""name"":{""file"":""Cards-2.xml"",""xml_path"":""/project[1]/scenes[1]/scene[1]/variables[1]/variable[1]"",""snap_value_id"":""34123"",""variable"":""Cards"",""item_1"":229},""rarity"":{""file"":""Cards-2.xml"",""xml_path"":""/project[1]/scenes[1]/scene[1]/variables[1]/variable[19]"",""snap_value_id"":""34147"",""variable"":""Card Rarities"",""item_1"":229},""weather"":{""file"":""data-10.csv"",""record_1"":1,""column_1"":229},""card_modifier"":{""file"":""data-9.csv"",""record_1"":1,""column_1"":229}}",11,user_verified,"{""card_id"":229,""name"":""Turkey"",""pack_id"":11,""pack"":""Limited"",""screenshot"":{""file"":""user_2026-09-27/Screenshot 2026-09-26 at 6.33.01 PM.png"",""image_number"":12,""card_ordinal_excluding_clipped_repeats"":17},""visual_tags"":[""avian""],""visual_inference_status"":""inferred_from_art_and_name"",""gameplay_class_candidates"":[""avian""],""sourced_class_memberships"":[],""gameplay_classes_verified"":true,""availability"":{""player_use"":""unavailable"",""opponent_use"":""training_dummy_available"",""basis"":""screenshot_brightness_inference"",""confidence"":""medium"",""as_of"":""2026-09-26"",""requires_confirmation_for_test_setup"":true}}",229
230,The Broken One,400000000,400000000,1,1,1.2,1.2,"[""Limited""]","[""toy""]","{""name"":{""file"":""Cards-2.xml"",""xml_path"":""/project[1]/scenes[1]/scene[1]/variables[1]/variable[1]"",""snap_value_id"":""34123"",""variable"":""Cards"",""item_1"":230},""rarity"":{""file"":""Cards-2.xml"",""xml_path"":""/project[1]/scenes[1]/scene[1]/variables[1]/variable[19]"",""snap_value_id"":""34147"",""variable"":""Card Rarities"",""item_1"":230},""weather"":{""file"":""data-10.csv"",""record_1"":1,""column_1"":230},""card_modifier"":{""file"":""../../card_engine/data_corrections.py"",""evidence"":""DaddyDrago's engine card data, user: more accurate than ours, 2026-10-03""}}",11,user_verified,"{""card_id"":230,""name"":""The Broken One"",""pack_id"":11,""pack"":""Limited"",""screenshot"":{""file"":""user_2026-09-27/Screenshot 2026-09-26 at 6.33.01 PM.png"",""image_number"":12,""card_ordinal_excluding_clipped_repeats"":18},""visual_tags"":[""construct"",""toy""],""visual_inference_status"":""inferred_from_art_and_name"",""gameplay_class_candidates"":[""toy""],""sourced_class_memberships"":[],""gameplay_classes_verified"":true,""availability"":{""player_use"":""unavailable"",""opponent_use"":""training_dummy_available"",""basis"":""screenshot_brightness_inference"",""confidence"":""medium"",""as_of"":""2026-09-26"",""requires_confirmation_for_test_setup"":true}}",230
231,Supreme Ozzy,411000000,411000000,1,1,1,1,"[""Limited""]",[],"{""name"":{""file"":""Cards-2.xml"",""xml_path"":""/project[1]/scenes[1]/scene[1]/variables[1]/variable[1]"",""snap_value_id"":""34123"",""variable"":""Cards"",""item_1"":231},""rarity"":{""file"":""Cards-2.xml"",""xml_path"":""/project[1]/scenes[1]/scene[1]/variables[1]/variable[19]"",""snap_value_id"":""34147"",""variable"":""Card Rarities"",""item_1"":231},""weather"":{""file"":""data-10.csv"",""record_1"":1,""column_1"":231},""card_modifier"":{""file"":""data-9.csv"",""record_1"":1,""column_1"":231}}",11,user_verified,"{""card_id"":231,""name"":""Supreme Ozzy"",""pack_id"":11,""pack"":""Limited"",""screenshot"":{""file"":""user_2026-09-27/Screenshot 2026-09-26 at 6.33.01 PM.png"",""image_number"":12,""card_ordinal_excluding_clipped_repeats"":19},""visual_tags"":[""animal"",""feline""],""visual_inference_status"":""inferred_from_art_and_name"",""gameplay_class_candidates"":[],""sourced_class_memberships"":[],""gameplay_classes_verified"":true,""availability"":{""player_use"":""unavailable"",""opponent_use"":""training_dummy_available"",""basis"":""screenshot_brightness_inference"",""confidence"":""medium"",""as_of"":""2026-09-26"",""requires_confirmation_for_test_setup"":true}}",231
232,Cave Goblin God,666000000,666000000,1,1,1.2,1.2,"[""Limited""]","[""rng""]","{""name"":{""file"":""Cards-2.xml"",""xml_path"":""/project[1]/scenes[1]/scene[1]/variables[1]/variable[1]"",""snap_value_id"":""34123"",""variable"":""Cards"",""item_1"":232},""rarity"":{""file"":""Cards-2.xml"",""xml_path"":""/project[1]/scenes[1]/scene[1]/variables[1]/variable[19]"",""snap_value_id"":""34147"",""variable"":""Card Rarities"",""item_1"":232},""weather"":{""file"":""data-10.csv"",""record_1"":1,""column_1"":232},""card_modifier"":{""file"":""../../card_engine/data_corrections.py"",""evidence"":""DaddyDrago's engine card data, user: more accurate than ours, 2026-10-03""}}",11,user_verified,"{""card_id"":232,""name"":""Cave Goblin God"",""pack_id"":11,""pack"":""Limited"",""screenshot"":{""file"":""user_2026-09-27/Screenshot 2026-09-26 at 6.33.01 PM.png"",""image_number"":12,""card_ordinal_excluding_clipped_repeats"":20},""visual_tags"":[""humanoid"",""goblin""],""visual_inference_status"":""inferred_from_art_and_name"",""gameplay_class_candidates"":[""rng""],""sourced_class_memberships"":[],""gameplay_classes_verified"":true,""availability"":{""player_use"":""unavailable"",""opponent_use"":""training_dummy_available"",""basis"":""screenshot_brightness_inference"",""confidence"":""medium"",""as_of"":""2026-09-26"",""requires_confirmation_for_test_setup"":true}}",232
233,Anubis & Hades,666666666,666666666,1,1,1,1,"[""Limited""]","[""undead""]","{""name"":{""file"":""Cards-2.xml"",""xml_path"":""/project[1]/scenes[1]/scene[1]/variables[1]/variable[1]"",""snap_value_id"":""34123"",""variable"":""Cards"",""item_1"":233},""rarity"":{""file"":""Cards-2.xml"",""xml_path"":""/project[1]/scenes[1]/scene[1]/variables[1]/variable[19]"",""snap_value_id"":""34147"",""variable"":""Card Rarities"",""item_1"":233},""weather"":{""file"":""data-10.csv"",""record_1"":1,""column_1"":233},""card_modifier"":{""file"":""data-9.csv"",""record_1"":1,""column_1"":233}}",11,user_verified,"{""card_id"":233,""name"":""Anubis & Hades"",""pack_id"":11,""pack"":""Limited"",""screenshot"":{""file"":""user_2026-09-27/Screenshot 2026-09-26 at 6.33.01 PM.png"",""image_number"":12,""card_ordinal_excluding_clipped_repeats"":21},""visual_tags"":[""humanoid"",""group"",""divine""],""visual_inference_status"":""inferred_from_art_and_name"",""gameplay_class_candidates"":[""undead""],""sourced_class_memberships"":[],""gameplay_classes_verified"":true,""availability"":{""player_use"":""unavailable"",""opponent_use"":""training_dummy_available"",""basis"":""screenshot_brightness_inference"",""confidence"":""medium"",""as_of"":""2026-09-26"",""requires_confirmation_for_test_setup"":true}}",233
234,Longmu,715000000,715000000,1,1,2.0,2.0,"[""Limited""]","[""dragon""]","{""name"":{""file"":""Cards-2.xml"",""xml_path"":""/project[1]/scenes[1]/scene[1]/variables[1]/variable[1]"",""snap_value_id"":""34123"",""variable"":""Cards"",""item_1"":234},""rarity"":{""file"":""Cards-2.xml"",""xml_path"":""/project[1]/scenes[1]/scene[1]/variables[1]/variable[19]"",""snap_value_id"":""34147"",""variable"":""Card Rarities"",""item_1"":234},""weather"":{""file"":""data-10.csv"",""record_1"":1,""column_1"":234},""card_modifier"":{""file"":""../../card_engine/data_corrections.py"",""evidence"":""DaddyDrago's engine card data, user: more accurate than ours, 2026-10-03""}}",11,user_verified,"{""card_id"":234,""name"":""Longmu"",""pack_id"":11,""pack"":""Limited"",""screenshot"":{""file"":""user_2026-09-27/Screenshot 2026-09-26 at 6.33.01 PM.png"",""image_number"":12,""card_ordinal_excluding_clipped_repeats"":22},""visual_tags"":[""humanlike""],""visual_inference_status"":""inferred_from_art_and_name"",""gameplay_class_candidates"":[""dragon""],""sourced_class_memberships"":[],""gameplay_classes_verified"":true,""availability"":{""player_use"":""unavailable"",""opponent_use"":""training_dummy_available"",""basis"":""screenshot_brightness_inference"",""confidence"":""medium"",""as_of"":""2026-09-26"",""requires_confirmation_for_test_setup"":true}}",234
235,Star Eater,800000000,800000000,1,1,1.2,1.2,"[""Limited""]",[],"{""name"":{""file"":""Cards-2.xml"",""xml_path"":""/project[1]/scenes[1]/scene[1]/variables[1]/variable[1]"",""snap_value_id"":""34123"",""variable"":""Cards"",""item_1"":235},""rarity"":{""file"":""Cards-2.xml"",""xml_path"":""/project[1]/scenes[1]/scene[1]/variables[1]/variable[19]"",""snap_value_id"":""34147"",""variable"":""Card Rarities"",""item_1"":235},""weather"":{""file"":""data-10.csv"",""record_1"":1,""column_1"":235},""card_modifier"":{""file"":""../../card_engine/data_corrections.py"",""evidence"":""DaddyDrago's engine card data, user: more accurate than ours, 2026-10-03""}}",11,user_verified,"{""card_id"":235,""name"":""Star Eater"",""pack_id"":11,""pack"":""Limited"",""screenshot"":{""file"":""user_2026-09-27/Screenshot 2026-09-26 at 6.33.01 PM.png"",""image_number"":12,""card_ordinal_excluding_clipped_repeats"":23},""visual_tags"":[""aquatic""],""visual_inference_status"":""inferred_from_art_and_name"",""gameplay_class_candidates"":[],""sourced_class_memberships"":[],""gameplay_classes_verified"":true,""availability"":{""player_use"":""unavailable"",""opponent_use"":""training_dummy_available"",""basis"":""screenshot_brightness_inference"",""confidence"":""medium"",""as_of"":""2026-09-26"",""requires_confirmation_for_test_setup"":true}}",235
236,Eonus,888888888,888888888,1,1,1.2,1.2,"[""Limited""]",[],"{""name"":{""file"":""Cards-2.xml"",""xml_path"":""/project[1]/scenes[1]/scene[1]/variables[1]/variable[1]"",""snap_value_id"":""34123"",""variable"":""Cards"",""item_1"":236},""rarity"":{""file"":""Cards-2.xml"",""xml_path"":""/project[1]/scenes[1]/scene[1]/variables[1]/variable[19]"",""snap_value_id"":""34147"",""variable"":""Card Rarities"",""item_1"":236},""weather"":{""file"":""data-10.csv"",""record_1"":1,""column_1"":236},""card_modifier"":{""file"":""../../card_engine/data_corrections.py"",""evidence"":""DaddyDrago's engine card data, user: more accurate than ours, 2026-10-03""}}",11,user_verified,"{""card_id"":236,""name"":""Eonus"",""pack_id"":11,""pack"":""Limited"",""screenshot"":{""file"":""user_2026-09-27/Screenshot 2026-09-26 at 6.33.01 PM.png"",""image_number"":12,""card_ordinal_excluding_clipped_repeats"":24},""visual_tags"":[""abstract""],""visual_inference_status"":""inferred_from_art_and_name"",""gameplay_class_candidates"":[],""sourced_class_memberships"":[],""gameplay_classes_verified"":true,""availability"":{""player_use"":""unavailable"",""opponent_use"":""training_dummy_available"",""basis"":""screenshot_brightness_inference"",""confidence"":""medium"",""as_of"":""2026-09-26"",""requires_confirmation_for_test_setup"":true}}",236
237,Pestilence,1000000000,1000000000,1,1,1,1,"[""Limited""]","[""undead""]","{""name"":{""file"":""Cards-2.xml"",""xml_path"":""/project[1]/scenes[1]/scene[1]/variables[1]/variable[1]"",""snap_value_id"":""34123"",""variable"":""Cards"",""item_1"":237},""rarity"":{""file"":""Cards-2.xml"",""xml_path"":""/project[1]/scenes[1]/scene[1]/variables[1]/variable[19]"",""snap_value_id"":""34147"",""variable"":""Card Rarities"",""item_1"":237},""weather"":{""file"":""data-10.csv"",""record_1"":1,""column_1"":237},""card_modifier"":{""file"":""data-9.csv"",""record_1"":1,""column_1"":237}}",11,user_verified,"{""card_id"":237,""name"":""Pestilence"",""pack_id"":11,""pack"":""Limited"",""screenshot"":{""file"":""user_2026-09-27/Screenshot 2026-09-26 at 6.33.14 PM.png"",""image_number"":13,""card_ordinal_excluding_clipped_repeats"":1},""visual_tags"":[""undead"",""hooded""],""visual_inference_status"":""inferred_from_art_and_name"",""gameplay_class_candidates"":[""undead""],""sourced_class_memberships"":[],""gameplay_classes_verified"":true,""availability"":{""player_use"":""unavailable"",""opponent_use"":""training_dummy_available"",""basis"":""screenshot_brightness_inference"",""confidence"":""medium"",""as_of"":""2026-09-26"",""requires_confirmation_for_test_setup"":true}}",237
238,Ragon & Fafnir,1000000000,1000000000,1,1,1,1,"[""Limited""]","[""dragon""]","{""name"":{""file"":""Cards-2.xml"",""xml_path"":""/project[1]/scenes[1]/scene[1]/variables[1]/variable[1]"",""snap_value_id"":""34123"",""variable"":""Cards"",""item_1"":238},""rarity"":{""file"":""Cards-2.xml"",""xml_path"":""/project[1]/scenes[1]/scene[1]/variables[1]/variable[19]"",""snap_value_id"":""34147"",""variable"":""Card Rarities"",""item_1"":238},""weather"":{""file"":""data-10.csv"",""record_1"":1,""column_1"":238},""card_modifier"":{""file"":""data-9.csv"",""record_1"":1,""column_1"":238}}",11,user_verified,"{""card_id"":238,""name"":""Ragon & Fafnir"",""pack_id"":11,""pack"":""Limited"",""screenshot"":{""file"":""user_2026-09-27/Screenshot 2026-09-26 at 6.33.14 PM.png"",""image_number"":13,""card_ordinal_excluding_clipped_repeats"":2},""visual_tags"":[""dragon"",""group""],""visual_inference_status"":""inferred_from_art_and_name"",""gameplay_class_candidates"":[""dragon""],""sourced_class_memberships"":[{""card_id"":238,""class_name"":""dragon"",""source_url"":""https://card-rng.fandom.com/wiki/Dragon_King"",""evidence_summary"":""Dragon King trivia explicitly includes this card among its dragon targets."",""status"":""wiki_supported_unverified_current""}],""gameplay_classes_verified"":true,""availability"":{""player_use"":""unavailable"",""opponent_use"":""training_dummy_available"",""basis"":""screenshot_brightness_inference"",""confidence"":""medium"",""as_of"":""2026-09-26"",""requires_confirmation_for_test_setup"":true}}",238
239,Cthulu,1100000000,1100000000,1,1,2.0,2.0,"[""Limited""]",[],"{""name"":{""file"":""Cards-2.xml"",""xml_path"":""/project[1]/scenes[1]/scene[1]/variables[1]/variable[1]"",""snap_value_id"":""34123"",""variable"":""Cards"",""item_1"":239},""rarity"":{""file"":""Cards-2.xml"",""xml_path"":""/project[1]/scenes[1]/scene[1]/variables[1]/variable[19]"",""snap_value_id"":""34147"",""variable"":""Card Rarities"",""item_1"":239},""weather"":{""file"":""data-10.csv"",""record_1"":1,""column_1"":239},""card_modifier"":{""file"":""../../card_engine/data_corrections.py"",""evidence"":""DaddyDrago's engine card data, user: more accurate than ours, 2026-10-03""}}",11,user_verified,"{""card_id"":239,""name"":""Cthulu"",""pack_id"":11,""pack"":""Limited"",""screenshot"":{""file"":""user_2026-09-27/Screenshot 2026-09-26 at 6.33.14 PM.png"",""image_number"":13,""card_ordinal_excluding_clipped_repeats"":3},""visual_tags"":[""humanoid"",""aquatic""],""visual_inference_status"":""inferred_from_art_and_name"",""gameplay_class_candidates"":[],""sourced_class_memberships"":[],""gameplay_classes_verified"":true,""availability"":{""player_use"":""unavailable"",""opponent_use"":""training_dummy_available"",""basis"":""screenshot_brightness_inference"",""confidence"":""medium"",""as_of"":""2026-09-26"",""requires_confirmation_for_test_setup"":true}}",239
240,Fate Seamstress,2000000000,2000000000,1,1,1.2,1.2,"[""Limited""]",[],"{""name"":{""file"":""Cards-2.xml"",""xml_path"":""/project[1]/scenes[1]/scene[1]/variables[1]/variable[1]"",""snap_value_id"":""34123"",""variable"":""Cards"",""item_1"":240},""rarity"":{""file"":""Cards-2.xml"",""xml_path"":""/project[1]/scenes[1]/scene[1]/variables[1]/variable[19]"",""snap_value_id"":""34147"",""variable"":""Card Rarities"",""item_1"":240},""weather"":{""file"":""data-10.csv"",""record_1"":1,""column_1"":240},""card_modifier"":{""file"":""../../card_engine/data_corrections.py"",""evidence"":""DaddyDrago's engine card data, user: more accurate than ours, 2026-10-03""}}",11,user_verified,"{""card_id"":240,""name"":""Fate Seamstress"",""pack_id"":11,""pack"":""Limited"",""screenshot"":{""file"":""user_2026-09-27/Screenshot 2026-09-26 at 6.33.14 PM.png"",""image_number"":13,""card_ordinal_excluding_clipped_repeats"":4},""visual_tags"":[""humanlike""],""visual_inference_status"":""inferred_from_art_and_name"",""gameplay_class_candidates"":[],""sourced_class_memberships"":[],""gameplay_classes_verified"":true,""availability"":{""player_use"":""unavailable"",""opponent_use"":""training_dummy_available"",""basis"":""screenshot_brightness_inference"",""confidence"":""medium"",""as_of"":""2026-09-26"",""requires_confirmation_for_test_setup"":true}}",240
241,Famine,2000000000,2000000000,1,1,1,1,"[""Limited""]","[""undead""]","{""name"":{""file"":""Cards-2.xml"",""xml_path"":""/project[1]/scenes[1]/scene[1]/variables[1]/variable[1]"",""snap_value_id"":""34123"",""variable"":""Cards"",""item_1"":241},""rarity"":{""file"":""Cards-2.xml"",""xml_path"":""/project[1]/scenes[1]/scene[1]/variables[1]/variable[19]"",""snap_value_id"":""34147"",""variable"":""Card Rarities"",""item_1"":241},""weather"":{""file"":""data-10.csv"",""record_1"":1,""column_1"":241},""card_modifier"":{""file"":""data-9.csv"",""record_1"":1,""column_1"":241}}",11,user_verified,"{""card_id"":241,""name"":""Famine"",""pack_id"":11,""pack"":""Limited"",""screenshot"":{""file"":""user_2026-09-27/Screenshot 2026-09-26 at 6.33.14 PM.png"",""image_number"":13,""card_ordinal_excluding_clipped_repeats"":5},""visual_tags"":[""undead"",""hooded""],""visual_inference_status"":""inferred_from_art_and_name"",""gameplay_class_candidates"":[""undead""],""sourced_class_memberships"":[],""gameplay_classes_verified"":true,""availability"":{""player_use"":""unavailable"",""opponent_use"":""training_dummy_available"",""basis"":""screenshot_brightness_inference"",""confidence"":""medium"",""as_of"":""2026-09-26"",""requires_confirmation_for_test_setup"":true}}",241
242,War,3000000000,3000000000,1,1,1,1,"[""Limited""]","[""undead""]","{""name"":{""file"":""Cards-2.xml"",""xml_path"":""/project[1]/scenes[1]/scene[1]/variables[1]/variable[1]"",""snap_value_id"":""34123"",""variable"":""Cards"",""item_1"":242},""rarity"":{""file"":""Cards-2.xml"",""xml_path"":""/project[1]/scenes[1]/scene[1]/variables[1]/variable[19]"",""snap_value_id"":""34147"",""variable"":""Card Rarities"",""item_1"":242},""weather"":{""file"":""data-10.csv"",""record_1"":1,""column_1"":242},""card_modifier"":{""file"":""data-9.csv"",""record_1"":1,""column_1"":242}}",11,user_verified,"{""card_id"":242,""name"":""War"",""pack_id"":11,""pack"":""Limited"",""screenshot"":{""file"":""user_2026-09-27/Screenshot 2026-09-26 at 6.33.14 PM.png"",""image_number"":13,""card_ordinal_excluding_clipped_repeats"":6},""visual_tags"":[""humanoid"",""armored""],""visual_inference_status"":""inferred_from_art_and_name"",""gameplay_class_candidates"":[""undead""],""sourced_class_memberships"":[],""gameplay_classes_verified"":true,""availability"":{""player_use"":""unavailable"",""opponent_use"":""training_dummy_available"",""basis"":""screenshot_brightness_inference"",""confidence"":""medium"",""as_of"":""2026-09-26"",""requires_confirmation_for_test_setup"":true}}",242
243,Community,3000000000,3000000000,1,1,1.2,1.2,"[""Limited""]",[],"{""name"":{""file"":""Cards-2.xml"",""xml_path"":""/project[1]/scenes[1]/scene[1]/variables[1]/variable[1]"",""snap_value_id"":""34123"",""variable"":""Cards"",""item_1"":243},""rarity"":{""file"":""Cards-2.xml"",""xml_path"":""/project[1]/scenes[1]/scene[1]/variables[1]/variable[19]"",""snap_value_id"":""34147"",""variable"":""Card Rarities"",""item_1"":243},""weather"":{""file"":""data-10.csv"",""record_1"":1,""column_1"":243},""card_modifier"":{""file"":""../../card_engine/data_corrections.py"",""evidence"":""DaddyDrago's engine card data, user: more accurate than ours, 2026-10-03""}}",11,user_verified,"{""card_id"":243,""name"":""Community"",""pack_id"":11,""pack"":""Limited"",""screenshot"":{""file"":""user_2026-09-27/Screenshot 2026-09-26 at 6.33.14 PM.png"",""image_number"":13,""card_ordinal_excluding_clipped_repeats"":7},""visual_tags"":[""humanoid"",""group"",""divine""],""visual_inference_status"":""inferred_from_art_and_name"",""gameplay_class_candidates"":[],""sourced_class_memberships"":[],""gameplay_classes_verified"":true,""availability"":{""player_use"":""unavailable"",""opponent_use"":""training_dummy_available"",""basis"":""screenshot_brightness_inference"",""confidence"":""medium"",""as_of"":""2026-09-26"",""requires_confirmation_for_test_setup"":true}}",243
244,Azure Witch,3118418147,3118418147,1,1,1,1,"[""Limited""]",[],"{""name"":{""file"":""Cards-2.xml"",""xml_path"":""/project[1]/scenes[1]/scene[1]/variables[1]/variable[1]"",""snap_value_id"":""34123"",""variable"":""Cards"",""item_1"":244},""rarity"":{""file"":""../../card_engine/data_corrections.py"",""evidence"":""DaddyDrago's engine card data, user: more accurate than ours, 2026-10-03""},""weather"":{""file"":""data-10.csv"",""record_1"":1,""column_1"":244},""card_modifier"":{""file"":""data-9.csv"",""record_1"":1,""column_1"":244}}",11,user_verified,"{""card_id"":244,""name"":""Azure Witch"",""pack_id"":11,""pack"":""Limited"",""screenshot"":{""file"":""user_2026-09-27/Screenshot 2026-09-26 at 6.33.14 PM.png"",""image_number"":13,""card_ordinal_excluding_clipped_repeats"":8},""visual_tags"":[""humanlike"",""mage""],""visual_inference_status"":""inferred_from_art_and_name"",""gameplay_class_candidates"":[],""sourced_class_memberships"":[],""gameplay_classes_verified"":true,""availability"":{""player_use"":""unavailable"",""opponent_use"":""training_dummy_available"",""basis"":""screenshot_brightness_inference"",""confidence"":""medium"",""as_of"":""2026-09-26"",""requires_confirmation_for_test_setup"":true}}",244
245,Death,4000000000,4000000000,1,1,1,1,"[""Limited""]","[""undead""]","{""name"":{""file"":""Cards-2.xml"",""xml_path"":""/project[1]/scenes[1]/scene[1]/variables[1]/variable[1]"",""snap_value_id"":""34123"",""variable"":""Cards"",""item_1"":245},""rarity"":{""file"":""Cards-2.xml"",""xml_path"":""/project[1]/scenes[1]/scene[1]/variables[1]/variable[19]"",""snap_value_id"":""34147"",""variable"":""Card Rarities"",""item_1"":245},""weather"":{""file"":""data-10.csv"",""record_1"":1,""column_1"":245},""card_modifier"":{""file"":""data-9.csv"",""record_1"":1,""column_1"":245}}",11,user_verified,"{""card_id"":245,""name"":""Death"",""pack_id"":11,""pack"":""Limited"",""screenshot"":{""file"":""user_2026-09-27/Screenshot 2026-09-26 at 6.33.14 PM.png"",""image_number"":13,""card_ordinal_excluding_clipped_repeats"":9},""visual_tags"":[""undead"",""hooded""],""visual_inference_status"":""inferred_from_art_and_name"",""gameplay_class_candidates"":[""undead""],""sourced_class_memberships"":[],""gameplay_classes_verified"":true,""availability"":{""player_use"":""unavailable"",""opponent_use"":""training_dummy_available"",""basis"":""screenshot_brightness_inference"",""confidence"":""medium"",""as_of"":""2026-09-26"",""requires_confirmation_for_test_setup"":true}}",245
246,Memories,6000000000,6000000000,1,1,1.2,1.2,"[""Limited""]",[],"{""name"":{""file"":""Cards-2.xml"",""xml_path"":""/project[1]/scenes[1]/scene[1]/variables[1]/variable[1]"",""snap_value_id"":""34123"",""variable"":""Cards"",""item_1"":246},""rarity"":{""file"":""Cards-2.xml"",""xml_path"":""/project[1]/scenes[1]/scene[1]/variables[1]/variable[19]"",""snap_value_id"":""34147"",""variable"":""Card Rarities"",""item_1"":246},""weather"":{""file"":""data-10.csv"",""record_1"":1,""column_1"":246},""card_modifier"":{""file"":""../../card_engine/data_corrections.py"",""evidence"":""DaddyDrago's engine card data, user: more accurate than ours, 2026-10-03""}}",11,user_verified,"{""card_id"":246,""name"":""Memories"",""pack_id"":11,""pack"":""Limited"",""screenshot"":{""file"":""user_2026-09-27/Screenshot 2026-09-26 at 6.33.14 PM.png"",""image_number"":13,""card_ordinal_excluding_clipped_repeats"":10},""visual_tags"":[""avian"",""group""],""visual_inference_status"":""inferred_from_art_and_name"",""gameplay_class_candidates"":[],""sourced_class_memberships"":[],""gameplay_classes_verified"":true,""availability"":{""player_use"":""unavailable"",""opponent_use"":""training_dummy_available"",""basis"":""screenshot_brightness_inference"",""confidence"":""medium"",""as_of"":""2026-09-26"",""requires_confirmation_for_test_setup"":true}}",246
247,Legends,10000000000,10000000000,1,1,1.2,1.2,"[""Limited""]",[],"{""name"":{""file"":""Cards-2.xml"",""xml_path"":""/project[1]/scenes[1]/scene[1]/variables[1]/variable[1]"",""snap_value_id"":""34123"",""variable"":""Cards"",""item_1"":247},""rarity"":{""file"":""Cards-2.xml"",""xml_path"":""/project[1]/scenes[1]/scene[1]/variables[1]/variable[19]"",""snap_value_id"":""34147"",""variable"":""Card Rarities"",""item_1"":247},""weather"":{""file"":""data-10.csv"",""record_1"":1,""column_1"":247},""card_modifier"":{""file"":""../../card_engine/data_corrections.py"",""evidence"":""user stat/weather corrections and all-Bosses clarification, 2026-09-28""}}",11,user_verified,"{""card_id"":247,""name"":""Legends"",""pack_id"":11,""pack"":""Limited"",""screenshot"":{""file"":""user_2026-09-27/Screenshot 2026-09-26 at 6.33.14 PM.png"",""image_number"":13,""card_ordinal_excluding_clipped_repeats"":11},""visual_tags"":[""humanoid"",""armored""],""visual_inference_status"":""inferred_from_art_and_name"",""gameplay_class_candidates"":[],""sourced_class_memberships"":[],""gameplay_classes_verified"":true,""availability"":{""player_use"":""unavailable"",""opponent_use"":""training_dummy_available"",""basis"":""screenshot_brightness_inference"",""confidence"":""medium"",""as_of"":""2026-09-26"",""requires_confirmation_for_test_setup"":true}}",247
248,Sarimanok,20000000000,20000000000,1,1,1.5,1.5,"[""Limited""]","[""avian""]","{""name"":{""file"":""Cards-2.xml"",""xml_path"":""/project[1]/scenes[1]/scene[1]/variables[1]/variable[1]"",""snap_value_id"":""34123"",""variable"":""Cards"",""item_1"":248},""rarity"":{""file"":""Cards-2.xml"",""xml_path"":""/project[1]/scenes[1]/scene[1]/variables[1]/variable[19]"",""snap_value_id"":""34147"",""variable"":""Card Rarities"",""item_1"":248},""weather"":{""file"":""data-10.csv"",""record_1"":1,""column_1"":248},""card_modifier"":{""file"":""../../card_engine/data_corrections.py"",""evidence"":""DaddyDrago's engine card data, user: more accurate than ours, 2026-10-03""}}",11,user_verified,"{""card_id"":248,""name"":""Sarimanok"",""pack_id"":11,""pack"":""Limited"",""screenshot"":{""file"":""user_2026-09-27/Screenshot 2026-09-26 at 6.33.14 PM.png"",""image_number"":13,""card_ordinal_excluding_clipped_repeats"":12},""visual_tags"":[""avian""],""visual_inference_status"":""inferred_from_art_and_name"",""gameplay_class_candidates"":[""avian""],""sourced_class_memberships"":[],""gameplay_classes_verified"":true,""availability"":{""player_use"":""unavailable"",""opponent_use"":""training_dummy_available"",""basis"":""screenshot_brightness_inference"",""confidence"":""medium"",""as_of"":""2026-09-26"",""requires_confirmation_for_test_setup"":true}}",248
249,Bakunawa,20000000000,20000000000,1,1,1.5,1.5,"[""Limited""]","[""dragon""]","{""name"":{""file"":""Cards-2.xml"",""xml_path"":""/project[1]/scenes[1]/scene[1]/variables[1]/variable[1]"",""snap_value_id"":""34123"",""variable"":""Cards"",""item_1"":249},""rarity"":{""file"":""Cards-2.xml"",""xml_path"":""/project[1]/scenes[1]/scene[1]/variables[1]/variable[19]"",""snap_value_id"":""34147"",""variable"":""Card Rarities"",""item_1"":249},""weather"":{""file"":""data-10.csv"",""record_1"":1,""column_1"":249},""card_modifier"":{""file"":""../../card_engine/data_corrections.py"",""evidence"":""DaddyDrago's engine card data, user: more accurate than ours, 2026-10-03""}}",11,user_verified,"{""card_id"":249,""name"":""Bakunawa"",""pack_id"":11,""pack"":""Limited"",""screenshot"":{""file"":""user_2026-09-27/Screenshot 2026-09-26 at 6.33.14 PM.png"",""image_number"":13,""card_ordinal_excluding_clipped_repeats"":13},""visual_tags"":[""dragon"",""aquatic""],""visual_inference_status"":""inferred_from_art_and_name"",""gameplay_class_candidates"":[""dragon""],""sourced_class_memberships"":[],""gameplay_classes_verified"":true,""availability"":{""player_use"":""unavailable"",""opponent_use"":""training_dummy_available"",""basis"":""screenshot_brightness_inference"",""confidence"":""medium"",""as_of"":""2026-09-26"",""requires_confirmation_for_test_setup"":true}}",249
250,Time Lord Stryx,100000000000,100000000000,1,1,1.5,1.5,"[""Limited""]",[],"{""name"":{""file"":""Cards-2.xml"",""xml_path"":""/project[1]/scenes[1]/scene[1]/variables[1]/variable[1]"",""snap_value_id"":""34123"",""variable"":""Cards"",""item_1"":250},""rarity"":{""file"":""Cards-2.xml"",""xml_path"":""/project[1]/scenes[1]/scene[1]/variables[1]/variable[19]"",""snap_value_id"":""34147"",""variable"":""Card Rarities"",""item_1"":250},""weather"":{""file"":""data-10.csv"",""record_1"":1,""column_1"":250},""card_modifier"":{""file"":""../../card_engine/data_corrections.py"",""evidence"":""user stat/weather corrections and all-Bosses clarification, 2026-09-28""}}",11,user_verified,"{""card_id"":250,""name"":""Time Lord Stryx"",""pack_id"":11,""pack"":""Limited"",""screenshot"":{""file"":""user_2026-09-27/Screenshot 2026-09-26 at 6.33.14 PM.png"",""image_number"":13,""card_ordinal_excluding_clipped_repeats"":14},""visual_tags"":[""humanlike"",""divine""],""visual_inference_status"":""inferred_from_art_and_name"",""gameplay_class_candidates"":[],""sourced_class_memberships"":[],""gameplay_classes_verified"":true,""availability"":{""player_use"":""unavailable"",""opponent_use"":""training_dummy_available"",""basis"":""screenshot_brightness_inference"",""confidence"":""medium"",""as_of"":""2026-09-26"",""requires_confirmation_for_test_setup"":true}}",250
251,Frosty The Snowman,500,500,1,1,1,1,"[""Christmas""]",[],"{""name"":{""file"":""Cards-2.xml"",""xml_path"":""/project[1]/scenes[1]/scene[1]/variables[1]/variable[1]"",""snap_value_id"":""34123"",""variable"":""Cards"",""item_1"":251},""rarity"":{""file"":""Cards-2.xml"",""xml_path"":""/project[1]/scenes[1]/scene[1]/variables[1]/variable[19]"",""snap_value_id"":""34147"",""variable"":""Card Rarities"",""item_1"":251},""weather"":{""file"":""data-10.csv"",""record_1"":1,""column_1"":251},""card_modifier"":{""file"":""data-9.csv"",""record_1"":1,""column_1"":251}}",12,user_verified,"{""card_id"":251,""name"":""Frosty The Snowman"",""pack_id"":12,""pack"":""Christmas"",""screenshot"":{""file"":""user_2026-09-27/Screenshot 2026-09-26 at 6.33.14 PM.png"",""image_number"":13,""card_ordinal_excluding_clipped_repeats"":15},""visual_tags"":[""construct"",""snowman""],""visual_inference_status"":""inferred_from_art_and_name"",""gameplay_class_candidates"":[],""sourced_class_memberships"":[],""gameplay_classes_verified"":true,""availability"":{""player_use"":""unavailable"",""opponent_use"":""training_dummy_available"",""basis"":""screenshot_brightness_inference"",""confidence"":""medium"",""as_of"":""2026-09-26"",""requires_confirmation_for_test_setup"":true}}",251
252,Old Man Winter,10000,10000,3,3,0.6666666666666666,0.6666666666666666,"[""Christmas""]","[""rng""]","{""name"":{""file"":""Cards-2.xml"",""xml_path"":""/project[1]/scenes[1]/scene[1]/variables[1]/variable[1]"",""snap_value_id"":""34123"",""variable"":""Cards"",""item_1"":252},""rarity"":{""file"":""Cards-2.xml"",""xml_path"":""/project[1]/scenes[1]/scene[1]/variables[1]/variable[19]"",""snap_value_id"":""34147"",""variable"":""Card Rarities"",""item_1"":252},""weather"":{""file"":""data-10.csv"",""record_1"":1,""column_1"":252},""card_modifier"":{""file"":""../../card_engine/data_corrections.py"",""evidence"":""DaddyDrago's engine card data, user: more accurate than ours, 2026-10-03""}}",12,user_verified,"{""card_id"":252,""name"":""Old Man Winter"",""pack_id"":12,""pack"":""Christmas"",""screenshot"":{""file"":""user_2026-09-27/Screenshot 2026-09-26 at 6.33.14 PM.png"",""image_number"":13,""card_ordinal_excluding_clipped_repeats"":16},""visual_tags"":[""animal"",""mammal"",""ice""],""visual_inference_status"":""inferred_from_art_and_name"",""gameplay_class_candidates"":[""rng""],""sourced_class_memberships"":[],""gameplay_classes_verified"":true,""availability"":{""player_use"":""unavailable"",""opponent_use"":""training_dummy_available"",""basis"":""screenshot_brightness_inference"",""confidence"":""medium"",""as_of"":""2026-09-26"",""requires_confirmation_for_test_setup"":true}}",252
253,Rudolph,35000,35000,1,1,1,1,"[""Christmas""]",[],"{""name"":{""file"":""Cards-2.xml"",""xml_path"":""/project[1]/scenes[1]/scene[1]/variables[1]/variable[1]"",""snap_value_id"":""34123"",""variable"":""Cards"",""item_1"":253},""rarity"":{""file"":""Cards-2.xml"",""xml_path"":""/project[1]/scenes[1]/scene[1]/variables[1]/variable[19]"",""snap_value_id"":""34147"",""variable"":""Card Rarities"",""item_1"":253},""weather"":{""file"":""data-10.csv"",""record_1"":1,""column_1"":253},""card_modifier"":{""file"":""data-9.csv"",""record_1"":1,""column_1"":253}}",12,user_verified,"{""card_id"":253,""name"":""Rudolph"",""pack_id"":12,""pack"":""Christmas"",""screenshot"":{""file"":""user_2026-09-27/Screenshot 2026-09-26 at 6.33.14 PM.png"",""image_number"":13,""card_ordinal_excluding_clipped_repeats"":17},""visual_tags"":[""animal"",""deer""],""visual_inference_status"":""inferred_from_art_and_name"",""gameplay_class_candidates"":[],""sourced_class_memberships"":[],""gameplay_classes_verified"":true,""availability"":{""player_use"":""unavailable"",""opponent_use"":""training_dummy_available"",""basis"":""screenshot_brightness_inference"",""confidence"":""medium"",""as_of"":""2026-09-26"",""requires_confirmation_for_test_setup"":true}}",253
254,Gingerbread Man,70000,70000,1,1,1,1,"[""Christmas""]","[""toy""]","{""name"":{""file"":""Cards-2.xml"",""xml_path"":""/project[1]/scenes[1]/scene[1]/variables[1]/variable[1]"",""snap_value_id"":""34123"",""variable"":""Cards"",""item_1"":254},""rarity"":{""file"":""Cards-2.xml"",""xml_path"":""/project[1]/scenes[1]/scene[1]/variables[1]/variable[19]"",""snap_value_id"":""34147"",""variable"":""Card Rarities"",""item_1"":254},""weather"":{""file"":""data-10.csv"",""record_1"":1,""column_1"":254},""card_modifier"":{""file"":""data-9.csv"",""record_1"":1,""column_1"":254}}",12,user_verified,"{""card_id"":254,""name"":""Gingerbread Man"",""pack_id"":12,""pack"":""Christmas"",""screenshot"":{""file"":""user_2026-09-27/Screenshot 2026-09-26 at 6.33.14 PM.png"",""image_number"":13,""card_ordinal_excluding_clipped_repeats"":18},""visual_tags"":[""construct"",""toy""],""visual_inference_status"":""inferred_from_art_and_name"",""gameplay_class_candidates"":[""toy""],""sourced_class_memberships"":[],""gameplay_classes_verified"":true,""availability"":{""player_use"":""unavailable"",""opponent_use"":""training_dummy_available"",""basis"":""screenshot_brightness_inference"",""confidence"":""medium"",""as_of"":""2026-09-26"",""requires_confirmation_for_test_setup"":true}}",254
255,Dionysus,1000000,1000000,6,6,0.6666666666666666,0.6666666666666666,"[""Christmas""]",[],"{""name"":{""file"":""Cards-2.xml"",""xml_path"":""/project[1]/scenes[1]/scene[1]/variables[1]/variable[1]"",""snap_value_id"":""34123"",""variable"":""Cards"",""item_1"":255},""rarity"":{""file"":""Cards-2.xml"",""xml_path"":""/project[1]/scenes[1]/scene[1]/variables[1]/variable[19]"",""snap_value_id"":""34147"",""variable"":""Card Rarities"",""item_1"":255},""weather"":{""file"":""data-10.csv"",""record_1"":1,""column_1"":255},""card_modifier"":{""file"":""../../card_engine/data_corrections.py"",""evidence"":""DaddyDrago's engine card data, user: more accurate than ours, 2026-10-03""}}",12,user_verified,"{""card_id"":255,""name"":""Dionysus"",""pack_id"":12,""pack"":""Christmas"",""screenshot"":{""file"":""user_2026-09-27/Screenshot 2026-09-26 at 6.33.14 PM.png"",""image_number"":13,""card_ordinal_excluding_clipped_repeats"":19},""visual_tags"":[""humanlike"",""divine""],""visual_inference_status"":""inferred_from_art_and_name"",""gameplay_class_candidates"":[],""sourced_class_memberships"":[],""gameplay_classes_verified"":true,""availability"":{""player_use"":""unavailable"",""opponent_use"":""training_dummy_available"",""basis"":""screenshot_brightness_inference"",""confidence"":""medium"",""as_of"":""2026-09-26"",""requires_confirmation_for_test_setup"":true}}",255
256,The Grinch,1000000,1000000,9,9,1,1,"[""Christmas""]",[],"{""name"":{""file"":""Cards-2.xml"",""xml_path"":""/project[1]/scenes[1]/scene[1]/variables[1]/variable[1]"",""snap_value_id"":""34123"",""variable"":""Cards"",""item_1"":256},""rarity"":{""file"":""Cards-2.xml"",""xml_path"":""/project[1]/scenes[1]/scene[1]/variables[1]/variable[19]"",""snap_value_id"":""34147"",""variable"":""Card Rarities"",""item_1"":256},""weather"":{""file"":""data-10.csv"",""record_1"":1,""column_1"":256},""card_modifier"":{""file"":""data-9.csv"",""record_1"":1,""column_1"":256}}",12,user_verified,"{""card_id"":256,""name"":""The Grinch"",""pack_id"":12,""pack"":""Christmas"",""screenshot"":{""file"":""user_2026-09-27/Screenshot 2026-09-26 at 6.33.14 PM.png"",""image_number"":13,""card_ordinal_excluding_clipped_repeats"":20},""visual_tags"":[""humanoid""],""visual_inference_status"":""inferred_from_art_and_name"",""gameplay_class_candidates"":[],""sourced_class_memberships"":[],""gameplay_classes_verified"":true,""availability"":{""player_use"":""unavailable"",""opponent_use"":""training_dummy_available"",""basis"":""screenshot_brightness_inference"",""confidence"":""medium"",""as_of"":""2026-09-26"",""requires_confirmation_for_test_setup"":true}}",256
257,Krampus,2000000,2000000,11,11,1,1,"[""Christmas""]","[""demon""]","{""name"":{""file"":""Cards-2.xml"",""xml_path"":""/project[1]/scenes[1]/scene[1]/variables[1]/variable[1]"",""snap_value_id"":""34123"",""variable"":""Cards"",""item_1"":257},""rarity"":{""file"":""Cards-2.xml"",""xml_path"":""/project[1]/scenes[1]/scene[1]/variables[1]/variable[19]"",""snap_value_id"":""34147"",""variable"":""Card Rarities"",""item_1"":257},""weather"":{""file"":""data-10.csv"",""record_1"":1,""column_1"":257},""card_modifier"":{""file"":""data-9.csv"",""record_1"":1,""column_1"":257}}",12,user_verified,"{""card_id"":257,""name"":""Krampus"",""pack_id"":12,""pack"":""Christmas"",""screenshot"":{""file"":""user_2026-09-27/Screenshot 2026-09-26 at 6.33.22 PM.png"",""image_number"":14,""card_ordinal_excluding_clipped_repeats"":1},""visual_tags"":[""demon"",""horned""],""visual_inference_status"":""inferred_from_art_and_name"",""gameplay_class_candidates"":[""demon""],""sourced_class_memberships"":[],""gameplay_classes_verified"":true,""availability"":{""player_use"":""unavailable"",""opponent_use"":""training_dummy_available"",""basis"":""screenshot_brightness_inference"",""confidence"":""medium"",""as_of"":""2026-09-26"",""requires_confirmation_for_test_setup"":true}}",257
258,Wandering Snowman,5000000,5000000,3,3,0.6666666666666666,0.6666666666666666,"[""Christmas""]",[],"{""name"":{""file"":""Cards-2.xml"",""xml_path"":""/project[1]/scenes[1]/scene[1]/variables[1]/variable[1]"",""snap_value_id"":""34123"",""variable"":""Cards"",""item_1"":258},""rarity"":{""file"":""Cards-2.xml"",""xml_path"":""/project[1]/scenes[1]/scene[1]/variables[1]/variable[19]"",""snap_value_id"":""34147"",""variable"":""Card Rarities"",""item_1"":258},""weather"":{""file"":""data-10.csv"",""record_1"":1,""column_1"":258},""card_modifier"":{""file"":""../../card_engine/data_corrections.py"",""evidence"":""DaddyDrago's engine card data, user: more accurate than ours, 2026-10-03""}}",12,user_verified,"{""card_id"":258,""name"":""Wandering Snowman"",""pack_id"":12,""pack"":""Christmas"",""screenshot"":{""file"":""user_2026-09-27/Screenshot 2026-09-26 at 6.33.22 PM.png"",""image_number"":14,""card_ordinal_excluding_clipped_repeats"":2},""visual_tags"":[""construct"",""snowman""],""visual_inference_status"":""inferred_from_art_and_name"",""gameplay_class_candidates"":[],""sourced_class_memberships"":[],""gameplay_classes_verified"":true,""availability"":{""player_use"":""unavailable"",""opponent_use"":""training_dummy_available"",""basis"":""screenshot_brightness_inference"",""confidence"":""medium"",""as_of"":""2026-09-26"",""requires_confirmation_for_test_setup"":true}}",258
259,Mrs. Claus,150000000,150000000,1,1,1,1,"[""Christmas""]",[],"{""name"":{""file"":""Cards-2.xml"",""xml_path"":""/project[1]/scenes[1]/scene[1]/variables[1]/variable[1]"",""snap_value_id"":""34123"",""variable"":""Cards"",""item_1"":259},""rarity"":{""file"":""Cards-2.xml"",""xml_path"":""/project[1]/scenes[1]/scene[1]/variables[1]/variable[19]"",""snap_value_id"":""34147"",""variable"":""Card Rarities"",""item_1"":259},""weather"":{""file"":""data-10.csv"",""record_1"":1,""column_1"":259},""card_modifier"":{""file"":""data-9.csv"",""record_1"":1,""column_1"":259}}",12,user_verified,"{""card_id"":259,""name"":""Mrs. Claus"",""pack_id"":12,""pack"":""Christmas"",""screenshot"":{""file"":""user_2026-09-27/Screenshot 2026-09-26 at 6.33.22 PM.png"",""image_number"":14,""card_ordinal_excluding_clipped_repeats"":3},""visual_tags"":[""humanlike""],""visual_inference_status"":""inferred_from_art_and_name"",""gameplay_class_candidates"":[],""sourced_class_memberships"":[],""gameplay_classes_verified"":true,""availability"":{""player_use"":""unavailable"",""opponent_use"":""training_dummy_available"",""basis"":""screenshot_brightness_inference"",""confidence"":""medium"",""as_of"":""2026-09-26"",""requires_confirmation_for_test_setup"":true}}",259
260,Santa Claus,400000000,400000000,5,5,1,1,"[""Christmas""]","[""rng""]","{""name"":{""file"":""Cards-2.xml"",""xml_path"":""/project[1]/scenes[1]/scene[1]/variables[1]/variable[1]"",""snap_value_id"":""34123"",""variable"":""Cards"",""item_1"":260},""rarity"":{""file"":""Cards-2.xml"",""xml_path"":""/project[1]/scenes[1]/scene[1]/variables[1]/variable[19]"",""snap_value_id"":""34147"",""variable"":""Card Rarities"",""item_1"":260},""weather"":{""file"":""data-10.csv"",""record_1"":1,""column_1"":260},""card_modifier"":{""file"":""data-9.csv"",""record_1"":1,""column_1"":260}}",12,user_verified,"{""card_id"":260,""name"":""Santa Claus"",""pack_id"":12,""pack"":""Christmas"",""screenshot"":{""file"":""user_2026-09-27/Screenshot 2026-09-26 at 6.33.22 PM.png"",""image_number"":14,""card_ordinal_excluding_clipped_repeats"":4},""visual_tags"":[""humanlike""],""visual_inference_status"":""inferred_from_art_and_name"",""gameplay_class_candidates"":[""rng""],""sourced_class_memberships"":[],""gameplay_classes_verified"":true,""availability"":{""player_use"":""unavailable"",""opponent_use"":""training_dummy_available"",""basis"":""screenshot_brightness_inference"",""confidence"":""medium"",""as_of"":""2026-09-26"",""requires_confirmation_for_test_setup"":true}}",260
261,Toy Bear,400000000,400000000,3,3,0.6666666666666666,0.6666666666666666,"[""Christmas""]","[""toy""]","{""name"":{""file"":""Cards-2.xml"",""xml_path"":""/project[1]/scenes[1]/scene[1]/variables[1]/variable[1]"",""snap_value_id"":""34123"",""variable"":""Cards"",""item_1"":261},""rarity"":{""file"":""Cards-2.xml"",""xml_path"":""/project[1]/scenes[1]/scene[1]/variables[1]/variable[19]"",""snap_value_id"":""34147"",""variable"":""Card Rarities"",""item_1"":261},""weather"":{""file"":""data-10.csv"",""record_1"":1,""column_1"":261},""card_modifier"":{""file"":""../../card_engine/data_corrections.py"",""evidence"":""user stat/weather corrections and all-Bosses clarification, 2026-09-28""}}",12,user_verified,"{""card_id"":261,""name"":""Toy Bear"",""pack_id"":12,""pack"":""Christmas"",""screenshot"":{""file"":""user_2026-09-27/Screenshot 2026-09-26 at 6.33.22 PM.png"",""image_number"":14,""card_ordinal_excluding_clipped_repeats"":5},""visual_tags"":[""construct"",""toy"",""animal""],""visual_inference_status"":""inferred_from_art_and_name"",""gameplay_class_candidates"":[""toy""],""sourced_class_memberships"":[],""gameplay_classes_verified"":true,""availability"":{""player_use"":""unavailable"",""opponent_use"":""training_dummy_available"",""basis"":""screenshot_brightness_inference"",""confidence"":""medium"",""as_of"":""2026-09-26"",""requires_confirmation_for_test_setup"":true}}",261
262,Toy Car,400000000,400000000,1,1,1,1,"[""Christmas""]","[""toy""]","{""name"":{""file"":""Cards-2.xml"",""xml_path"":""/project[1]/scenes[1]/scene[1]/variables[1]/variable[1]"",""snap_value_id"":""34123"",""variable"":""Cards"",""item_1"":262},""rarity"":{""file"":""Cards-2.xml"",""xml_path"":""/project[1]/scenes[1]/scene[1]/variables[1]/variable[19]"",""snap_value_id"":""34147"",""variable"":""Card Rarities"",""item_1"":262},""weather"":{""file"":""data-10.csv"",""record_1"":1,""column_1"":262},""card_modifier"":{""file"":""data-9.csv"",""record_1"":1,""column_1"":262}}",12,user_verified,"{""card_id"":262,""name"":""Toy Car"",""pack_id"":12,""pack"":""Christmas"",""screenshot"":{""file"":""user_2026-09-27/Screenshot 2026-09-26 at 6.33.22 PM.png"",""image_number"":14,""card_ordinal_excluding_clipped_repeats"":6},""visual_tags"":[""construct"",""toy"",""object""],""visual_inference_status"":""inferred_from_art_and_name"",""gameplay_class_candidates"":[""toy""],""sourced_class_memberships"":[],""gameplay_classes_verified"":true,""availability"":{""player_use"":""unavailable"",""opponent_use"":""training_dummy_available"",""basis"":""screenshot_brightness_inference"",""confidence"":""medium"",""as_of"":""2026-09-26"",""requires_confirmation_for_test_setup"":true}}",262
263,The Jack-in-the-Box,400000000,400000000,1,1,1,1,"[""Christmas""]","[""toy""]","{""name"":{""file"":""Cards-2.xml"",""xml_path"":""/project[1]/scenes[1]/scene[1]/variables[1]/variable[1]"",""snap_value_id"":""34123"",""variable"":""Cards"",""item_1"":263},""rarity"":{""file"":""Cards-2.xml"",""xml_path"":""/project[1]/scenes[1]/scene[1]/variables[1]/variable[19]"",""snap_value_id"":""34147"",""variable"":""Card Rarities"",""item_1"":263},""weather"":{""file"":""data-10.csv"",""record_1"":1,""column_1"":263},""card_modifier"":{""file"":""data-9.csv"",""record_1"":1,""column_1"":263}}",12,user_verified,"{""card_id"":263,""name"":""The Jack-in-the-Box"",""pack_id"":12,""pack"":""Christmas"",""screenshot"":{""file"":""user_2026-09-27/Screenshot 2026-09-26 at 6.33.22 PM.png"",""image_number"":14,""card_ordinal_excluding_clipped_repeats"":7},""visual_tags"":[""construct"",""toy""],""visual_inference_status"":""inferred_from_art_and_name"",""gameplay_class_candidates"":[""toy""],""sourced_class_memberships"":[],""gameplay_classes_verified"":true,""availability"":{""player_use"":""unavailable"",""opponent_use"":""training_dummy_available"",""basis"":""screenshot_brightness_inference"",""confidence"":""medium"",""as_of"":""2026-09-26"",""requires_confirmation_for_test_setup"":true}}",263
264,Toy Nutcracker,400000000,400000000,1,1,1,1,"[""Christmas""]","[""toy""]","{""name"":{""file"":""Cards-2.xml"",""xml_path"":""/project[1]/scenes[1]/scene[1]/variables[1]/variable[1]"",""snap_value_id"":""34123"",""variable"":""Cards"",""item_1"":264},""rarity"":{""file"":""Cards-2.xml"",""xml_path"":""/project[1]/scenes[1]/scene[1]/variables[1]/variable[19]"",""snap_value_id"":""34147"",""variable"":""Card Rarities"",""item_1"":264},""weather"":{""file"":""data-10.csv"",""record_1"":1,""column_1"":264},""card_modifier"":{""file"":""data-9.csv"",""record_1"":1,""column_1"":264}}",12,user_verified,"{""card_id"":264,""name"":""Toy Nutcracker"",""pack_id"":12,""pack"":""Christmas"",""screenshot"":{""file"":""user_2026-09-27/Screenshot 2026-09-26 at 6.33.22 PM.png"",""image_number"":14,""card_ordinal_excluding_clipped_repeats"":8},""visual_tags"":[""construct"",""toy"",""humanoid""],""visual_inference_status"":""inferred_from_art_and_name"",""gameplay_class_candidates"":[""toy""],""sourced_class_memberships"":[],""gameplay_classes_verified"":true,""availability"":{""player_use"":""unavailable"",""opponent_use"":""training_dummy_available"",""basis"":""screenshot_brightness_inference"",""confidence"":""medium"",""as_of"":""2026-09-26"",""requires_confirmation_for_test_setup"":true}}",264
265,Santa Claws,500000000,500000000,3,3,0.6666666666666666,0.6666666666666666,"[""Christmas""]",[],"{""name"":{""file"":""Cards-2.xml"",""xml_path"":""/project[1]/scenes[1]/scene[1]/variables[1]/variable[1]"",""snap_value_id"":""34123"",""variable"":""Cards"",""item_1"":265},""rarity"":{""file"":""Cards-2.xml"",""xml_path"":""/project[1]/scenes[1]/scene[1]/variables[1]/variable[19]"",""snap_value_id"":""34147"",""variable"":""Card Rarities"",""item_1"":265},""weather"":{""file"":""data-10.csv"",""record_1"":1,""column_1"":265},""card_modifier"":{""file"":""../../card_engine/data_corrections.py"",""evidence"":""DaddyDrago's engine card data, user: more accurate than ours, 2026-10-03""}}",12,user_verified,"{""card_id"":265,""name"":""Santa Claws"",""pack_id"":12,""pack"":""Christmas"",""screenshot"":{""file"":""user_2026-09-27/Screenshot 2026-09-26 at 6.33.22 PM.png"",""image_number"":14,""card_ordinal_excluding_clipped_repeats"":9},""visual_tags"":[""humanoid""],""visual_inference_status"":""inferred_from_art_and_name"",""gameplay_class_candidates"":[],""sourced_class_memberships"":[],""gameplay_classes_verified"":true,""availability"":{""player_use"":""unavailable"",""opponent_use"":""training_dummy_available"",""basis"":""screenshot_brightness_inference"",""confidence"":""medium"",""as_of"":""2026-09-26"",""requires_confirmation_for_test_setup"":true}}",265
266,Zombie,500,500,1,1,1,1,"[""Halloween""]","[""undead""]","{""name"":{""file"":""Cards-2.xml"",""xml_path"":""/project[1]/scenes[1]/scene[1]/variables[1]/variable[1]"",""snap_value_id"":""34123"",""variable"":""Cards"",""item_1"":266},""rarity"":{""file"":""Cards-2.xml"",""xml_path"":""/project[1]/scenes[1]/scene[1]/variables[1]/variable[19]"",""snap_value_id"":""34147"",""variable"":""Card Rarities"",""item_1"":266},""weather"":{""file"":""data-10.csv"",""record_1"":1,""column_1"":266},""card_modifier"":{""file"":""data-9.csv"",""record_1"":1,""column_1"":266}}",13,user_verified,"{""card_id"":266,""name"":""Zombie"",""pack_id"":13,""pack"":""Halloween"",""screenshot"":{""file"":""user_2026-09-27/Screenshot 2026-09-26 at 6.33.22 PM.png"",""image_number"":14,""card_ordinal_excluding_clipped_repeats"":10},""visual_tags"":[""undead"",""humanoid""],""visual_inference_status"":""inferred_from_art_and_name"",""gameplay_class_candidates"":[""undead""],""sourced_class_memberships"":[],""gameplay_classes_verified"":true,""availability"":{""player_use"":""unavailable"",""opponent_use"":""training_dummy_available"",""basis"":""screenshot_brightness_inference"",""confidence"":""medium"",""as_of"":""2026-09-26"",""requires_confirmation_for_test_setup"":true}}",266
267,Banshee,7500,7500,1,1,1,1,"[""Halloween""]","[""undead""]","{""name"":{""file"":""Cards-2.xml"",""xml_path"":""/project[1]/scenes[1]/scene[1]/variables[1]/variable[1]"",""snap_value_id"":""34123"",""variable"":""Cards"",""item_1"":267},""rarity"":{""file"":""Cards-2.xml"",""xml_path"":""/project[1]/scenes[1]/scene[1]/variables[1]/variable[19]"",""snap_value_id"":""34147"",""variable"":""Card Rarities"",""item_1"":267},""weather"":{""file"":""data-10.csv"",""record_1"":1,""column_1"":267},""card_modifier"":{""file"":""data-9.csv"",""record_1"":1,""column_1"":267}}",13,user_verified,"{""card_id"":267,""name"":""Banshee"",""pack_id"":13,""pack"":""Halloween"",""screenshot"":{""file"":""user_2026-09-27/Screenshot 2026-09-26 at 6.33.22 PM.png"",""image_number"":14,""card_ordinal_excluding_clipped_repeats"":11},""visual_tags"":[""spirit"",""undead""],""visual_inference_status"":""inferred_from_art_and_name"",""gameplay_class_candidates"":[""undead""],""sourced_class_memberships"":[],""gameplay_classes_verified"":true,""availability"":{""player_use"":""unavailable"",""opponent_use"":""training_dummy_available"",""basis"":""screenshot_brightness_inference"",""confidence"":""medium"",""as_of"":""2026-09-26"",""requires_confirmation_for_test_setup"":true}}",267
268,Witch,35000,35000,1,1,1,1,"[""Halloween""]","[""rng""]","{""name"":{""file"":""Cards-2.xml"",""xml_path"":""/project[1]/scenes[1]/scene[1]/variables[1]/variable[1]"",""snap_value_id"":""34123"",""variable"":""Cards"",""item_1"":268},""rarity"":{""file"":""Cards-2.xml"",""xml_path"":""/project[1]/scenes[1]/scene[1]/variables[1]/variable[19]"",""snap_value_id"":""34147"",""variable"":""Card Rarities"",""item_1"":268},""weather"":{""file"":""data-10.csv"",""record_1"":1,""column_1"":268},""card_modifier"":{""file"":""data-9.csv"",""record_1"":1,""column_1"":268}}",13,user_verified,"{""card_id"":268,""name"":""Witch"",""pack_id"":13,""pack"":""Halloween"",""screenshot"":{""file"":""user_2026-09-27/Screenshot 2026-09-26 at 6.33.22 PM.png"",""image_number"":14,""card_ordinal_excluding_clipped_repeats"":12},""visual_tags"":[""humanlike"",""mage""],""visual_inference_status"":""inferred_from_art_and_name"",""gameplay_class_candidates"":[""rng""],""sourced_class_memberships"":[],""gameplay_classes_verified"":true,""availability"":{""player_use"":""unavailable"",""opponent_use"":""training_dummy_available"",""basis"":""screenshot_brightness_inference"",""confidence"":""medium"",""as_of"":""2026-09-26"",""requires_confirmation_for_test_setup"":true}}",268
269,Scarecrow,100000,100000,1,1,1,1,"[""Halloween""]",[],"{""name"":{""file"":""Cards-2.xml"",""xml_path"":""/project[1]/scenes[1]/scene[1]/variables[1]/variable[1]"",""snap_value_id"":""34123"",""variable"":""Cards"",""item_1"":269},""rarity"":{""file"":""Cards-2.xml"",""xml_path"":""/project[1]/scenes[1]/scene[1]/variables[1]/variable[19]"",""snap_value_id"":""34147"",""variable"":""Card Rarities"",""item_1"":269},""weather"":{""file"":""data-10.csv"",""record_1"":1,""column_1"":269},""card_modifier"":{""file"":""data-9.csv"",""record_1"":1,""column_1"":269}}",13,user_verified,"{""card_id"":269,""name"":""Scarecrow"",""pack_id"":13,""pack"":""Halloween"",""screenshot"":{""file"":""user_2026-09-27/Screenshot 2026-09-26 at 6.33.22 PM.png"",""image_number"":14,""card_ordinal_excluding_clipped_repeats"":13},""visual_tags"":[""construct"",""plant""],""visual_inference_status"":""inferred_from_art_and_name"",""gameplay_class_candidates"":[],""sourced_class_memberships"":[],""gameplay_classes_verified"":true,""availability"":{""player_use"":""unavailable"",""opponent_use"":""training_dummy_available"",""basis"":""screenshot_brightness_inference"",""confidence"":""medium"",""as_of"":""2026-09-26"",""requires_confirmation_for_test_setup"":true}}",269
270,Bloody Mary,150000,150000,11,11,1,1,"[""Halloween""]","[""rng"",""undead""]","{""name"":{""file"":""Cards-2.xml"",""xml_path"":""/project[1]/scenes[1]/scene[1]/variables[1]/variable[1]"",""snap_value_id"":""34123"",""variable"":""Cards"",""item_1"":270},""rarity"":{""file"":""Cards-2.xml"",""xml_path"":""/project[1]/scenes[1]/scene[1]/variables[1]/variable[19]"",""snap_value_id"":""34147"",""variable"":""Card Rarities"",""item_1"":270},""weather"":{""file"":""data-10.csv"",""record_1"":1,""column_1"":270},""card_modifier"":{""file"":""data-9.csv"",""record_1"":1,""column_1"":270}}",13,user_verified,"{""card_id"":270,""name"":""Bloody Mary"",""pack_id"":13,""pack"":""Halloween"",""screenshot"":{""file"":""user_2026-09-27/Screenshot 2026-09-26 at 6.33.22 PM.png"",""image_number"":14,""card_ordinal_excluding_clipped_repeats"":14},""visual_tags"":[""humanlike"",""spirit""],""visual_inference_status"":""inferred_from_art_and_name"",""gameplay_class_candidates"":[""rng"",""undead""],""sourced_class_memberships"":[],""gameplay_classes_verified"":true,""availability"":{""player_use"":""unavailable"",""opponent_use"":""training_dummy_available"",""basis"":""screenshot_brightness_inference"",""confidence"":""medium"",""as_of"":""2026-09-26"",""requires_confirmation_for_test_setup"":true}}",270
271,Revenant,500000,500000,1,1,1,1,"[""Halloween""]","[""undead""]","{""name"":{""file"":""Cards-2.xml"",""xml_path"":""/project[1]/scenes[1]/scene[1]/variables[1]/variable[1]"",""snap_value_id"":""34123"",""variable"":""Cards"",""item_1"":271},""rarity"":{""file"":""Cards-2.xml"",""xml_path"":""/project[1]/scenes[1]/scene[1]/variables[1]/variable[19]"",""snap_value_id"":""34147"",""variable"":""Card Rarities"",""item_1"":271},""weather"":{""file"":""data-10.csv"",""record_1"":1,""column_1"":271},""card_modifier"":{""file"":""data-9.csv"",""record_1"":1,""column_1"":271}}",13,user_verified,"{""card_id"":271,""name"":""Revenant"",""pack_id"":13,""pack"":""Halloween"",""screenshot"":{""file"":""user_2026-09-27/Screenshot 2026-09-26 at 6.33.22 PM.png"",""image_number"":14,""card_ordinal_excluding_clipped_repeats"":15},""visual_tags"":[""undead"",""skeletal""],""visual_inference_status"":""inferred_from_art_and_name"",""gameplay_class_candidates"":[""undead""],""sourced_class_memberships"":[],""gameplay_classes_verified"":true,""availability"":{""player_use"":""unavailable"",""opponent_use"":""training_dummy_available"",""basis"":""screenshot_brightness_inference"",""confidence"":""medium"",""as_of"":""2026-09-26"",""requires_confirmation_for_test_setup"":true}}",271
272,Dr. Frankenstein,3500000,3500000,1,1,1,1,"[""Halloween""]","[""undead""]","{""name"":{""file"":""Cards-2.xml"",""xml_path"":""/project[1]/scenes[1]/scene[1]/variables[1]/variable[1]"",""snap_value_id"":""34123"",""variable"":""Cards"",""item_1"":272},""rarity"":{""file"":""Cards-2.xml"",""xml_path"":""/project[1]/scenes[1]/scene[1]/variables[1]/variable[19]"",""snap_value_id"":""34147"",""variable"":""Card Rarities"",""item_1"":272},""weather"":{""file"":""data-10.csv"",""record_1"":1,""column_1"":272},""card_modifier"":{""file"":""data-9.csv"",""record_1"":1,""column_1"":272}}",13,user_verified,"{""card_id"":272,""name"":""Dr. Frankenstein"",""pack_id"":13,""pack"":""Halloween"",""screenshot"":{""file"":""user_2026-09-27/Screenshot 2026-09-26 at 6.33.22 PM.png"",""image_number"":14,""card_ordinal_excluding_clipped_repeats"":16},""visual_tags"":[""humanlike"",""undead""],""visual_inference_status"":""inferred_from_art_and_name"",""gameplay_class_candidates"":[""undead""],""sourced_class_memberships"":[],""gameplay_classes_verified"":true,""availability"":{""player_use"":""unavailable"",""opponent_use"":""training_dummy_available"",""basis"":""screenshot_brightness_inference"",""confidence"":""medium"",""as_of"":""2026-09-26"",""requires_confirmation_for_test_setup"":true}}",272
273,Marionette,7500000,7500000,1,1,1,1,"[""Halloween""]","[""toy""]","{""name"":{""file"":""Cards-2.xml"",""xml_path"":""/project[1]/scenes[1]/scene[1]/variables[1]/variable[1]"",""snap_value_id"":""34123"",""variable"":""Cards"",""item_1"":273},""rarity"":{""file"":""Cards-2.xml"",""xml_path"":""/project[1]/scenes[1]/scene[1]/variables[1]/variable[19]"",""snap_value_id"":""34147"",""variable"":""Card Rarities"",""item_1"":273},""weather"":{""file"":""data-10.csv"",""record_1"":1,""column_1"":273},""card_modifier"":{""file"":""data-9.csv"",""record_1"":1,""column_1"":273}}",13,user_verified,"{""card_id"":273,""name"":""Marionette"",""pack_id"":13,""pack"":""Halloween"",""screenshot"":{""file"":""user_2026-09-27/Screenshot 2026-09-26 at 6.33.22 PM.png"",""image_number"":14,""card_ordinal_excluding_clipped_repeats"":17},""visual_tags"":[""construct"",""toy"",""humanoid""],""visual_inference_status"":""inferred_from_art_and_name"",""gameplay_class_candidates"":[""toy""],""sourced_class_memberships"":[],""gameplay_classes_verified"":true,""availability"":{""player_use"":""unavailable"",""opponent_use"":""training_dummy_available"",""basis"":""screenshot_brightness_inference"",""confidence"":""medium"",""as_of"":""2026-09-26"",""requires_confirmation_for_test_setup"":true}}",273
274,Ghoul,1000,1000,1,1,2,2,"[""Halloween 2025""]",[],"{""name"":{""file"":""Cards-2.xml"",""xml_path"":""/project[1]/scenes[1]/scene[1]/variables[1]/variable[1]"",""snap_value_id"":""34123"",""variable"":""Cards"",""item_1"":274},""rarity"":{""file"":""Cards-2.xml"",""xml_path"":""/project[1]/scenes[1]/scene[1]/variables[1]/variable[19]"",""snap_value_id"":""34147"",""variable"":""Card Rarities"",""item_1"":274},""weather"":{""file"":""data-10.csv"",""record_1"":1,""column_1"":274},""card_modifier"":{""file"":""../../card_engine/data_corrections.py"",""evidence"":""user stat/weather corrections and all-Bosses clarification, 2026-09-28""}}",14,user_verified,"{""card_id"":274,""name"":""Ghoul"",""pack_id"":14,""pack"":""Halloween 2025"",""screenshot"":{""file"":""user_2026-09-27/Screenshot 2026-09-26 at 6.33.32 PM.png"",""image_number"":15,""card_ordinal_excluding_clipped_repeats"":1},""visual_tags"":[""unknown""],""visual_inference_status"":""unresolved_blank_art"",""gameplay_class_candidates"":[],""sourced_class_memberships"":[],""gameplay_classes_verified"":true,""availability"":{""player_use"":""unavailable"",""opponent_use"":""training_dummy_available"",""basis"":""screenshot_brightness_inference"",""confidence"":""medium"",""as_of"":""2026-09-26"",""requires_confirmation_for_test_setup"":true}}",274
275,Zombie Nurse,10000,10000,1,1,2,2,"[""Halloween 2025""]","[""undead""]","{""name"":{""file"":""Cards-2.xml"",""xml_path"":""/project[1]/scenes[1]/scene[1]/variables[1]/variable[1]"",""snap_value_id"":""34123"",""variable"":""Cards"",""item_1"":275},""rarity"":{""file"":""Cards-2.xml"",""xml_path"":""/project[1]/scenes[1]/scene[1]/variables[1]/variable[19]"",""snap_value_id"":""34147"",""variable"":""Card Rarities"",""item_1"":275},""weather"":{""file"":""data-10.csv"",""record_1"":1,""column_1"":275},""card_modifier"":{""file"":""../../card_engine/data_corrections.py"",""evidence"":""user stat/weather corrections and all-Bosses clarification, 2026-09-28""}}",14,user_verified,"{""card_id"":275,""name"":""Zombie Nurse"",""pack_id"":14,""pack"":""Halloween 2025"",""screenshot"":{""file"":""user_2026-09-27/Screenshot 2026-09-26 at 6.33.32 PM.png"",""image_number"":15,""card_ordinal_excluding_clipped_repeats"":2},""visual_tags"":[""humanlike"",""undead""],""visual_inference_status"":""inferred_from_art_and_name"",""gameplay_class_candidates"":[""undead""],""sourced_class_memberships"":[],""gameplay_classes_verified"":true,""availability"":{""player_use"":""unavailable"",""opponent_use"":""training_dummy_available"",""basis"":""screenshot_brightness_inference"",""confidence"":""medium"",""as_of"":""2026-09-26"",""requires_confirmation_for_test_setup"":true}}",275
276,Night Witch,18000,18000,1,1,2,2,"[""Halloween 2025""]",[],"{""name"":{""file"":""Cards-2.xml"",""xml_path"":""/project[1]/scenes[1]/scene[1]/variables[1]/variable[1]"",""snap_value_id"":""34123"",""variable"":""Cards"",""item_1"":276},""rarity"":{""file"":""Cards-2.xml"",""xml_path"":""/project[1]/scenes[1]/scene[1]/variables[1]/variable[19]"",""snap_value_id"":""34147"",""variable"":""Card Rarities"",""item_1"":276},""weather"":{""file"":""data-10.csv"",""record_1"":1,""column_1"":276},""card_modifier"":{""file"":""../../card_engine/data_corrections.py"",""evidence"":""user stat/weather corrections and all-Bosses clarification, 2026-09-28""}}",14,user_verified,"{""card_id"":276,""name"":""Night Witch"",""pack_id"":14,""pack"":""Halloween 2025"",""screenshot"":{""file"":""user_2026-09-27/Screenshot 2026-09-26 at 6.33.32 PM.png"",""image_number"":15,""card_ordinal_excluding_clipped_repeats"":3},""visual_tags"":[""humanlike"",""mage""],""visual_inference_status"":""inferred_from_art_and_name"",""gameplay_class_candidates"":[],""sourced_class_memberships"":[],""gameplay_classes_verified"":true,""availability"":{""player_use"":""unavailable"",""opponent_use"":""training_dummy_available"",""basis"":""screenshot_brightness_inference"",""confidence"":""medium"",""as_of"":""2026-09-26"",""requires_confirmation_for_test_setup"":true}}",276
277,The Hanged Man,100000,100000,1,1,2,2,"[""Halloween 2025""]",[],"{""name"":{""file"":""Cards-2.xml"",""xml_path"":""/project[1]/scenes[1]/scene[1]/variables[1]/variable[1]"",""snap_value_id"":""34123"",""variable"":""Cards"",""item_1"":277},""rarity"":{""file"":""Cards-2.xml"",""xml_path"":""/project[1]/scenes[1]/scene[1]/variables[1]/variable[19]"",""snap_value_id"":""34147"",""variable"":""Card Rarities"",""item_1"":277},""weather"":{""file"":""data-10.csv"",""record_1"":1,""column_1"":277},""card_modifier"":{""file"":""../../card_engine/data_corrections.py"",""evidence"":""user stat/weather corrections and all-Bosses clarification, 2026-09-28""}}",14,user_verified,"{""card_id"":277,""name"":""The Hanged Man"",""pack_id"":14,""pack"":""Halloween 2025"",""screenshot"":{""file"":""user_2026-09-27/Screenshot 2026-09-26 at 6.33.32 PM.png"",""image_number"":15,""card_ordinal_excluding_clipped_repeats"":4},""visual_tags"":[""humanoid"",""shadow""],""visual_inference_status"":""inferred_from_art_and_name"",""gameplay_class_candidates"":[],""sourced_class_memberships"":[],""gameplay_classes_verified"":true,""availability"":{""player_use"":""unavailable"",""opponent_use"":""training_dummy_available"",""basis"":""screenshot_brightness_inference"",""confidence"":""medium"",""as_of"":""2026-09-26"",""requires_confirmation_for_test_setup"":true}}",277
278,Walking Dead,500000,500000,1,1,2,2,"[""Halloween 2025""]","[""undead""]","{""name"":{""file"":""Cards-2.xml"",""xml_path"":""/project[1]/scenes[1]/scene[1]/variables[1]/variable[1]"",""snap_value_id"":""34123"",""variable"":""Cards"",""item_1"":278},""rarity"":{""file"":""Cards-2.xml"",""xml_path"":""/project[1]/scenes[1]/scene[1]/variables[1]/variable[19]"",""snap_value_id"":""34147"",""variable"":""Card Rarities"",""item_1"":278},""weather"":{""file"":""data-10.csv"",""record_1"":1,""column_1"":278},""card_modifier"":{""file"":""../../card_engine/data_corrections.py"",""evidence"":""user stat/weather corrections and all-Bosses clarification, 2026-09-28""}}",14,user_verified,"{""card_id"":278,""name"":""Walking Dead"",""pack_id"":14,""pack"":""Halloween 2025"",""screenshot"":{""file"":""user_2026-09-27/Screenshot 2026-09-26 at 6.33.32 PM.png"",""image_number"":15,""card_ordinal_excluding_clipped_repeats"":5},""visual_tags"":[""undead"",""humanoid""],""visual_inference_status"":""inferred_from_art_and_name"",""gameplay_class_candidates"":[""undead""],""sourced_class_memberships"":[],""gameplay_classes_verified"":true,""availability"":{""player_use"":""unavailable"",""opponent_use"":""training_dummy_available"",""basis"":""screenshot_brightness_inference"",""confidence"":""medium"",""as_of"":""2026-09-26"",""requires_confirmation_for_test_setup"":true}}",278
279,Headless Horseman,1000000,1000000,1,1,2,2,"[""Halloween 2025""]","[""undead""]","{""name"":{""file"":""Cards-2.xml"",""xml_path"":""/project[1]/scenes[1]/scene[1]/variables[1]/variable[1]"",""snap_value_id"":""34123"",""variable"":""Cards"",""item_1"":279},""rarity"":{""file"":""Cards-2.xml"",""xml_path"":""/project[1]/scenes[1]/scene[1]/variables[1]/variable[19]"",""snap_value_id"":""34147"",""variable"":""Card Rarities"",""item_1"":279},""weather"":{""file"":""data-10.csv"",""record_1"":1,""column_1"":279},""card_modifier"":{""file"":""../../card_engine/data_corrections.py"",""evidence"":""user stat/weather corrections and all-Bosses clarification, 2026-09-28""}}",14,user_verified,"{""card_id"":279,""name"":""Headless Horseman"",""pack_id"":14,""pack"":""Halloween 2025"",""screenshot"":{""file"":""user_2026-09-27/Screenshot 2026-09-26 at 6.33.32 PM.png"",""image_number"":15,""card_ordinal_excluding_clipped_repeats"":6},""visual_tags"":[""undead"",""plant""],""visual_inference_status"":""inferred_from_art_and_name"",""gameplay_class_candidates"":[""undead""],""sourced_class_memberships"":[],""gameplay_classes_verified"":true,""availability"":{""player_use"":""unavailable"",""opponent_use"":""training_dummy_available"",""basis"":""screenshot_brightness_inference"",""confidence"":""medium"",""as_of"":""2026-09-26"",""requires_confirmation_for_test_setup"":true}}",279
280,The Blood Countess,3300000,3300000,11,11,1,1,"[""Halloween 2025""]",[],"{""name"":{""file"":""Cards-2.xml"",""xml_path"":""/project[1]/scenes[1]/scene[1]/variables[1]/variable[1]"",""snap_value_id"":""34123"",""variable"":""Cards"",""item_1"":280},""rarity"":{""file"":""Cards-2.xml"",""xml_path"":""/project[1]/scenes[1]/scene[1]/variables[1]/variable[19]"",""snap_value_id"":""34147"",""variable"":""Card Rarities"",""item_1"":280},""weather"":{""file"":""data-10.csv"",""record_1"":1,""column_1"":280},""card_modifier"":{""file"":""data-9.csv"",""record_1"":1,""column_1"":280}}",14,user_verified,"{""card_id"":280,""name"":""The Blood Countess"",""pack_id"":14,""pack"":""Halloween 2025"",""screenshot"":{""file"":""user_2026-09-27/Screenshot 2026-09-26 at 6.33.32 PM.png"",""image_number"":15,""card_ordinal_excluding_clipped_repeats"":7},""visual_tags"":[""humanlike"",""undead""],""visual_inference_status"":""inferred_from_art_and_name"",""gameplay_class_candidates"":[],""sourced_class_memberships"":[],""gameplay_classes_verified"":true,""availability"":{""player_use"":""unavailable"",""opponent_use"":""training_dummy_available"",""basis"":""screenshot_brightness_inference"",""confidence"":""medium"",""as_of"":""2026-09-26"",""requires_confirmation_for_test_setup"":true}}",280
281,The Composer,7500000,7500000,1,1,2,2,"[""Halloween 2025""]","[""rng"",""undead""]","{""name"":{""file"":""Cards-2.xml"",""xml_path"":""/project[1]/scenes[1]/scene[1]/variables[1]/variable[1]"",""snap_value_id"":""34123"",""variable"":""Cards"",""item_1"":281},""rarity"":{""file"":""Cards-2.xml"",""xml_path"":""/project[1]/scenes[1]/scene[1]/variables[1]/variable[19]"",""snap_value_id"":""34147"",""variable"":""Card Rarities"",""item_1"":281},""weather"":{""file"":""data-10.csv"",""record_1"":1,""column_1"":281},""card_modifier"":{""file"":""../../card_engine/data_corrections.py"",""evidence"":""user stat/weather corrections and all-Bosses clarification, 2026-09-28""}}",14,user_verified,"{""card_id"":281,""name"":""The Composer"",""pack_id"":14,""pack"":""Halloween 2025"",""screenshot"":{""file"":""user_2026-09-27/Screenshot 2026-09-26 at 6.33.32 PM.png"",""image_number"":15,""card_ordinal_excluding_clipped_repeats"":8},""visual_tags"":[""humanoid"",""undead""],""visual_inference_status"":""inferred_from_art_and_name"",""gameplay_class_candidates"":[""rng"",""undead""],""sourced_class_memberships"":[],""gameplay_classes_verified"":true,""availability"":{""player_use"":""unavailable"",""opponent_use"":""training_dummy_available"",""basis"":""screenshot_brightness_inference"",""confidence"":""medium"",""as_of"":""2026-09-26"",""requires_confirmation_for_test_setup"":true}}",281
282,Dracula,25000000,25000000,1,1,2,2,"[""Halloween 2025""]","[""undead""]","{""name"":{""file"":""Cards-2.xml"",""xml_path"":""/project[1]/scenes[1]/scene[1]/variables[1]/variable[1]"",""snap_value_id"":""34123"",""variable"":""Cards"",""item_1"":282},""rarity"":{""file"":""Cards-2.xml"",""xml_path"":""/project[1]/scenes[1]/scene[1]/variables[1]/variable[19]"",""snap_value_id"":""34147"",""variable"":""Card Rarities"",""item_1"":282},""weather"":{""file"":""data-10.csv"",""record_1"":1,""column_1"":282},""card_modifier"":{""file"":""../../card_engine/data_corrections.py"",""evidence"":""user stat/weather corrections and all-Bosses clarification, 2026-09-28""}}",14,user_verified,"{""card_id"":282,""name"":""Dracula"",""pack_id"":14,""pack"":""Halloween 2025"",""screenshot"":{""file"":""user_2026-09-27/Screenshot 2026-09-26 at 6.33.32 PM.png"",""image_number"":15,""card_ordinal_excluding_clipped_repeats"":9},""visual_tags"":[""humanlike"",""undead""],""visual_inference_status"":""inferred_from_art_and_name"",""gameplay_class_candidates"":[""undead""],""sourced_class_memberships"":[],""gameplay_classes_verified"":true,""availability"":{""player_use"":""unavailable"",""opponent_use"":""training_dummy_available"",""basis"":""screenshot_brightness_inference"",""confidence"":""medium"",""as_of"":""2026-09-26"",""requires_confirmation_for_test_setup"":true}}",282
283,Flying Dutchman,30000000,30000000,1,1,2,2,"[""Halloween 2025""]",[],"{""name"":{""file"":""Cards-2.xml"",""xml_path"":""/project[1]/scenes[1]/scene[1]/variables[1]/variable[1]"",""snap_value_id"":""34123"",""variable"":""Cards"",""item_1"":283},""rarity"":{""file"":""Cards-2.xml"",""xml_path"":""/project[1]/scenes[1]/scene[1]/variables[1]/variable[19]"",""snap_value_id"":""34147"",""variable"":""Card Rarities"",""item_1"":283},""weather"":{""file"":""data-10.csv"",""record_1"":1,""column_1"":283},""card_modifier"":{""file"":""../../card_engine/data_corrections.py"",""evidence"":""user stat/weather corrections and all-Bosses clarification, 2026-09-28""}}",14,user_verified,"{""card_id"":283,""name"":""Flying Dutchman"",""pack_id"":14,""pack"":""Halloween 2025"",""screenshot"":{""file"":""user_2026-09-27/Screenshot 2026-09-26 at 6.33.32 PM.png"",""image_number"":15,""card_ordinal_excluding_clipped_repeats"":10},""visual_tags"":[""object"",""spirit""],""visual_inference_status"":""inferred_from_art_and_name"",""gameplay_class_candidates"":[],""sourced_class_memberships"":[],""gameplay_classes_verified"":true,""availability"":{""player_use"":""unavailable"",""opponent_use"":""training_dummy_available"",""basis"":""screenshot_brightness_inference"",""confidence"":""medium"",""as_of"":""2026-09-26"",""requires_confirmation_for_test_setup"":true}}",283
284,Hecate,30000000,30000000,1,1,5,5,"[""Halloween 2025""]",[],"{""name"":{""file"":""Cards-2.xml"",""xml_path"":""/project[1]/scenes[1]/scene[1]/variables[1]/variable[1]"",""snap_value_id"":""34123"",""variable"":""Cards"",""item_1"":284},""rarity"":{""file"":""Cards-2.xml"",""xml_path"":""/project[1]/scenes[1]/scene[1]/variables[1]/variable[19]"",""snap_value_id"":""34147"",""variable"":""Card Rarities"",""item_1"":284},""weather"":{""file"":""data-10.csv"",""record_1"":1,""column_1"":284},""card_modifier"":{""file"":""../../card_engine/data_corrections.py"",""evidence"":""user stat/weather corrections and all-Bosses clarification, 2026-09-28""}}",14,user_verified,"{""card_id"":284,""name"":""Hecate"",""pack_id"":14,""pack"":""Halloween 2025"",""screenshot"":{""file"":""user_2026-09-27/Screenshot 2026-09-26 at 6.33.32 PM.png"",""image_number"":15,""card_ordinal_excluding_clipped_repeats"":11},""visual_tags"":[""humanlike"",""mage""],""visual_inference_status"":""inferred_from_art_and_name"",""gameplay_class_candidates"":[],""sourced_class_memberships"":[],""gameplay_classes_verified"":true,""availability"":{""player_use"":""unavailable"",""opponent_use"":""training_dummy_available"",""basis"":""screenshot_brightness_inference"",""confidence"":""medium"",""as_of"":""2026-09-26"",""requires_confirmation_for_test_setup"":true}}",284
285,Abomination,50000000,50000000,1,1,9.0,9.0,"[""Halloween 2025""]",[],"{""name"":{""file"":""Cards-2.xml"",""xml_path"":""/project[1]/scenes[1]/scene[1]/variables[1]/variable[1]"",""snap_value_id"":""34123"",""variable"":""Cards"",""item_1"":285},""rarity"":{""file"":""Cards-2.xml"",""xml_path"":""/project[1]/scenes[1]/scene[1]/variables[1]/variable[19]"",""snap_value_id"":""34147"",""variable"":""Card Rarities"",""item_1"":285},""weather"":{""file"":""data-10.csv"",""record_1"":1,""column_1"":285},""card_modifier"":{""file"":""../../card_engine/data_corrections.py"",""evidence"":""DaddyDrago's engine card data, user: more accurate than ours, 2026-10-03""}}",14,user_verified,"{""card_id"":285,""name"":""Abomination"",""pack_id"":14,""pack"":""Halloween 2025"",""screenshot"":{""file"":""user_2026-09-27/Screenshot 2026-09-26 at 6.33.32 PM.png"",""image_number"":15,""card_ordinal_excluding_clipped_repeats"":12},""visual_tags"":[""humanoid"",""undead""],""visual_inference_status"":""inferred_from_art_and_name"",""gameplay_class_candidates"":[],""sourced_class_memberships"":[],""gameplay_classes_verified"":true,""availability"":{""player_use"":""unavailable"",""opponent_use"":""training_dummy_available"",""basis"":""screenshot_brightness_inference"",""confidence"":""medium"",""as_of"":""2026-09-26"",""requires_confirmation_for_test_setup"":true}}",285
286,Sleep Paralysis,500000000,500000000,1,1,2,2,"[""Halloween 2025""]",[],"{""name"":{""file"":""Cards-2.xml"",""xml_path"":""/project[1]/scenes[1]/scene[1]/variables[1]/variable[1]"",""snap_value_id"":""34123"",""variable"":""Cards"",""item_1"":286},""rarity"":{""file"":""Cards-2.xml"",""xml_path"":""/project[1]/scenes[1]/scene[1]/variables[1]/variable[19]"",""snap_value_id"":""34147"",""variable"":""Card Rarities"",""item_1"":286},""weather"":{""file"":""data-10.csv"",""record_1"":1,""column_1"":286},""card_modifier"":{""file"":""../../card_engine/data_corrections.py"",""evidence"":""user stat/weather corrections and all-Bosses clarification, 2026-09-28""}}",14,user_verified,"{""card_id"":286,""name"":""Sleep Paralysis"",""pack_id"":14,""pack"":""Halloween 2025"",""screenshot"":{""file"":""user_2026-09-27/Screenshot 2026-09-26 at 6.33.32 PM.png"",""image_number"":15,""card_ordinal_excluding_clipped_repeats"":13},""visual_tags"":[""humanoid"",""undead""],""visual_inference_status"":""inferred_from_art_and_name"",""gameplay_class_candidates"":[],""sourced_class_memberships"":[],""gameplay_classes_verified"":true,""availability"":{""player_use"":""unavailable"",""opponent_use"":""training_dummy_available"",""basis"":""screenshot_brightness_inference"",""confidence"":""medium"",""as_of"":""2026-09-26"",""requires_confirmation_for_test_setup"":true}}",286
287,Michael M.,600000000,600000000,1,1,2,2,"[""Halloween 2025""]",[],"{""name"":{""file"":""Cards-2.xml"",""xml_path"":""/project[1]/scenes[1]/scene[1]/variables[1]/variable[1]"",""snap_value_id"":""34123"",""variable"":""Cards"",""item_1"":287},""rarity"":{""file"":""Cards-2.xml"",""xml_path"":""/project[1]/scenes[1]/scene[1]/variables[1]/variable[19]"",""snap_value_id"":""34147"",""variable"":""Card Rarities"",""item_1"":287},""weather"":{""file"":""data-10.csv"",""record_1"":1,""column_1"":287},""card_modifier"":{""file"":""../../card_engine/data_corrections.py"",""evidence"":""user stat/weather corrections and all-Bosses clarification, 2026-09-28""}}",14,user_verified,"{""card_id"":287,""name"":""Michael M."",""pack_id"":14,""pack"":""Halloween 2025"",""screenshot"":{""file"":""user_2026-09-27/Screenshot 2026-09-26 at 6.33.32 PM.png"",""image_number"":15,""card_ordinal_excluding_clipped_repeats"":14},""visual_tags"":[""humanlike"",""masked""],""visual_inference_status"":""inferred_from_art_and_name"",""gameplay_class_candidates"":[],""sourced_class_memberships"":[],""gameplay_classes_verified"":true,""availability"":{""player_use"":""unavailable"",""opponent_use"":""training_dummy_available"",""basis"":""screenshot_brightness_inference"",""confidence"":""medium"",""as_of"":""2026-09-26"",""requires_confirmation_for_test_setup"":true}}",287
288,Jason,800000000,800000000,1,1,2,2,"[""Halloween 2025""]",[],"{""name"":{""file"":""Cards-2.xml"",""xml_path"":""/project[1]/scenes[1]/scene[1]/variables[1]/variable[1]"",""snap_value_id"":""34123"",""variable"":""Cards"",""item_1"":288},""rarity"":{""file"":""Cards-2.xml"",""xml_path"":""/project[1]/scenes[1]/scene[1]/variables[1]/variable[19]"",""snap_value_id"":""34147"",""variable"":""Card Rarities"",""item_1"":288},""weather"":{""file"":""data-10.csv"",""record_1"":1,""column_1"":288},""card_modifier"":{""file"":""../../card_engine/data_corrections.py"",""evidence"":""user stat/weather corrections and all-Bosses clarification, 2026-09-28""}}",14,user_verified,"{""card_id"":288,""name"":""Jason"",""pack_id"":14,""pack"":""Halloween 2025"",""screenshot"":{""file"":""user_2026-09-27/Screenshot 2026-09-26 at 6.33.32 PM.png"",""image_number"":15,""card_ordinal_excluding_clipped_repeats"":15},""visual_tags"":[""humanlike"",""masked""],""visual_inference_status"":""inferred_from_art_and_name"",""gameplay_class_candidates"":[],""sourced_class_memberships"":[],""gameplay_classes_verified"":true,""availability"":{""player_use"":""unavailable"",""opponent_use"":""training_dummy_available"",""basis"":""screenshot_brightness_inference"",""confidence"":""medium"",""as_of"":""2026-09-26"",""requires_confirmation_for_test_setup"":true}}",288
289,Glamour,1000000000,1000000000,1,1,3,3,"[""Halloween 2025""]","[""demon""]","{""name"":{""file"":""Cards-2.xml"",""xml_path"":""/project[1]/scenes[1]/scene[1]/variables[1]/variable[1]"",""snap_value_id"":""34123"",""variable"":""Cards"",""item_1"":289},""rarity"":{""file"":""Cards-2.xml"",""xml_path"":""/project[1]/scenes[1]/scene[1]/variables[1]/variable[19]"",""snap_value_id"":""34147"",""variable"":""Card Rarities"",""item_1"":289},""weather"":{""file"":""data-10.csv"",""record_1"":1,""column_1"":289},""card_modifier"":{""file"":""../../card_engine/data_corrections.py"",""evidence"":""user stat/weather corrections and all-Bosses clarification, 2026-09-28""}}",14,user_verified,"{""card_id"":289,""name"":""Glamour"",""pack_id"":14,""pack"":""Halloween 2025"",""screenshot"":{""file"":""user_2026-09-27/Screenshot 2026-09-26 at 6.33.32 PM.png"",""image_number"":15,""card_ordinal_excluding_clipped_repeats"":16},""visual_tags"":[""humanoid"",""demon""],""visual_inference_status"":""inferred_from_art_and_name"",""gameplay_class_candidates"":[""demon""],""sourced_class_memberships"":[],""gameplay_classes_verified"":true,""availability"":{""player_use"":""unavailable"",""opponent_use"":""training_dummy_available"",""basis"":""screenshot_brightness_inference"",""confidence"":""medium"",""as_of"":""2026-09-26"",""requires_confirmation_for_test_setup"":true}}",289
