card_id,name,pack_id,pack,screenshot,visual_tags,visual_inference_status,gameplay_class_candidates,sourced_class_memberships,gameplay_classes_verified,availability
1,Archer,1,Era 1,"{""file"":""user_2026-09-27/Screenshot 2026-09-26 at 6.30.20 PM.png"",""image_number"":1,""card_ordinal_excluding_clipped_repeats"":1}","[""humanlike""]",inferred_from_art_and_name,"[""rng""]","[{""card_id"":1,""class_name"":""rng"",""source_url"":""https://card-rng.fandom.com/wiki/Abilities"",""evidence_summary"":""The card ability table explicitly labels this ability type RNG."",""status"":""wiki_supported_unverified_current""}]",True,"{""player_use"":""available"",""opponent_use"":""training_dummy_available"",""basis"":""screenshot_brightness_inference"",""confidence"":""medium"",""as_of"":""2026-09-26"",""requires_confirmation_for_test_setup"":true}"
2,Shining Armor,1,Era 1,"{""file"":""user_2026-09-27/Screenshot 2026-09-26 at 6.30.20 PM.png"",""image_number"":1,""card_ordinal_excluding_clipped_repeats"":2}","[""humanlike"",""armored""]",inferred_from_art_and_name,"[""swordsmen""]",[],True,"{""player_use"":""available"",""opponent_use"":""training_dummy_available"",""basis"":""screenshot_brightness_inference"",""confidence"":""medium"",""as_of"":""2026-09-26"",""requires_confirmation_for_test_setup"":true}"
3,Good Boy,1,Era 1,"{""file"":""user_2026-09-27/Screenshot 2026-09-26 at 6.30.20 PM.png"",""image_number"":1,""card_ordinal_excluding_clipped_repeats"":3}","[""animal"",""canine""]",inferred_from_art_and_name,[],[],True,"{""player_use"":""available"",""opponent_use"":""training_dummy_available"",""basis"":""user_battle_observation"",""confidence"":""confirmed"",""as_of"":""2026-09-26"",""requires_confirmation_for_test_setup"":false}"
4,Useless Seer,1,Era 1,"{""file"":""user_2026-09-27/Screenshot 2026-09-26 at 6.30.20 PM.png"",""image_number"":1,""card_ordinal_excluding_clipped_repeats"":4}","[""humanlike""]",inferred_from_art_and_name,[],[],True,"{""player_use"":""available"",""opponent_use"":""training_dummy_available"",""basis"":""screenshot_brightness_inference"",""confidence"":""medium"",""as_of"":""2026-09-26"",""requires_confirmation_for_test_setup"":true}"
5,Baby Skeleton,1,Era 1,"{""file"":""user_2026-09-27/Screenshot 2026-09-26 at 6.30.20 PM.png"",""image_number"":1,""card_ordinal_excluding_clipped_repeats"":5}","[""undead"",""skeletal""]",inferred_from_art_and_name,"[""undead""]",[],True,"{""player_use"":""available"",""opponent_use"":""training_dummy_available"",""basis"":""screenshot_brightness_inference"",""confidence"":""medium"",""as_of"":""2026-09-26"",""requires_confirmation_for_test_setup"":true}"
6,Wizard,1,Era 1,"{""file"":""user_2026-09-27/Screenshot 2026-09-26 at 6.30.20 PM.png"",""image_number"":1,""card_ordinal_excluding_clipped_repeats"":6}","[""humanlike"",""mage""]",inferred_from_art_and_name,[],[],True,"{""player_use"":""available"",""opponent_use"":""training_dummy_available"",""basis"":""screenshot_brightness_inference"",""confidence"":""medium"",""as_of"":""2026-09-26"",""requires_confirmation_for_test_setup"":true}"
7,Forest Spirit,1,Era 1,"{""file"":""user_2026-09-27/Screenshot 2026-09-26 at 6.30.20 PM.png"",""image_number"":1,""card_ordinal_excluding_clipped_repeats"":7}","[""animal"",""deer""]",inferred_from_art_and_name,[],[],True,"{""player_use"":""available"",""opponent_use"":""training_dummy_available"",""basis"":""screenshot_brightness_inference"",""confidence"":""medium"",""as_of"":""2026-09-26"",""requires_confirmation_for_test_setup"":true}"
8,General Moon Zoo,1,Era 1,"{""file"":""user_2026-09-27/Screenshot 2026-09-26 at 6.30.20 PM.png"",""image_number"":1,""card_ordinal_excluding_clipped_repeats"":8}","[""humanlike"",""warrior""]",inferred_from_art_and_name,[],[],True,"{""player_use"":""available"",""opponent_use"":""training_dummy_available"",""basis"":""screenshot_brightness_inference"",""confidence"":""medium"",""as_of"":""2026-09-26"",""requires_confirmation_for_test_setup"":true}"
9,Crown Prince,1,Era 1,"{""file"":""user_2026-09-27/Screenshot 2026-09-26 at 6.30.20 PM.png"",""image_number"":1,""card_ordinal_excluding_clipped_repeats"":9}","[""humanlike""]",inferred_from_art_and_name,[],[],True,"{""player_use"":""available"",""opponent_use"":""training_dummy_available"",""basis"":""screenshot_brightness_inference"",""confidence"":""medium"",""as_of"":""2026-09-26"",""requires_confirmation_for_test_setup"":true}"
10,Arthur,1,Era 1,"{""file"":""user_2026-09-27/Screenshot 2026-09-26 at 6.30.20 PM.png"",""image_number"":1,""card_ordinal_excluding_clipped_repeats"":10}","[""humanlike"",""warrior""]",inferred_from_art_and_name,"[""swordsmen""]",[],True,"{""player_use"":""available"",""opponent_use"":""training_dummy_available"",""basis"":""screenshot_brightness_inference"",""confidence"":""medium"",""as_of"":""2026-09-26"",""requires_confirmation_for_test_setup"":true}"
11,Beelzebub,1,Era 1,"{""file"":""user_2026-09-27/Screenshot 2026-09-26 at 6.30.20 PM.png"",""image_number"":1,""card_ordinal_excluding_clipped_repeats"":11}","[""demon"",""insectoid""]",inferred_from_art_and_name,"[""demon""]",[],True,"{""player_use"":""available"",""opponent_use"":""training_dummy_available"",""basis"":""screenshot_brightness_inference"",""confidence"":""medium"",""as_of"":""2026-09-26"",""requires_confirmation_for_test_setup"":true}"
12,Michael,1,Era 1,"{""file"":""user_2026-09-27/Screenshot 2026-09-26 at 6.30.20 PM.png"",""image_number"":1,""card_ordinal_excluding_clipped_repeats"":12}","[""humanlike"",""divine""]",inferred_from_art_and_name,[],[],True,"{""player_use"":""available"",""opponent_use"":""training_dummy_available"",""basis"":""screenshot_brightness_inference"",""confidence"":""medium"",""as_of"":""2026-09-26"",""requires_confirmation_for_test_setup"":true}"
13,Lucifer,1,Era 1,"{""file"":""user_2026-09-27/Screenshot 2026-09-26 at 6.30.20 PM.png"",""image_number"":1,""card_ordinal_excluding_clipped_repeats"":13}","[""humanlike"",""demon""]",inferred_from_art_and_name,"[""demon""]",[],True,"{""player_use"":""available"",""opponent_use"":""training_dummy_available"",""basis"":""screenshot_brightness_inference"",""confidence"":""medium"",""as_of"":""2026-09-26"",""requires_confirmation_for_test_setup"":true}"
14,Knightmare,1,Era 1,"{""file"":""user_2026-09-27/Screenshot 2026-09-26 at 6.30.20 PM.png"",""image_number"":1,""card_ordinal_excluding_clipped_repeats"":14}","[""armored"",""humanoid""]",inferred_from_art_and_name,"[""swordsmen""]",[],True,"{""player_use"":""available"",""opponent_use"":""training_dummy_available"",""basis"":""screenshot_brightness_inference"",""confidence"":""medium"",""as_of"":""2026-09-26"",""requires_confirmation_for_test_setup"":true}"
15,Arcane Avian,1,Era 1,"{""file"":""user_2026-09-27/Screenshot 2026-09-26 at 6.30.20 PM.png"",""image_number"":1,""card_ordinal_excluding_clipped_repeats"":15}","[""humanoid"",""avian""]",inferred_from_art_and_name,"[""avian"",""rng""]","[{""card_id"":15,""class_name"":""rng"",""source_url"":""https://card-rng.fandom.com/wiki/Abilities"",""evidence_summary"":""The card ability table explicitly labels this ability type RNG."",""status"":""wiki_supported_unverified_current""}]",True,"{""player_use"":""available"",""opponent_use"":""training_dummy_available"",""basis"":""screenshot_brightness_inference"",""confidence"":""medium"",""as_of"":""2026-09-26"",""requires_confirmation_for_test_setup"":true}"
16,Tartarus,1,Era 1,"{""file"":""user_2026-09-27/Screenshot 2026-09-26 at 6.30.20 PM.png"",""image_number"":1,""card_ordinal_excluding_clipped_repeats"":16}","[""humanoid"",""demon"",""armored""]",inferred_from_art_and_name,"[""demon""]",[],True,"{""player_use"":""available"",""opponent_use"":""training_dummy_available"",""basis"":""screenshot_brightness_inference"",""confidence"":""medium"",""as_of"":""2026-09-26"",""requires_confirmation_for_test_setup"":true}"
17,Greedy Belly,1,Era 1,"{""file"":""user_2026-09-27/Screenshot 2026-09-26 at 6.30.20 PM.png"",""image_number"":1,""card_ordinal_excluding_clipped_repeats"":17}","[""dragon"",""reptile""]",inferred_from_art_and_name,"[""dragon""]","[{""card_id"":17,""class_name"":""dragon"",""source_url"":""https://card-rng.fandom.com/wiki/Dragon_King"",""evidence_summary"":""Dragon King trivia explicitly includes this card among its dragon targets."",""status"":""wiki_supported_unverified_current""}]",True,"{""player_use"":""available"",""opponent_use"":""training_dummy_available"",""basis"":""screenshot_brightness_inference"",""confidence"":""medium"",""as_of"":""2026-09-26"",""requires_confirmation_for_test_setup"":true}"
18,Arthur of Excalibur,1,Era 1,"{""file"":""user_2026-09-27/Screenshot 2026-09-26 at 6.30.20 PM.png"",""image_number"":1,""card_ordinal_excluding_clipped_repeats"":18}","[""humanlike"",""warrior""]",inferred_from_art_and_name,"[""rng"",""swordsmen""]",[],True,"{""player_use"":""available"",""opponent_use"":""training_dummy_available"",""basis"":""screenshot_brightness_inference"",""confidence"":""medium"",""as_of"":""2026-09-26"",""requires_confirmation_for_test_setup"":true}"
19,Wind Spirit,1,Era 1,"{""file"":""user_2026-09-27/Screenshot 2026-09-26 at 6.30.20 PM.png"",""image_number"":1,""card_ordinal_excluding_clipped_repeats"":19}","[""humanlike"",""spirit""]",inferred_from_art_and_name,[],[],True,"{""player_use"":""available"",""opponent_use"":""training_dummy_available"",""basis"":""screenshot_brightness_inference"",""confidence"":""medium"",""as_of"":""2026-09-26"",""requires_confirmation_for_test_setup"":true}"
20,Conqueror,1,Era 1,"{""file"":""user_2026-09-27/Screenshot 2026-09-26 at 6.30.20 PM.png"",""image_number"":1,""card_ordinal_excluding_clipped_repeats"":20}","[""humanlike"",""hooded""]",inferred_from_art_and_name,"[""swordsmen""]",[],True,"{""player_use"":""available"",""opponent_use"":""training_dummy_available"",""basis"":""screenshot_brightness_inference"",""confidence"":""medium"",""as_of"":""2026-09-26"",""requires_confirmation_for_test_setup"":true}"
21,Ice Queen,1,Era 1,"{""file"":""user_2026-09-27/Screenshot 2026-09-26 at 6.30.20 PM.png"",""image_number"":1,""card_ordinal_excluding_clipped_repeats"":21}","[""humanlike"",""ice""]",inferred_from_art_and_name,"[""rng""]",[],True,"{""player_use"":""available"",""opponent_use"":""training_dummy_available"",""basis"":""screenshot_brightness_inference"",""confidence"":""medium"",""as_of"":""2026-09-26"",""requires_confirmation_for_test_setup"":true}"
22,Three-Legged Golden Crow,1,Era 1,"{""file"":""user_2026-09-27/Screenshot 2026-09-26 at 6.30.20 PM.png"",""image_number"":1,""card_ordinal_excluding_clipped_repeats"":22}","[""avian"",""fire""]",inferred_from_art_and_name,"[""avian"",""rng""]","[{""card_id"":22,""class_name"":""rng"",""source_url"":""https://card-rng.fandom.com/wiki/Abilities"",""evidence_summary"":""The card ability table explicitly labels this ability type RNG."",""status"":""wiki_supported_unverified_current""}]",True,"{""player_use"":""available"",""opponent_use"":""training_dummy_available"",""basis"":""screenshot_brightness_inference"",""confidence"":""medium"",""as_of"":""2026-09-26"",""requires_confirmation_for_test_setup"":true}"
23,Ixion,1,Era 1,"{""file"":""user_2026-09-27/Screenshot 2026-09-26 at 6.30.20 PM.png"",""image_number"":1,""card_ordinal_excluding_clipped_repeats"":23}","[""armored"",""humanoid""]",inferred_from_art_and_name,"[""swordsmen""]",[],True,"{""player_use"":""available"",""opponent_use"":""training_dummy_available"",""basis"":""screenshot_brightness_inference"",""confidence"":""medium"",""as_of"":""2026-09-26"",""requires_confirmation_for_test_setup"":true}"
24,Leviathan,1,Era 1,"{""file"":""user_2026-09-27/Screenshot 2026-09-26 at 6.30.20 PM.png"",""image_number"":1,""card_ordinal_excluding_clipped_repeats"":24}","[""dragon"",""aquatic""]",inferred_from_art_and_name,"[""dragon""]",[],True,"{""player_use"":""available"",""opponent_use"":""training_dummy_available"",""basis"":""screenshot_brightness_inference"",""confidence"":""medium"",""as_of"":""2026-09-26"",""requires_confirmation_for_test_setup"":true}"
25,Brunhilde,1,Era 1,"{""file"":""user_2026-09-27/Screenshot 2026-09-26 at 6.30.31 PM.png"",""image_number"":2,""card_ordinal_excluding_clipped_repeats"":1}","[""humanlike"",""warrior""]",inferred_from_art_and_name,[],[],True,"{""player_use"":""available"",""opponent_use"":""training_dummy_available"",""basis"":""screenshot_brightness_inference"",""confidence"":""medium"",""as_of"":""2026-09-26"",""requires_confirmation_for_test_setup"":true}"
26,Savior,1,Era 1,"{""file"":""user_2026-09-27/Screenshot 2026-09-26 at 6.30.31 PM.png"",""image_number"":2,""card_ordinal_excluding_clipped_repeats"":2}","[""humanlike"",""hooded""]",inferred_from_art_and_name,[],[],True,"{""player_use"":""available"",""opponent_use"":""training_dummy_available"",""basis"":""screenshot_brightness_inference"",""confidence"":""medium"",""as_of"":""2026-09-26"",""requires_confirmation_for_test_setup"":true}"
27,Frankenstein,1,Era 1,"{""file"":""user_2026-09-27/Screenshot 2026-09-26 at 6.30.31 PM.png"",""image_number"":2,""card_ordinal_excluding_clipped_repeats"":3}","[""humanoid"",""undead""]",inferred_from_art_and_name,"[""rng"",""undead""]","[{""card_id"":27,""class_name"":""rng"",""source_url"":""https://card-rng.fandom.com/wiki/Abilities"",""evidence_summary"":""The card ability table explicitly labels this ability type RNG."",""status"":""wiki_supported_unverified_current""}]",True,"{""player_use"":""available"",""opponent_use"":""training_dummy_available"",""basis"":""screenshot_brightness_inference"",""confidence"":""medium"",""as_of"":""2026-09-26"",""requires_confirmation_for_test_setup"":true}"
28,Titan,1,Era 1,"{""file"":""user_2026-09-27/Screenshot 2026-09-26 at 6.30.31 PM.png"",""image_number"":2,""card_ordinal_excluding_clipped_repeats"":4}","[""humanoid"",""armored""]",inferred_from_art_and_name,[],[],True,"{""player_use"":""available"",""opponent_use"":""training_dummy_available"",""basis"":""screenshot_brightness_inference"",""confidence"":""medium"",""as_of"":""2026-09-26"",""requires_confirmation_for_test_setup"":true}"
29,Sciron,1,Era 1,"{""file"":""user_2026-09-27/Screenshot 2026-09-26 at 6.30.31 PM.png"",""image_number"":2,""card_ordinal_excluding_clipped_repeats"":5}","[""construct"",""armored""]",inferred_from_art_and_name,"[""rng"",""swordsmen""]",[],True,"{""player_use"":""available"",""opponent_use"":""training_dummy_available"",""basis"":""screenshot_brightness_inference"",""confidence"":""medium"",""as_of"":""2026-09-26"",""requires_confirmation_for_test_setup"":true}"
30,Mist Spirit,1,Era 1,"{""file"":""user_2026-09-27/Screenshot 2026-09-26 at 6.30.31 PM.png"",""image_number"":2,""card_ordinal_excluding_clipped_repeats"":6}","[""spirit"",""hooded""]",inferred_from_art_and_name,[],[],True,"{""player_use"":""available"",""opponent_use"":""training_dummy_available"",""basis"":""screenshot_brightness_inference"",""confidence"":""medium"",""as_of"":""2026-09-26"",""requires_confirmation_for_test_setup"":true}"
31,Phoenix,1,Era 1,"{""file"":""user_2026-09-27/Screenshot 2026-09-26 at 6.30.31 PM.png"",""image_number"":2,""card_ordinal_excluding_clipped_repeats"":7}","[""avian"",""fire""]",inferred_from_art_and_name,"[""avian"",""rng""]","[{""card_id"":31,""class_name"":""avian"",""source_url"":""https://card-rng.fandom.com/wiki/Phoenix"",""evidence_summary"":""The card page explicitly carries the Avians category."",""status"":""wiki_supported_unverified_current""},{""card_id"":31,""class_name"":""rng"",""source_url"":""https://card-rng.fandom.com/wiki/Phoenix"",""evidence_summary"":""The card page explicitly carries the RNG Cards category."",""status"":""wiki_supported_unverified_current""}]",True,"{""player_use"":""available"",""opponent_use"":""training_dummy_available"",""basis"":""screenshot_brightness_inference"",""confidence"":""medium"",""as_of"":""2026-09-26"",""requires_confirmation_for_test_setup"":true}"
32,Hoarfrost Phoenix,1,Era 1,"{""file"":""user_2026-09-27/Screenshot 2026-09-26 at 6.30.31 PM.png"",""image_number"":2,""card_ordinal_excluding_clipped_repeats"":8}","[""avian"",""ice""]",inferred_from_art_and_name,"[""avian"",""rng""]",[],True,"{""player_use"":""available"",""opponent_use"":""training_dummy_available"",""basis"":""screenshot_brightness_inference"",""confidence"":""medium"",""as_of"":""2026-09-26"",""requires_confirmation_for_test_setup"":true}"
33,Hell's Army,1,Era 1,"{""file"":""user_2026-09-27/Screenshot 2026-09-26 at 6.30.31 PM.png"",""image_number"":2,""card_ordinal_excluding_clipped_repeats"":9}","[""humanlike"",""demon""]",inferred_from_art_and_name,"[""demon"",""swordsmen""]",[],True,"{""player_use"":""available"",""opponent_use"":""training_dummy_available"",""basis"":""screenshot_brightness_inference"",""confidence"":""medium"",""as_of"":""2026-09-26"",""requires_confirmation_for_test_setup"":true}"
34,Zeus,1,Era 1,"{""file"":""user_2026-09-27/Screenshot 2026-09-26 at 6.30.31 PM.png"",""image_number"":2,""card_ordinal_excluding_clipped_repeats"":10}","[""humanlike"",""divine""]",inferred_from_art_and_name,[],[],True,"{""player_use"":""available"",""opponent_use"":""training_dummy_available"",""basis"":""screenshot_brightness_inference"",""confidence"":""medium"",""as_of"":""2026-09-26"",""requires_confirmation_for_test_setup"":true}"
35,Pegasus,1,Era 1,"{""file"":""user_2026-09-27/Screenshot 2026-09-26 at 6.30.31 PM.png"",""image_number"":2,""card_ordinal_excluding_clipped_repeats"":11}","[""equine"",""winged""]",inferred_from_art_and_name,[],[],True,"{""player_use"":""available"",""opponent_use"":""training_dummy_available"",""basis"":""screenshot_brightness_inference"",""confidence"":""medium"",""as_of"":""2026-09-26"",""requires_confirmation_for_test_setup"":true}"
36,Bad Boys,1,Era 1,"{""file"":""user_2026-09-27/Screenshot 2026-09-26 at 6.30.31 PM.png"",""image_number"":2,""card_ordinal_excluding_clipped_repeats"":12}","[""spirit"",""group""]",inferred_from_art_and_name,[],[],True,"{""player_use"":""available"",""opponent_use"":""training_dummy_available"",""basis"":""screenshot_brightness_inference"",""confidence"":""medium"",""as_of"":""2026-09-26"",""requires_confirmation_for_test_setup"":true}"
37,Pandora,1,Era 1,"{""file"":""user_2026-09-27/Screenshot 2026-09-26 at 6.30.31 PM.png"",""image_number"":2,""card_ordinal_excluding_clipped_repeats"":13}","[""humanlike""]",inferred_from_art_and_name,"[""rng""]","[{""card_id"":37,""class_name"":""rng"",""source_url"":""https://card-rng.fandom.com/wiki/Pandora"",""evidence_summary"":""Trivia explicitly identifies Pandora as RNG-based for Black Cat bonus damage."",""status"":""wiki_supported_unverified_current""}]",True,"{""player_use"":""available"",""opponent_use"":""training_dummy_available"",""basis"":""screenshot_brightness_inference"",""confidence"":""medium"",""as_of"":""2026-09-26"",""requires_confirmation_for_test_setup"":true}"
38,Heaven's Armor,1,Era 1,"{""file"":""user_2026-09-27/Screenshot 2026-09-26 at 6.30.31 PM.png"",""image_number"":2,""card_ordinal_excluding_clipped_repeats"":14}","[""armored"",""divine""]",inferred_from_art_and_name,[],[],True,"{""player_use"":""available"",""opponent_use"":""training_dummy_available"",""basis"":""screenshot_brightness_inference"",""confidence"":""medium"",""as_of"":""2026-09-26"",""requires_confirmation_for_test_setup"":true}"
39,Jamiy the Bald One,1,Era 1,"{""file"":""user_2026-09-27/Screenshot 2026-09-26 at 6.30.31 PM.png"",""image_number"":2,""card_ordinal_excluding_clipped_repeats"":15}","[""humanlike"",""armored""]",inferred_from_art_and_name,[],[],True,"{""player_use"":""available"",""opponent_use"":""training_dummy_available"",""basis"":""screenshot_brightness_inference"",""confidence"":""medium"",""as_of"":""2026-09-26"",""requires_confirmation_for_test_setup"":true}"
40,ToadBoiGaming,1,Era 1,"{""file"":""user_2026-09-27/Screenshot 2026-09-26 at 6.30.31 PM.png"",""image_number"":2,""card_ordinal_excluding_clipped_repeats"":16}","[""humanoid"",""fungal""]",inferred_from_art_and_name,"[""rng""]",[],True,"{""player_use"":""available"",""opponent_use"":""training_dummy_available"",""basis"":""screenshot_brightness_inference"",""confidence"":""medium"",""as_of"":""2026-09-26"",""requires_confirmation_for_test_setup"":true}"
41,Boreas,1,Era 1,"{""file"":""user_2026-09-27/Screenshot 2026-09-26 at 6.30.31 PM.png"",""image_number"":2,""card_ordinal_excluding_clipped_repeats"":17}","[""humanlike"",""spirit""]",inferred_from_art_and_name,[],[],True,"{""player_use"":""available"",""opponent_use"":""training_dummy_available"",""basis"":""screenshot_brightness_inference"",""confidence"":""medium"",""as_of"":""2026-09-26"",""requires_confirmation_for_test_setup"":true}"
42,Thor,1,Era 1,"{""file"":""user_2026-09-27/Screenshot 2026-09-26 at 6.30.31 PM.png"",""image_number"":2,""card_ordinal_excluding_clipped_repeats"":18}","[""humanlike"",""warrior""]",inferred_from_art_and_name,[],[],True,"{""player_use"":""available"",""opponent_use"":""training_dummy_available"",""basis"":""screenshot_brightness_inference"",""confidence"":""medium"",""as_of"":""2026-09-26"",""requires_confirmation_for_test_setup"":true}"
43,Loki,1,Era 1,"{""file"":""user_2026-09-27/Screenshot 2026-09-26 at 6.30.31 PM.png"",""image_number"":2,""card_ordinal_excluding_clipped_repeats"":19}","[""humanlike"",""horned""]",inferred_from_art_and_name,[],[],True,"{""player_use"":""available"",""opponent_use"":""training_dummy_available"",""basis"":""screenshot_brightness_inference"",""confidence"":""medium"",""as_of"":""2026-09-26"",""requires_confirmation_for_test_setup"":true}"
44,Poseidon,1,Era 1,"{""file"":""user_2026-09-27/Screenshot 2026-09-26 at 6.30.31 PM.png"",""image_number"":2,""card_ordinal_excluding_clipped_repeats"":20}","[""humanlike"",""divine""]",inferred_from_art_and_name,[],[],True,"{""player_use"":""available"",""opponent_use"":""training_dummy_available"",""basis"":""screenshot_brightness_inference"",""confidence"":""medium"",""as_of"":""2026-09-26"",""requires_confirmation_for_test_setup"":true}"
45,Limitless Rivals,1,Era 1,"{""file"":""user_2026-09-27/Screenshot 2026-09-26 at 6.30.31 PM.png"",""image_number"":2,""card_ordinal_excluding_clipped_repeats"":21}","[""abstract""]",inferred_from_art_and_name,[],[],True,"{""player_use"":""available"",""opponent_use"":""training_dummy_available"",""basis"":""screenshot_brightness_inference"",""confidence"":""medium"",""as_of"":""2026-09-26"",""requires_confirmation_for_test_setup"":true}"
46,Vicious,1,Era 1,"{""file"":""user_2026-09-27/Screenshot 2026-09-26 at 6.30.31 PM.png"",""image_number"":2,""card_ordinal_excluding_clipped_repeats"":22}","[""spirit""]",inferred_from_art_and_name,"[""demon""]",[],True,"{""player_use"":""available"",""opponent_use"":""training_dummy_available"",""basis"":""screenshot_brightness_inference"",""confidence"":""medium"",""as_of"":""2026-09-26"",""requires_confirmation_for_test_setup"":true}"
47,Typhon,1,Era 1,"{""file"":""user_2026-09-27/Screenshot 2026-09-26 at 6.30.31 PM.png"",""image_number"":2,""card_ordinal_excluding_clipped_repeats"":23}","[""dragon"",""armored""]",inferred_from_art_and_name,"[""dragon""]",[],True,"{""player_use"":""available"",""opponent_use"":""training_dummy_available"",""basis"":""screenshot_brightness_inference"",""confidence"":""medium"",""as_of"":""2026-09-26"",""requires_confirmation_for_test_setup"":true}"
48,The Curse,1,Era 1,"{""file"":""user_2026-09-27/Screenshot 2026-09-26 at 6.30.31 PM.png"",""image_number"":2,""card_ordinal_excluding_clipped_repeats"":24}","[""humanlike"",""demon""]",inferred_from_art_and_name,"[""demon""]",[],True,"{""player_use"":""available"",""opponent_use"":""training_dummy_available"",""basis"":""screenshot_brightness_inference"",""confidence"":""medium"",""as_of"":""2026-09-26"",""requires_confirmation_for_test_setup"":true}"
49,Hades,1,Era 1,"{""file"":""user_2026-09-27/Screenshot 2026-09-26 at 6.30.52 PM.png"",""image_number"":3,""card_ordinal_excluding_clipped_repeats"":1}","[""humanlike"",""divine""]",inferred_from_art_and_name,"[""undead""]","[{""card_id"":49,""class_name"":""undead"",""source_url"":""https://card-rng.fandom.com/wiki/Hades"",""evidence_summary"":""The card page explicitly carries the Undead category."",""status"":""wiki_supported_unverified_current""}]",True,"{""player_use"":""available"",""opponent_use"":""training_dummy_available"",""basis"":""screenshot_brightness_inference"",""confidence"":""medium"",""as_of"":""2026-09-26"",""requires_confirmation_for_test_setup"":true}"
50,Judgement Day,1,Era 1,"{""file"":""user_2026-09-27/Screenshot 2026-09-26 at 6.30.52 PM.png"",""image_number"":3,""card_ordinal_excluding_clipped_repeats"":2}","[""divine"",""winged""]",inferred_from_art_and_name,"[""rng""]",[],True,"{""player_use"":""available"",""opponent_use"":""training_dummy_available"",""basis"":""screenshot_brightness_inference"",""confidence"":""medium"",""as_of"":""2026-09-26"",""requires_confirmation_for_test_setup"":true}"
51,Odin,1,Era 1,"{""file"":""user_2026-09-27/Screenshot 2026-09-26 at 6.30.52 PM.png"",""image_number"":3,""card_ordinal_excluding_clipped_repeats"":3}","[""humanlike"",""divine""]",inferred_from_art_and_name,[],[],True,"{""player_use"":""available"",""opponent_use"":""training_dummy_available"",""basis"":""screenshot_brightness_inference"",""confidence"":""medium"",""as_of"":""2026-09-26"",""requires_confirmation_for_test_setup"":true}"
52,Black Plague,1,Era 1,"{""file"":""user_2026-09-27/Screenshot 2026-09-26 at 6.30.52 PM.png"",""image_number"":3,""card_ordinal_excluding_clipped_repeats"":4}","[""humanoid"",""plant""]",inferred_from_art_and_name,[],[],True,"{""player_use"":""available"",""opponent_use"":""training_dummy_available"",""basis"":""screenshot_brightness_inference"",""confidence"":""medium"",""as_of"":""2026-09-26"",""requires_confirmation_for_test_setup"":true}"
53,Chaos,1,Era 1,"{""file"":""user_2026-09-27/Screenshot 2026-09-26 at 6.30.52 PM.png"",""image_number"":3,""card_ordinal_excluding_clipped_repeats"":5}","[""humanoid"",""antlered""]",inferred_from_art_and_name,"[""rng""]",[],True,"{""player_use"":""available"",""opponent_use"":""training_dummy_available"",""basis"":""screenshot_brightness_inference"",""confidence"":""medium"",""as_of"":""2026-09-26"",""requires_confirmation_for_test_setup"":true}"
54,Deus Ex,1,Era 1,"{""file"":""user_2026-09-27/Screenshot 2026-09-26 at 6.30.52 PM.png"",""image_number"":3,""card_ordinal_excluding_clipped_repeats"":6}","[""humanlike"",""hooded""]",inferred_from_art_and_name,[],[],True,"{""player_use"":""available"",""opponent_use"":""training_dummy_available"",""basis"":""screenshot_brightness_inference"",""confidence"":""medium"",""as_of"":""2026-09-26"",""requires_confirmation_for_test_setup"":true}"
55,Siegfried,1,Era 1,"{""file"":""user_2026-09-27/Screenshot 2026-09-26 at 6.30.52 PM.png"",""image_number"":3,""card_ordinal_excluding_clipped_repeats"":7}","[""humanlike"",""warrior""]",inferred_from_art_and_name,"[""swordsmen""]",[],True,"{""player_use"":""available"",""opponent_use"":""training_dummy_available"",""basis"":""screenshot_brightness_inference"",""confidence"":""medium"",""as_of"":""2026-09-26"",""requires_confirmation_for_test_setup"":true}"
56,Astraeus,1,Era 1,"{""file"":""user_2026-09-27/Screenshot 2026-09-26 at 6.30.52 PM.png"",""image_number"":3,""card_ordinal_excluding_clipped_repeats"":8}","[""armored"",""divine""]",inferred_from_art_and_name,[],[],True,"{""player_use"":""available"",""opponent_use"":""training_dummy_available"",""basis"":""screenshot_brightness_inference"",""confidence"":""medium"",""as_of"":""2026-09-26"",""requires_confirmation_for_test_setup"":true}"
57,Surtr,1,Era 1,"{""file"":""user_2026-09-27/Screenshot 2026-09-26 at 6.30.52 PM.png"",""image_number"":3,""card_ordinal_excluding_clipped_repeats"":9}","[""humanoid"",""fire""]",inferred_from_art_and_name,[],[],True,"{""player_use"":""available"",""opponent_use"":""training_dummy_available"",""basis"":""screenshot_brightness_inference"",""confidence"":""medium"",""as_of"":""2026-09-26"",""requires_confirmation_for_test_setup"":true}"
58,Cronus,1,Era 1,"{""file"":""user_2026-09-27/Screenshot 2026-09-26 at 6.30.52 PM.png"",""image_number"":3,""card_ordinal_excluding_clipped_repeats"":10}","[""humanlike"",""divine""]",inferred_from_art_and_name,[],[],True,"{""player_use"":""available"",""opponent_use"":""training_dummy_available"",""basis"":""screenshot_brightness_inference"",""confidence"":""medium"",""as_of"":""2026-09-26"",""requires_confirmation_for_test_setup"":true}"
59,Gilgamesh,1,Era 1,"{""file"":""user_2026-09-27/Screenshot 2026-09-26 at 6.30.52 PM.png"",""image_number"":3,""card_ordinal_excluding_clipped_repeats"":11}","[""humanlike"",""warrior""]",inferred_from_art_and_name,[],[],True,"{""player_use"":""available"",""opponent_use"":""training_dummy_available"",""basis"":""screenshot_brightness_inference"",""confidence"":""medium"",""as_of"":""2026-09-26"",""requires_confirmation_for_test_setup"":true}"
60,Fafnir,1,Era 1,"{""file"":""user_2026-09-27/Screenshot 2026-09-26 at 6.30.52 PM.png"",""image_number"":3,""card_ordinal_excluding_clipped_repeats"":12}","[""dragon""]",inferred_from_art_and_name,"[""demon"",""dragon""]","[{""card_id"":60,""class_name"":""dragon"",""source_url"":""https://card-rng.fandom.com/wiki/Dragon_King"",""evidence_summary"":""Dragon King trivia explicitly includes this card among its dragon targets."",""status"":""wiki_supported_unverified_current""}]",True,"{""player_use"":""available"",""opponent_use"":""training_dummy_available"",""basis"":""screenshot_brightness_inference"",""confidence"":""medium"",""as_of"":""2026-09-26"",""requires_confirmation_for_test_setup"":true}"
61,Ragon,1,Era 1,"{""file"":""user_2026-09-27/Screenshot 2026-09-26 at 6.30.52 PM.png"",""image_number"":3,""card_ordinal_excluding_clipped_repeats"":13}","[""dragon""]",inferred_from_art_and_name,"[""dragon""]","[{""card_id"":61,""class_name"":""dragon"",""source_url"":""https://card-rng.fandom.com/wiki/Dragon_King"",""evidence_summary"":""Dragon King trivia explicitly includes this card among its dragon targets."",""status"":""wiki_supported_unverified_current""}]",True,"{""player_use"":""available"",""opponent_use"":""training_dummy_available"",""basis"":""screenshot_brightness_inference"",""confidence"":""medium"",""as_of"":""2026-09-26"",""requires_confirmation_for_test_setup"":true}"
62,Serpent Mist,1,Era 1,"{""file"":""user_2026-09-27/Screenshot 2026-09-26 at 6.30.52 PM.png"",""image_number"":3,""card_ordinal_excluding_clipped_repeats"":14}","[""aquatic"",""reptile""]",inferred_from_art_and_name,[],[],True,"{""player_use"":""unavailable"",""opponent_use"":""training_dummy_available"",""basis"":""screenshot_brightness_inference"",""confidence"":""medium"",""as_of"":""2026-09-26"",""requires_confirmation_for_test_setup"":true}"
63,Yeti,1,Era 1,"{""file"":""user_2026-09-27/Screenshot 2026-09-26 at 6.30.52 PM.png"",""image_number"":3,""card_ordinal_excluding_clipped_repeats"":15}","[""animal"",""mammal"",""ice""]",inferred_from_art_and_name,[],[],True,"{""player_use"":""available"",""opponent_use"":""training_dummy_available"",""basis"":""screenshot_brightness_inference"",""confidence"":""medium"",""as_of"":""2026-09-26"",""requires_confirmation_for_test_setup"":true}"
64,Achyls,1,Era 1,"{""file"":""user_2026-09-27/Screenshot 2026-09-26 at 6.30.52 PM.png"",""image_number"":3,""card_ordinal_excluding_clipped_repeats"":16}","[""spirit"",""humanoid""]",inferred_from_art_and_name,"[""rng""]",[],True,"{""player_use"":""unavailable"",""opponent_use"":""training_dummy_available"",""basis"":""screenshot_brightness_inference"",""confidence"":""medium"",""as_of"":""2026-09-26"",""requires_confirmation_for_test_setup"":true}"
65,Parallax,1,Era 1,"{""file"":""user_2026-09-27/Screenshot 2026-09-26 at 6.30.52 PM.png"",""image_number"":3,""card_ordinal_excluding_clipped_repeats"":17}","[""humanoid"",""demon""]",inferred_from_art_and_name,"[""dragon""]",[],True,"{""player_use"":""unavailable"",""opponent_use"":""training_dummy_available"",""basis"":""screenshot_brightness_inference"",""confidence"":""medium"",""as_of"":""2026-09-26"",""requires_confirmation_for_test_setup"":true}"
66,Mummy,2,Egypt,"{""file"":""user_2026-09-27/Screenshot 2026-09-26 at 6.31.00 PM.png"",""image_number"":4,""card_ordinal_excluding_clipped_repeats"":1}","[""undead"",""hooded""]",inferred_from_art_and_name,"[""undead""]","[{""card_id"":66,""class_name"":""undead"",""source_url"":""https://card-rng.fandom.com/wiki/Mummy"",""evidence_summary"":""The card page explicitly carries the Undead category."",""status"":""wiki_supported_unverified_current""}]",True,"{""player_use"":""available"",""opponent_use"":""training_dummy_available"",""basis"":""screenshot_brightness_inference"",""confidence"":""medium"",""as_of"":""2026-09-26"",""requires_confirmation_for_test_setup"":true}"
67,Dancer,2,Egypt,"{""file"":""user_2026-09-27/Screenshot 2026-09-26 at 6.31.00 PM.png"",""image_number"":4,""card_ordinal_excluding_clipped_repeats"":2}","[""humanlike""]",inferred_from_art_and_name,[],[],True,"{""player_use"":""available"",""opponent_use"":""training_dummy_available"",""basis"":""screenshot_brightness_inference"",""confidence"":""medium"",""as_of"":""2026-09-26"",""requires_confirmation_for_test_setup"":true}"
68,Vizier,2,Egypt,"{""file"":""user_2026-09-27/Screenshot 2026-09-26 at 6.31.00 PM.png"",""image_number"":4,""card_ordinal_excluding_clipped_repeats"":3}","[""humanlike""]",inferred_from_art_and_name,[],[],True,"{""player_use"":""available"",""opponent_use"":""training_dummy_available"",""basis"":""screenshot_brightness_inference"",""confidence"":""medium"",""as_of"":""2026-09-26"",""requires_confirmation_for_test_setup"":true}"
69,Black Cat,2,Egypt,"{""file"":""user_2026-09-27/Screenshot 2026-09-26 at 6.31.00 PM.png"",""image_number"":4,""card_ordinal_excluding_clipped_repeats"":4}","[""animal"",""feline""]",inferred_from_art_and_name,[],[],True,"{""player_use"":""available"",""opponent_use"":""training_dummy_available"",""basis"":""screenshot_brightness_inference"",""confidence"":""medium"",""as_of"":""2026-09-26"",""requires_confirmation_for_test_setup"":true}"
70,Sekhmet,2,Egypt,"{""file"":""user_2026-09-27/Screenshot 2026-09-26 at 6.31.00 PM.png"",""image_number"":4,""card_ordinal_excluding_clipped_repeats"":5}","[""humanlike"",""divine""]",inferred_from_art_and_name,[],[],True,"{""player_use"":""available"",""opponent_use"":""training_dummy_available"",""basis"":""screenshot_brightness_inference"",""confidence"":""medium"",""as_of"":""2026-09-26"",""requires_confirmation_for_test_setup"":true}"
71,Amenhotep,2,Egypt,"{""file"":""user_2026-09-27/Screenshot 2026-09-26 at 6.31.00 PM.png"",""image_number"":4,""card_ordinal_excluding_clipped_repeats"":6}","[""humanlike""]",inferred_from_art_and_name,[],[],True,"{""player_use"":""available"",""opponent_use"":""training_dummy_available"",""basis"":""screenshot_brightness_inference"",""confidence"":""medium"",""as_of"":""2026-09-26"",""requires_confirmation_for_test_setup"":true}"
72,Sphinx,2,Egypt,"{""file"":""user_2026-09-27/Screenshot 2026-09-26 at 6.31.00 PM.png"",""image_number"":4,""card_ordinal_excluding_clipped_repeats"":7}","[""animal"",""feline"",""divine""]",inferred_from_art_and_name,[],[],True,"{""player_use"":""available"",""opponent_use"":""training_dummy_available"",""basis"":""screenshot_brightness_inference"",""confidence"":""medium"",""as_of"":""2026-09-26"",""requires_confirmation_for_test_setup"":true}"
73,Horus,2,Egypt,"{""file"":""user_2026-09-27/Screenshot 2026-09-26 at 6.31.00 PM.png"",""image_number"":4,""card_ordinal_excluding_clipped_repeats"":8}","[""avian"",""humanoid"",""divine""]",inferred_from_art_and_name,"[""avian""]",[],True,"{""player_use"":""available"",""opponent_use"":""training_dummy_available"",""basis"":""screenshot_brightness_inference"",""confidence"":""medium"",""as_of"":""2026-09-26"",""requires_confirmation_for_test_setup"":true}"
74,Shu,2,Egypt,"{""file"":""user_2026-09-27/Screenshot 2026-09-26 at 6.31.00 PM.png"",""image_number"":4,""card_ordinal_excluding_clipped_repeats"":9}","[""humanlike"",""divine""]",inferred_from_art_and_name,[],[],True,"{""player_use"":""available"",""opponent_use"":""training_dummy_available"",""basis"":""screenshot_brightness_inference"",""confidence"":""medium"",""as_of"":""2026-09-26"",""requires_confirmation_for_test_setup"":true}"
75,Set,2,Egypt,"{""file"":""user_2026-09-27/Screenshot 2026-09-26 at 6.31.00 PM.png"",""image_number"":4,""card_ordinal_excluding_clipped_repeats"":10}","[""animal"",""humanoid"",""divine""]",inferred_from_art_and_name,[],[],True,"{""player_use"":""available"",""opponent_use"":""training_dummy_available"",""basis"":""screenshot_brightness_inference"",""confidence"":""medium"",""as_of"":""2026-09-26"",""requires_confirmation_for_test_setup"":true}"
76,Anubis,2,Egypt,"{""file"":""user_2026-09-27/Screenshot 2026-09-26 at 6.31.00 PM.png"",""image_number"":4,""card_ordinal_excluding_clipped_repeats"":11}","[""canine"",""humanoid"",""divine""]",inferred_from_art_and_name,"[""undead""]","[{""card_id"":76,""class_name"":""undead"",""source_url"":""https://card-rng.fandom.com/wiki/Anubis"",""evidence_summary"":""The card page explicitly carries the Undead category."",""status"":""wiki_supported_unverified_current""}]",True,"{""player_use"":""available"",""opponent_use"":""training_dummy_available"",""basis"":""screenshot_brightness_inference"",""confidence"":""medium"",""as_of"":""2026-09-26"",""requires_confirmation_for_test_setup"":true}"
77,Serket,2,Egypt,"{""file"":""user_2026-09-27/Screenshot 2026-09-26 at 6.31.00 PM.png"",""image_number"":4,""card_ordinal_excluding_clipped_repeats"":12}","[""humanoid"",""insectoid""]",inferred_from_art_and_name,[],[],True,"{""player_use"":""available"",""opponent_use"":""training_dummy_available"",""basis"":""screenshot_brightness_inference"",""confidence"":""medium"",""as_of"":""2026-09-26"",""requires_confirmation_for_test_setup"":true}"
78,Hathor,2,Egypt,"{""file"":""user_2026-09-27/Screenshot 2026-09-26 at 6.31.00 PM.png"",""image_number"":4,""card_ordinal_excluding_clipped_repeats"":13}","[""unknown""]",unresolved_blank_art,[],[],True,"{""player_use"":""unknown"",""opponent_use"":""training_dummy_available"",""basis"":""screenshot_brightness_inference"",""confidence"":""low"",""as_of"":""2026-09-26"",""requires_confirmation_for_test_setup"":true}"
79,Ra,2,Egypt,"{""file"":""user_2026-09-27/Screenshot 2026-09-26 at 6.31.00 PM.png"",""image_number"":4,""card_ordinal_excluding_clipped_repeats"":14}","[""avian"",""divine""]",inferred_from_art_and_name,"[""avian""]",[],True,"{""player_use"":""available"",""opponent_use"":""training_dummy_available"",""basis"":""screenshot_brightness_inference"",""confidence"":""medium"",""as_of"":""2026-09-26"",""requires_confirmation_for_test_setup"":true}"
80,Sorceror,3,Anime,"{""file"":""user_2026-09-27/Screenshot 2026-09-26 at 6.31.07 PM.png"",""image_number"":5,""card_ordinal_excluding_clipped_repeats"":1}","[""humanlike""]",inferred_from_art_and_name,[],[],True,"{""player_use"":""available"",""opponent_use"":""training_dummy_available"",""basis"":""screenshot_brightness_inference"",""confidence"":""medium"",""as_of"":""2026-09-26"",""requires_confirmation_for_test_setup"":true}"
81,Demon Hunter,3,Anime,"{""file"":""user_2026-09-27/Screenshot 2026-09-26 at 6.31.07 PM.png"",""image_number"":5,""card_ordinal_excluding_clipped_repeats"":2}","[""humanlike"",""demon""]",inferred_from_art_and_name,"[""demon""]",[],True,"{""player_use"":""available"",""opponent_use"":""training_dummy_available"",""basis"":""screenshot_brightness_inference"",""confidence"":""medium"",""as_of"":""2026-09-26"",""requires_confirmation_for_test_setup"":true}"
82,Trainee,3,Anime,"{""file"":""user_2026-09-27/Screenshot 2026-09-26 at 6.31.07 PM.png"",""image_number"":5,""card_ordinal_excluding_clipped_repeats"":3}","[""humanlike"",""warrior""]",inferred_from_art_and_name,[],[],True,"{""player_use"":""available"",""opponent_use"":""training_dummy_available"",""basis"":""screenshot_brightness_inference"",""confidence"":""medium"",""as_of"":""2026-09-26"",""requires_confirmation_for_test_setup"":true}"
83,Gambler,3,Anime,"{""file"":""user_2026-09-27/Screenshot 2026-09-26 at 6.31.07 PM.png"",""image_number"":5,""card_ordinal_excluding_clipped_repeats"":4}","[""humanlike""]",inferred_from_art_and_name,"[""rng""]","[{""card_id"":83,""class_name"":""rng"",""source_url"":""https://card-rng.fandom.com/wiki/Abilities"",""evidence_summary"":""The card ability table explicitly labels this ability type RNG."",""status"":""wiki_supported_unverified_current""}]",True,"{""player_use"":""available"",""opponent_use"":""training_dummy_available"",""basis"":""screenshot_brightness_inference"",""confidence"":""medium"",""as_of"":""2026-09-26"",""requires_confirmation_for_test_setup"":true}"
84,Stone Scientist,3,Anime,"{""file"":""user_2026-09-27/Screenshot 2026-09-26 at 6.31.07 PM.png"",""image_number"":5,""card_ordinal_excluding_clipped_repeats"":5}","[""humanlike""]",inferred_from_art_and_name,[],[],True,"{""player_use"":""available"",""opponent_use"":""training_dummy_available"",""basis"":""screenshot_brightness_inference"",""confidence"":""medium"",""as_of"":""2026-09-26"",""requires_confirmation_for_test_setup"":true}"
85,Darling,3,Anime,"{""file"":""user_2026-09-27/Screenshot 2026-09-26 at 6.31.07 PM.png"",""image_number"":5,""card_ordinal_excluding_clipped_repeats"":6}","[""humanlike"",""horned""]",inferred_from_art_and_name,[],[],True,"{""player_use"":""available"",""opponent_use"":""training_dummy_available"",""basis"":""screenshot_brightness_inference"",""confidence"":""medium"",""as_of"":""2026-09-26"",""requires_confirmation_for_test_setup"":true}"
86,Gunslinger,3,Anime,"{""file"":""user_2026-09-27/Screenshot 2026-09-26 at 6.31.07 PM.png"",""image_number"":5,""card_ordinal_excluding_clipped_repeats"":7}","[""humanlike""]",inferred_from_art_and_name,[],[],True,"{""player_use"":""available"",""opponent_use"":""training_dummy_available"",""basis"":""screenshot_brightness_inference"",""confidence"":""medium"",""as_of"":""2026-09-26"",""requires_confirmation_for_test_setup"":true}"
87,Artoria of Excalibur,3,Anime,"{""file"":""user_2026-09-27/Screenshot 2026-09-26 at 6.31.07 PM.png"",""image_number"":5,""card_ordinal_excluding_clipped_repeats"":8}","[""humanlike"",""warrior""]",inferred_from_art_and_name,"[""swordsmen""]",[],True,"{""player_use"":""available"",""opponent_use"":""training_dummy_available"",""basis"":""screenshot_brightness_inference"",""confidence"":""medium"",""as_of"":""2026-09-26"",""requires_confirmation_for_test_setup"":true}"
88,Academy Student,3,Anime,"{""file"":""user_2026-09-27/Screenshot 2026-09-26 at 6.31.07 PM.png"",""image_number"":5,""card_ordinal_excluding_clipped_repeats"":9}","[""humanlike""]",inferred_from_art_and_name,[],[],True,"{""player_use"":""available"",""opponent_use"":""training_dummy_available"",""basis"":""screenshot_brightness_inference"",""confidence"":""medium"",""as_of"":""2026-09-26"",""requires_confirmation_for_test_setup"":true}"
89,Priest,3,Anime,"{""file"":""user_2026-09-27/Screenshot 2026-09-26 at 6.31.07 PM.png"",""image_number"":5,""card_ordinal_excluding_clipped_repeats"":10}","[""humanlike""]",inferred_from_art_and_name,[],[],True,"{""player_use"":""available"",""opponent_use"":""training_dummy_available"",""basis"":""screenshot_brightness_inference"",""confidence"":""medium"",""as_of"":""2026-09-26"",""requires_confirmation_for_test_setup"":true}"
90,Control Freak,3,Anime,"{""file"":""user_2026-09-27/Screenshot 2026-09-26 at 6.31.07 PM.png"",""image_number"":5,""card_ordinal_excluding_clipped_repeats"":11}","[""humanlike""]",inferred_from_art_and_name,[],[],True,"{""player_use"":""available"",""opponent_use"":""training_dummy_available"",""basis"":""screenshot_brightness_inference"",""confidence"":""medium"",""as_of"":""2026-09-26"",""requires_confirmation_for_test_setup"":true}"
91,Vampire Lord,3,Anime,"{""file"":""user_2026-09-27/Screenshot 2026-09-26 at 6.31.07 PM.png"",""image_number"":5,""card_ordinal_excluding_clipped_repeats"":12}","[""humanlike"",""undead""]",inferred_from_art_and_name,"[""undead""]",[],True,"{""player_use"":""available"",""opponent_use"":""training_dummy_available"",""basis"":""screenshot_brightness_inference"",""confidence"":""medium"",""as_of"":""2026-09-26"",""requires_confirmation_for_test_setup"":true}"
92,Admiral Ice,3,Anime,"{""file"":""user_2026-09-27/Screenshot 2026-09-26 at 6.31.07 PM.png"",""image_number"":5,""card_ordinal_excluding_clipped_repeats"":13}","[""humanlike"",""ice""]",inferred_from_art_and_name,[],[],True,"{""player_use"":""available"",""opponent_use"":""training_dummy_available"",""basis"":""screenshot_brightness_inference"",""confidence"":""medium"",""as_of"":""2026-09-26"",""requires_confirmation_for_test_setup"":true}"
93,Nao Presence,3,Anime,"{""file"":""user_2026-09-27/Screenshot 2026-09-26 at 6.31.07 PM.png"",""image_number"":5,""card_ordinal_excluding_clipped_repeats"":14}","[""humanlike""]",inferred_from_art_and_name,"[""rng""]",[],True,"{""player_use"":""available"",""opponent_use"":""training_dummy_available"",""basis"":""screenshot_brightness_inference"",""confidence"":""medium"",""as_of"":""2026-09-26"",""requires_confirmation_for_test_setup"":true}"
94,Immortal Witch,3,Anime,"{""file"":""user_2026-09-27/Screenshot 2026-09-26 at 6.31.07 PM.png"",""image_number"":5,""card_ordinal_excluding_clipped_repeats"":15}","[""humanlike""]",inferred_from_art_and_name,[],[],True,"{""player_use"":""available"",""opponent_use"":""training_dummy_available"",""basis"":""screenshot_brightness_inference"",""confidence"":""medium"",""as_of"":""2026-09-26"",""requires_confirmation_for_test_setup"":true}"
95,Tornado,3,Anime,"{""file"":""user_2026-09-27/Screenshot 2026-09-26 at 6.31.07 PM.png"",""image_number"":5,""card_ordinal_excluding_clipped_repeats"":16}","[""humanlike""]",inferred_from_art_and_name,[],[],True,"{""player_use"":""available"",""opponent_use"":""training_dummy_available"",""basis"":""screenshot_brightness_inference"",""confidence"":""medium"",""as_of"":""2026-09-26"",""requires_confirmation_for_test_setup"":true}"
96,Failed Mage,3,Anime,"{""file"":""user_2026-09-27/Screenshot 2026-09-26 at 6.31.07 PM.png"",""image_number"":5,""card_ordinal_excluding_clipped_repeats"":17}","[""humanlike""]",inferred_from_art_and_name,[],[],True,"{""player_use"":""available"",""opponent_use"":""training_dummy_available"",""basis"":""screenshot_brightness_inference"",""confidence"":""medium"",""as_of"":""2026-09-26"",""requires_confirmation_for_test_setup"":true}"
97,Joe,3,Anime,"{""file"":""user_2026-09-27/Screenshot 2026-09-26 at 6.31.07 PM.png"",""image_number"":5,""card_ordinal_excluding_clipped_repeats"":18}","[""humanlike""]",inferred_from_art_and_name,[],[],True,"{""player_use"":""available"",""opponent_use"":""training_dummy_available"",""basis"":""screenshot_brightness_inference"",""confidence"":""medium"",""as_of"":""2026-09-26"",""requires_confirmation_for_test_setup"":true}"
98,Ultimate Brawler,3,Anime,"{""file"":""user_2026-09-27/Screenshot 2026-09-26 at 6.31.07 PM.png"",""image_number"":5,""card_ordinal_excluding_clipped_repeats"":19}","[""humanlike"",""warrior""]",inferred_from_art_and_name,[],[],True,"{""player_use"":""available"",""opponent_use"":""training_dummy_available"",""basis"":""screenshot_brightness_inference"",""confidence"":""medium"",""as_of"":""2026-09-26"",""requires_confirmation_for_test_setup"":true}"
99,Cosmic Pop Star,3,Anime,"{""file"":""user_2026-09-27/Screenshot 2026-09-26 at 6.31.07 PM.png"",""image_number"":5,""card_ordinal_excluding_clipped_repeats"":20}","[""humanlike""]",inferred_from_art_and_name,[],[],True,"{""player_use"":""available"",""opponent_use"":""training_dummy_available"",""basis"":""screenshot_brightness_inference"",""confidence"":""medium"",""as_of"":""2026-09-26"",""requires_confirmation_for_test_setup"":true}"
100,Mastermind,3,Anime,"{""file"":""user_2026-09-27/Screenshot 2026-09-26 at 6.31.07 PM.png"",""image_number"":5,""card_ordinal_excluding_clipped_repeats"":21}","[""humanlike""]",inferred_from_art_and_name,[],[],True,"{""player_use"":""available"",""opponent_use"":""training_dummy_available"",""basis"":""screenshot_brightness_inference"",""confidence"":""medium"",""as_of"":""2026-09-26"",""requires_confirmation_for_test_setup"":true}"
101,Cat Lady,3,Anime,"{""file"":""user_2026-09-27/Screenshot 2026-09-26 at 6.31.07 PM.png"",""image_number"":5,""card_ordinal_excluding_clipped_repeats"":22}","[""humanlike"",""feline""]",inferred_from_art_and_name,[],[],True,"{""player_use"":""available"",""opponent_use"":""training_dummy_available"",""basis"":""screenshot_brightness_inference"",""confidence"":""medium"",""as_of"":""2026-09-26"",""requires_confirmation_for_test_setup"":true}"
102,Domain Master,3,Anime,"{""file"":""user_2026-09-27/Screenshot 2026-09-26 at 6.31.07 PM.png"",""image_number"":5,""card_ordinal_excluding_clipped_repeats"":23}","[""humanlike""]",inferred_from_art_and_name,[],[],True,"{""player_use"":""available"",""opponent_use"":""training_dummy_available"",""basis"":""screenshot_brightness_inference"",""confidence"":""medium"",""as_of"":""2026-09-26"",""requires_confirmation_for_test_setup"":true}"
103,Kira,3,Anime,"{""file"":""user_2026-09-27/Screenshot 2026-09-26 at 6.31.07 PM.png"",""image_number"":5,""card_ordinal_excluding_clipped_repeats"":24}","[""humanlike""]",inferred_from_art_and_name,[],[],True,"{""player_use"":""available"",""opponent_use"":""training_dummy_available"",""basis"":""screenshot_brightness_inference"",""confidence"":""medium"",""as_of"":""2026-09-26"",""requires_confirmation_for_test_setup"":true}"
104,Piccolo,3,Anime,"{""file"":""user_2026-09-27/Screenshot 2026-09-26 at 6.31.22 PM.png"",""image_number"":6,""card_ordinal_excluding_clipped_repeats"":1}","[""humanoid"",""alien""]",inferred_from_art_and_name,[],[],True,"{""player_use"":""available"",""opponent_use"":""training_dummy_available"",""basis"":""screenshot_brightness_inference"",""confidence"":""medium"",""as_of"":""2026-09-26"",""requires_confirmation_for_test_setup"":true}"
105,Ninja,4,Rising Sun,"{""file"":""user_2026-09-27/Screenshot 2026-09-26 at 6.31.22 PM.png"",""image_number"":6,""card_ordinal_excluding_clipped_repeats"":2}","[""humanlike"",""warrior""]",inferred_from_art_and_name,[],[],True,"{""player_use"":""available"",""opponent_use"":""training_dummy_available"",""basis"":""screenshot_brightness_inference"",""confidence"":""medium"",""as_of"":""2026-09-26"",""requires_confirmation_for_test_setup"":true}"
106,Samurai,4,Rising Sun,"{""file"":""user_2026-09-27/Screenshot 2026-09-26 at 6.31.22 PM.png"",""image_number"":6,""card_ordinal_excluding_clipped_repeats"":3}","[""humanlike"",""warrior""]",inferred_from_art_and_name,"[""swordsmen""]",[],True,"{""player_use"":""available"",""opponent_use"":""training_dummy_available"",""basis"":""screenshot_brightness_inference"",""confidence"":""medium"",""as_of"":""2026-09-26"",""requires_confirmation_for_test_setup"":true}"
107,Onmyoji,4,Rising Sun,"{""file"":""user_2026-09-27/Screenshot 2026-09-26 at 6.31.22 PM.png"",""image_number"":6,""card_ordinal_excluding_clipped_repeats"":4}","[""humanlike"",""mage""]",inferred_from_art_and_name,[],[],True,"{""player_use"":""available"",""opponent_use"":""training_dummy_available"",""basis"":""screenshot_brightness_inference"",""confidence"":""medium"",""as_of"":""2026-09-26"",""requires_confirmation_for_test_setup"":true}"
108,Kitsune,4,Rising Sun,"{""file"":""user_2026-09-27/Screenshot 2026-09-26 at 6.31.22 PM.png"",""image_number"":6,""card_ordinal_excluding_clipped_repeats"":5}","[""animal"",""canine"",""spirit""]",inferred_from_art_and_name,[],[],True,"{""player_use"":""available"",""opponent_use"":""training_dummy_available"",""basis"":""screenshot_brightness_inference"",""confidence"":""medium"",""as_of"":""2026-09-26"",""requires_confirmation_for_test_setup"":true}"
109,A0-ON1,4,Rising Sun,"{""file"":""user_2026-09-27/Screenshot 2026-09-26 at 6.31.22 PM.png"",""image_number"":6,""card_ordinal_excluding_clipped_repeats"":6}","[""construct"",""armored""]",inferred_from_art_and_name,"[""demon"",""friendship""]","[{""card_id"":109,""class_name"":""friendship"",""source_url"":""https://card-rng.fandom.com/wiki/A0-ON1"",""evidence_summary"":""Trivia explicitly identifies A0-ON1 and AK4-ON1 as the self-inclusive Friendship pair."",""status"":""wiki_supported_unverified_current""}]",True,"{""player_use"":""available"",""opponent_use"":""training_dummy_available"",""basis"":""screenshot_brightness_inference"",""confidence"":""medium"",""as_of"":""2026-09-26"",""requires_confirmation_for_test_setup"":true}"
110,AK4-ON1,4,Rising Sun,"{""file"":""user_2026-09-27/Screenshot 2026-09-26 at 6.31.22 PM.png"",""image_number"":6,""card_ordinal_excluding_clipped_repeats"":7}","[""construct"",""armored""]",inferred_from_art_and_name,"[""demon"",""friendship""]","[{""card_id"":110,""class_name"":""friendship"",""source_url"":""https://card-rng.fandom.com/wiki/A0-ON1"",""evidence_summary"":""Trivia explicitly identifies A0-ON1 and AK4-ON1 as the self-inclusive Friendship pair."",""status"":""wiki_supported_unverified_current""}]",True,"{""player_use"":""available"",""opponent_use"":""training_dummy_available"",""basis"":""screenshot_brightness_inference"",""confidence"":""medium"",""as_of"":""2026-09-26"",""requires_confirmation_for_test_setup"":true}"
111,Shuten-dōji,4,Rising Sun,"{""file"":""user_2026-09-27/Screenshot 2026-09-26 at 6.31.22 PM.png"",""image_number"":6,""card_ordinal_excluding_clipped_repeats"":8}","[""demon"",""humanoid""]",inferred_from_art_and_name,"[""demon""]",[],True,"{""player_use"":""available"",""opponent_use"":""training_dummy_available"",""basis"":""screenshot_brightness_inference"",""confidence"":""medium"",""as_of"":""2026-09-26"",""requires_confirmation_for_test_setup"":true}"
112,River Dragon,4,Rising Sun,"{""file"":""user_2026-09-27/Screenshot 2026-09-26 at 6.31.22 PM.png"",""image_number"":6,""card_ordinal_excluding_clipped_repeats"":9}","[""dragon"",""aquatic""]",inferred_from_art_and_name,"[""dragon""]","[{""card_id"":112,""class_name"":""dragon"",""source_url"":""https://card-rng.fandom.com/wiki/Dragon_King"",""evidence_summary"":""Dragon King trivia explicitly includes this card among its dragon targets."",""status"":""wiki_supported_unverified_current""}]",True,"{""player_use"":""available"",""opponent_use"":""training_dummy_available"",""basis"":""screenshot_brightness_inference"",""confidence"":""medium"",""as_of"":""2026-09-26"",""requires_confirmation_for_test_setup"":true}"
113,Sasaki Kojiro,4,Rising Sun,"{""file"":""user_2026-09-27/Screenshot 2026-09-26 at 6.31.22 PM.png"",""image_number"":6,""card_ordinal_excluding_clipped_repeats"":10}","[""humanlike"",""warrior""]",inferred_from_art_and_name,"[""swordsmen""]",[],True,"{""player_use"":""available"",""opponent_use"":""training_dummy_available"",""basis"":""screenshot_brightness_inference"",""confidence"":""medium"",""as_of"":""2026-09-26"",""requires_confirmation_for_test_setup"":true}"
114,Inari,4,Rising Sun,"{""file"":""user_2026-09-27/Screenshot 2026-09-26 at 6.31.22 PM.png"",""image_number"":6,""card_ordinal_excluding_clipped_repeats"":11}","[""animal"",""canine"",""spirit""]",inferred_from_art_and_name,[],[],True,"{""player_use"":""available"",""opponent_use"":""training_dummy_available"",""basis"":""screenshot_brightness_inference"",""confidence"":""medium"",""as_of"":""2026-09-26"",""requires_confirmation_for_test_setup"":true}"
115,Yamato no Orochi,4,Rising Sun,"{""file"":""user_2026-09-27/Screenshot 2026-09-26 at 6.31.22 PM.png"",""image_number"":6,""card_ordinal_excluding_clipped_repeats"":12}","[""reptile"",""serpent""]",inferred_from_art_and_name,[],[],True,"{""player_use"":""available"",""opponent_use"":""training_dummy_available"",""basis"":""screenshot_brightness_inference"",""confidence"":""medium"",""as_of"":""2026-09-26"",""requires_confirmation_for_test_setup"":true}"
116,Susanoo,4,Rising Sun,"{""file"":""user_2026-09-27/Screenshot 2026-09-26 at 6.31.22 PM.png"",""image_number"":6,""card_ordinal_excluding_clipped_repeats"":13}","[""humanlike"",""divine""]",inferred_from_art_and_name,"[""swordsmen""]",[],True,"{""player_use"":""available"",""opponent_use"":""training_dummy_available"",""basis"":""screenshot_brightness_inference"",""confidence"":""medium"",""as_of"":""2026-09-26"",""requires_confirmation_for_test_setup"":true}"
117,Tsukuyomi,4,Rising Sun,"{""file"":""user_2026-09-27/Screenshot 2026-09-26 at 6.31.22 PM.png"",""image_number"":6,""card_ordinal_excluding_clipped_repeats"":14}","[""humanlike"",""divine""]",inferred_from_art_and_name,[],[],True,"{""player_use"":""available"",""opponent_use"":""training_dummy_available"",""basis"":""screenshot_brightness_inference"",""confidence"":""medium"",""as_of"":""2026-09-26"",""requires_confirmation_for_test_setup"":true}"
118,Amaterasu,4,Rising Sun,"{""file"":""user_2026-09-27/Screenshot 2026-09-26 at 6.31.22 PM.png"",""image_number"":6,""card_ordinal_excluding_clipped_repeats"":15}","[""humanlike"",""divine""]",inferred_from_art_and_name,[],[],True,"{""player_use"":""available"",""opponent_use"":""training_dummy_available"",""basis"":""screenshot_brightness_inference"",""confidence"":""medium"",""as_of"":""2026-09-26"",""requires_confirmation_for_test_setup"":true}"
119,Kuchisake-onna,4,Rising Sun,"{""file"":""user_2026-09-27/Screenshot 2026-09-26 at 6.31.22 PM.png"",""image_number"":6,""card_ordinal_excluding_clipped_repeats"":16}","[""humanlike"",""spirit""]",inferred_from_art_and_name,[],[],True,"{""player_use"":""available"",""opponent_use"":""training_dummy_available"",""basis"":""screenshot_brightness_inference"",""confidence"":""medium"",""as_of"":""2026-09-26"",""requires_confirmation_for_test_setup"":true}"
120,Demon Cultivator,5,Immortal,"{""file"":""user_2026-09-27/Screenshot 2026-09-26 at 6.31.56 PM.png"",""image_number"":7,""card_ordinal_excluding_clipped_repeats"":1}","[""humanlike"",""demon""]",inferred_from_art_and_name,"[""demon""]",[],True,"{""player_use"":""available"",""opponent_use"":""training_dummy_available"",""basis"":""screenshot_brightness_inference"",""confidence"":""medium"",""as_of"":""2026-09-26"",""requires_confirmation_for_test_setup"":true}"
121,Martial Artist,5,Immortal,"{""file"":""user_2026-09-27/Screenshot 2026-09-26 at 6.31.56 PM.png"",""image_number"":7,""card_ordinal_excluding_clipped_repeats"":2}","[""humanlike"",""warrior""]",inferred_from_art_and_name,[],[],True,"{""player_use"":""available"",""opponent_use"":""training_dummy_available"",""basis"":""screenshot_brightness_inference"",""confidence"":""medium"",""as_of"":""2026-09-26"",""requires_confirmation_for_test_setup"":true}"
122,Heavenly Demon,5,Immortal,"{""file"":""user_2026-09-27/Screenshot 2026-09-26 at 6.31.56 PM.png"",""image_number"":7,""card_ordinal_excluding_clipped_repeats"":3}","[""humanlike"",""demon""]",inferred_from_art_and_name,"[""demon"",""rng""]","[{""card_id"":122,""class_name"":""demon"",""source_url"":""https://card-rng.fandom.com/wiki/Heavenly_Demon"",""evidence_summary"":""The card page explicitly carries the Demons category."",""status"":""wiki_supported_unverified_current""},{""card_id"":122,""class_name"":""rng"",""source_url"":""https://card-rng.fandom.com/wiki/Heavenly_Demon"",""evidence_summary"":""The card page explicitly carries the RNG Cards category."",""status"":""wiki_supported_unverified_current""}]",True,"{""player_use"":""available"",""opponent_use"":""training_dummy_available"",""basis"":""screenshot_brightness_inference"",""confidence"":""medium"",""as_of"":""2026-09-26"",""requires_confirmation_for_test_setup"":true}"
123,Jiāngshī,5,Immortal,"{""file"":""user_2026-09-27/Screenshot 2026-09-26 at 6.31.56 PM.png"",""image_number"":7,""card_ordinal_excluding_clipped_repeats"":4}","[""humanlike"",""undead""]",inferred_from_art_and_name,"[""undead""]",[],True,"{""player_use"":""available"",""opponent_use"":""training_dummy_available"",""basis"":""screenshot_brightness_inference"",""confidence"":""medium"",""as_of"":""2026-09-26"",""requires_confirmation_for_test_setup"":true}"
124,Buddhist Monk,5,Immortal,"{""file"":""user_2026-09-27/Screenshot 2026-09-26 at 6.31.56 PM.png"",""image_number"":7,""card_ordinal_excluding_clipped_repeats"":5}","[""humanlike""]",inferred_from_art_and_name,[],[],True,"{""player_use"":""available"",""opponent_use"":""training_dummy_available"",""basis"":""screenshot_brightness_inference"",""confidence"":""medium"",""as_of"":""2026-09-26"",""requires_confirmation_for_test_setup"":true}"
125,Divine Doctor,5,Immortal,"{""file"":""user_2026-09-27/Screenshot 2026-09-26 at 6.31.56 PM.png"",""image_number"":7,""card_ordinal_excluding_clipped_repeats"":6}","[""humanlike""]",inferred_from_art_and_name,[],[],True,"{""player_use"":""available"",""opponent_use"":""training_dummy_available"",""basis"":""screenshot_brightness_inference"",""confidence"":""medium"",""as_of"":""2026-09-26"",""requires_confirmation_for_test_setup"":true}"
126,Immortal Cultivator,5,Immortal,"{""file"":""user_2026-09-27/Screenshot 2026-09-26 at 6.31.56 PM.png"",""image_number"":7,""card_ordinal_excluding_clipped_repeats"":7}","[""humanlike""]",inferred_from_art_and_name,[],[],True,"{""player_use"":""available"",""opponent_use"":""training_dummy_available"",""basis"":""screenshot_brightness_inference"",""confidence"":""medium"",""as_of"":""2026-09-26"",""requires_confirmation_for_test_setup"":true}"
127,Qilin,5,Immortal,"{""file"":""user_2026-09-27/Screenshot 2026-09-26 at 6.31.56 PM.png"",""image_number"":7,""card_ordinal_excluding_clipped_repeats"":8}","[""animal"",""mythical""]",inferred_from_art_and_name,[],[],True,"{""player_use"":""available"",""opponent_use"":""training_dummy_available"",""basis"":""screenshot_brightness_inference"",""confidence"":""medium"",""as_of"":""2026-09-26"",""requires_confirmation_for_test_setup"":true}"
128,The Jade Emporer,5,Immortal,"{""file"":""user_2026-09-27/Screenshot 2026-09-26 at 6.31.56 PM.png"",""image_number"":7,""card_ordinal_excluding_clipped_repeats"":9}","[""humanlike"",""divine""]",inferred_from_art_and_name,[],[],True,"{""player_use"":""available"",""opponent_use"":""training_dummy_available"",""basis"":""screenshot_brightness_inference"",""confidence"":""medium"",""as_of"":""2026-09-26"",""requires_confirmation_for_test_setup"":true}"
129,The Awakened One,5,Immortal,"{""file"":""user_2026-09-27/Screenshot 2026-09-26 at 6.31.56 PM.png"",""image_number"":7,""card_ordinal_excluding_clipped_repeats"":10}","[""humanlike"",""divine""]",inferred_from_art_and_name,[],[],True,"{""player_use"":""available"",""opponent_use"":""training_dummy_available"",""basis"":""screenshot_brightness_inference"",""confidence"":""medium"",""as_of"":""2026-09-26"",""requires_confirmation_for_test_setup"":true}"
130,Nüwa,5,Immortal,"{""file"":""user_2026-09-27/Screenshot 2026-09-26 at 6.31.56 PM.png"",""image_number"":7,""card_ordinal_excluding_clipped_repeats"":11}","[""humanlike"",""divine""]",inferred_from_art_and_name,"[""rng""]",[],True,"{""player_use"":""available"",""opponent_use"":""training_dummy_available"",""basis"":""screenshot_brightness_inference"",""confidence"":""medium"",""as_of"":""2026-09-26"",""requires_confirmation_for_test_setup"":true}"
131,Shén Lóng,5,Immortal,"{""file"":""user_2026-09-27/Screenshot 2026-09-26 at 6.31.56 PM.png"",""image_number"":7,""card_ordinal_excluding_clipped_repeats"":12}","[""dragon""]",inferred_from_art_and_name,"[""dragon""]",[],True,"{""player_use"":""available"",""opponent_use"":""training_dummy_available"",""basis"":""screenshot_brightness_inference"",""confidence"":""medium"",""as_of"":""2026-09-26"",""requires_confirmation_for_test_setup"":true}"
132,Xīfāng Báihü,5,Immortal,"{""file"":""user_2026-09-27/Screenshot 2026-09-26 at 6.31.56 PM.png"",""image_number"":7,""card_ordinal_excluding_clipped_repeats"":13}","[""animal"",""feline"",""divine""]",inferred_from_art_and_name,[],[],True,"{""player_use"":""available"",""opponent_use"":""training_dummy_available"",""basis"":""screenshot_brightness_inference"",""confidence"":""medium"",""as_of"":""2026-09-26"",""requires_confirmation_for_test_setup"":true}"
133,Běi Fāng Xuán Wü,5,Immortal,"{""file"":""user_2026-09-27/Screenshot 2026-09-26 at 6.31.56 PM.png"",""image_number"":7,""card_ordinal_excluding_clipped_repeats"":14}","[""animal"",""reptile"",""divine""]",inferred_from_art_and_name,[],[],True,"{""player_use"":""available"",""opponent_use"":""training_dummy_available"",""basis"":""screenshot_brightness_inference"",""confidence"":""medium"",""as_of"":""2026-09-26"",""requires_confirmation_for_test_setup"":true}"
134,Dōng Fāng Qīng Lóng,5,Immortal,"{""file"":""user_2026-09-27/Screenshot 2026-09-26 at 6.31.56 PM.png"",""image_number"":7,""card_ordinal_excluding_clipped_repeats"":15}","[""dragon"",""divine""]",inferred_from_art_and_name,"[""dragon""]","[{""card_id"":134,""class_name"":""dragon"",""source_url"":""https://card-rng.fandom.com/wiki/Dragon_King"",""evidence_summary"":""Dragon King trivia explicitly includes this card among its dragon targets."",""status"":""wiki_supported_unverified_current""}]",True,"{""player_use"":""available"",""opponent_use"":""training_dummy_available"",""basis"":""screenshot_brightness_inference"",""confidence"":""medium"",""as_of"":""2026-09-26"",""requires_confirmation_for_test_setup"":true}"
135,Nán Fāng Zhū Què,5,Immortal,"{""file"":""user_2026-09-27/Screenshot 2026-09-26 at 6.31.56 PM.png"",""image_number"":7,""card_ordinal_excluding_clipped_repeats"":16}","[""avian"",""divine"",""fire""]",inferred_from_art_and_name,"[""avian""]",[],True,"{""player_use"":""available"",""opponent_use"":""training_dummy_available"",""basis"":""screenshot_brightness_inference"",""confidence"":""medium"",""as_of"":""2026-09-26"",""requires_confirmation_for_test_setup"":true}"
136,Shennong,5,Immortal,"{""file"":""user_2026-09-27/Screenshot 2026-09-26 at 6.31.56 PM.png"",""image_number"":7,""card_ordinal_excluding_clipped_repeats"":17}","[""humanlike"",""divine""]",inferred_from_art_and_name,"[""rng""]","[{""card_id"":136,""class_name"":""rng"",""source_url"":""https://card-rng.fandom.com/wiki/Shennong"",""evidence_summary"":""The card page explicitly carries the RNG Cards category."",""status"":""wiki_supported_unverified_current""}]",True,"{""player_use"":""available"",""opponent_use"":""training_dummy_available"",""basis"":""screenshot_brightness_inference"",""confidence"":""medium"",""as_of"":""2026-09-26"",""requires_confirmation_for_test_setup"":true}"
137,Fuxi,5,Immortal,"{""file"":""user_2026-09-27/Screenshot 2026-09-26 at 6.31.56 PM.png"",""image_number"":7,""card_ordinal_excluding_clipped_repeats"":18}","[""humanlike"",""divine""]",inferred_from_art_and_name,[],[],True,"{""player_use"":""available"",""opponent_use"":""training_dummy_available"",""basis"":""screenshot_brightness_inference"",""confidence"":""medium"",""as_of"":""2026-09-26"",""requires_confirmation_for_test_setup"":true}"
138,Sun Wukong,5,Immortal,"{""file"":""user_2026-09-27/Screenshot 2026-09-26 at 6.31.56 PM.png"",""image_number"":7,""card_ordinal_excluding_clipped_repeats"":19}","[""animal"",""primate"",""divine""]",inferred_from_art_and_name,[],[],True,"{""player_use"":""available"",""opponent_use"":""training_dummy_available"",""basis"":""screenshot_brightness_inference"",""confidence"":""medium"",""as_of"":""2026-09-26"",""requires_confirmation_for_test_setup"":true}"
139,Buddha,5,Immortal,"{""file"":""user_2026-09-27/Screenshot 2026-09-26 at 6.31.56 PM.png"",""image_number"":7,""card_ordinal_excluding_clipped_repeats"":20}","[""humanoid"",""divine""]",inferred_from_art_and_name,[],[],True,"{""player_use"":""available"",""opponent_use"":""training_dummy_available"",""basis"":""screenshot_brightness_inference"",""confidence"":""medium"",""as_of"":""2026-09-26"",""requires_confirmation_for_test_setup"":true}"
140,Pangu,5,Immortal,"{""file"":""user_2026-09-27/Screenshot 2026-09-26 at 6.31.56 PM.png"",""image_number"":7,""card_ordinal_excluding_clipped_repeats"":21}","[""humanoid"",""divine""]",inferred_from_art_and_name,[],[],True,"{""player_use"":""available"",""opponent_use"":""training_dummy_available"",""basis"":""screenshot_brightness_inference"",""confidence"":""medium"",""as_of"":""2026-09-26"",""requires_confirmation_for_test_setup"":true}"
141,Ancient Egg,6,Prehistoric,"{""file"":""user_2026-09-27/Screenshot 2026-09-26 at 6.32.18 PM.png"",""image_number"":8,""card_ordinal_excluding_clipped_repeats"":1}","[""object"",""egg""]",inferred_from_art_and_name,[],[],True,"{""player_use"":""available"",""opponent_use"":""training_dummy_available"",""basis"":""screenshot_brightness_inference"",""confidence"":""medium"",""as_of"":""2026-09-26"",""requires_confirmation_for_test_setup"":true}"
142,Stegosaurus,6,Prehistoric,"{""file"":""user_2026-09-27/Screenshot 2026-09-26 at 6.32.18 PM.png"",""image_number"":8,""card_ordinal_excluding_clipped_repeats"":2}","[""dinosaur""]",inferred_from_art_and_name,[],[],True,"{""player_use"":""available"",""opponent_use"":""training_dummy_available"",""basis"":""screenshot_brightness_inference"",""confidence"":""medium"",""as_of"":""2026-09-26"",""requires_confirmation_for_test_setup"":true}"
143,Brachiosaurus,6,Prehistoric,"{""file"":""user_2026-09-27/Screenshot 2026-09-26 at 6.32.18 PM.png"",""image_number"":8,""card_ordinal_excluding_clipped_repeats"":3}","[""dinosaur""]",inferred_from_art_and_name,[],[],True,"{""player_use"":""available"",""opponent_use"":""training_dummy_available"",""basis"":""screenshot_brightness_inference"",""confidence"":""medium"",""as_of"":""2026-09-26"",""requires_confirmation_for_test_setup"":true}"
144,Tricerotops,6,Prehistoric,"{""file"":""user_2026-09-27/Screenshot 2026-09-26 at 6.32.18 PM.png"",""image_number"":8,""card_ordinal_excluding_clipped_repeats"":4}","[""dinosaur""]",inferred_from_art_and_name,[],[],True,"{""player_use"":""available"",""opponent_use"":""training_dummy_available"",""basis"":""screenshot_brightness_inference"",""confidence"":""medium"",""as_of"":""2026-09-26"",""requires_confirmation_for_test_setup"":true}"
145,Pterodactylus,6,Prehistoric,"{""file"":""user_2026-09-27/Screenshot 2026-09-26 at 6.32.18 PM.png"",""image_number"":8,""card_ordinal_excluding_clipped_repeats"":5}","[""reptile"",""winged""]",inferred_from_art_and_name,[],[],True,"{""player_use"":""available"",""opponent_use"":""training_dummy_available"",""basis"":""screenshot_brightness_inference"",""confidence"":""medium"",""as_of"":""2026-09-26"",""requires_confirmation_for_test_setup"":true}"
146,Dilophosaurus,6,Prehistoric,"{""file"":""user_2026-09-27/Screenshot 2026-09-26 at 6.32.18 PM.png"",""image_number"":8,""card_ordinal_excluding_clipped_repeats"":6}","[""dinosaur""]",inferred_from_art_and_name,[],[],True,"{""player_use"":""available"",""opponent_use"":""training_dummy_available"",""basis"":""screenshot_brightness_inference"",""confidence"":""medium"",""as_of"":""2026-09-26"",""requires_confirmation_for_test_setup"":true}"
147,Mammoth,6,Prehistoric,"{""file"":""user_2026-09-27/Screenshot 2026-09-26 at 6.32.18 PM.png"",""image_number"":8,""card_ordinal_excluding_clipped_repeats"":7}","[""animal"",""mammal""]",inferred_from_art_and_name,[],[],True,"{""player_use"":""available"",""opponent_use"":""training_dummy_available"",""basis"":""screenshot_brightness_inference"",""confidence"":""medium"",""as_of"":""2026-09-26"",""requires_confirmation_for_test_setup"":true}"
148,Umbrasaur,6,Prehistoric,"{""file"":""user_2026-09-27/Screenshot 2026-09-26 at 6.32.18 PM.png"",""image_number"":8,""card_ordinal_excluding_clipped_repeats"":8}","[""dinosaur"",""shadow""]",inferred_from_art_and_name,"[""rng""]",[],True,"{""player_use"":""available"",""opponent_use"":""training_dummy_available"",""basis"":""screenshot_brightness_inference"",""confidence"":""medium"",""as_of"":""2026-09-26"",""requires_confirmation_for_test_setup"":true}"
149,Sabertooth Tiger,6,Prehistoric,"{""file"":""user_2026-09-27/Screenshot 2026-09-26 at 6.32.18 PM.png"",""image_number"":8,""card_ordinal_excluding_clipped_repeats"":9}","[""animal"",""feline""]",inferred_from_art_and_name,[],[],True,"{""player_use"":""available"",""opponent_use"":""training_dummy_available"",""basis"":""screenshot_brightness_inference"",""confidence"":""medium"",""as_of"":""2026-09-26"",""requires_confirmation_for_test_setup"":true}"
150,Unicorn,6,Prehistoric,"{""file"":""user_2026-09-27/Screenshot 2026-09-26 at 6.32.18 PM.png"",""image_number"":8,""card_ordinal_excluding_clipped_repeats"":10}","[""animal"",""equine"",""mythical""]",inferred_from_art_and_name,"[""rng""]",[],True,"{""player_use"":""available"",""opponent_use"":""training_dummy_available"",""basis"":""screenshot_brightness_inference"",""confidence"":""medium"",""as_of"":""2026-09-26"",""requires_confirmation_for_test_setup"":true}"
151,Meteosaurus,6,Prehistoric,"{""file"":""user_2026-09-27/Screenshot 2026-09-26 at 6.32.18 PM.png"",""image_number"":8,""card_ordinal_excluding_clipped_repeats"":11}","[""dinosaur"",""fire""]",inferred_from_art_and_name,[],[],True,"{""player_use"":""available"",""opponent_use"":""training_dummy_available"",""basis"":""screenshot_brightness_inference"",""confidence"":""medium"",""as_of"":""2026-09-26"",""requires_confirmation_for_test_setup"":true}"
152,Marrowclaw,6,Prehistoric,"{""file"":""user_2026-09-27/Screenshot 2026-09-26 at 6.32.18 PM.png"",""image_number"":8,""card_ordinal_excluding_clipped_repeats"":12}","[""dinosaur"",""undead""]",inferred_from_art_and_name,"[""rng""]",[],True,"{""player_use"":""available"",""opponent_use"":""training_dummy_available"",""basis"":""screenshot_brightness_inference"",""confidence"":""medium"",""as_of"":""2026-09-26"",""requires_confirmation_for_test_setup"":true}"
153,Ankylosaurus,6,Prehistoric,"{""file"":""user_2026-09-27/Screenshot 2026-09-26 at 6.32.18 PM.png"",""image_number"":8,""card_ordinal_excluding_clipped_repeats"":13}","[""dinosaur""]",inferred_from_art_and_name,[],[],True,"{""player_use"":""available"",""opponent_use"":""training_dummy_available"",""basis"":""screenshot_brightness_inference"",""confidence"":""medium"",""as_of"":""2026-09-26"",""requires_confirmation_for_test_setup"":true}"
154,Velociraptor,6,Prehistoric,"{""file"":""user_2026-09-27/Screenshot 2026-09-26 at 6.32.18 PM.png"",""image_number"":8,""card_ordinal_excluding_clipped_repeats"":14}","[""dinosaur""]",inferred_from_art_and_name,[],[],True,"{""player_use"":""available"",""opponent_use"":""training_dummy_available"",""basis"":""screenshot_brightness_inference"",""confidence"":""medium"",""as_of"":""2026-09-26"",""requires_confirmation_for_test_setup"":true}"
155,Cyberdon,6,Prehistoric,"{""file"":""user_2026-09-27/Screenshot 2026-09-26 at 6.32.18 PM.png"",""image_number"":8,""card_ordinal_excluding_clipped_repeats"":15}","[""dinosaur"",""construct""]",inferred_from_art_and_name,[],[],True,"{""player_use"":""available"",""opponent_use"":""training_dummy_available"",""basis"":""screenshot_brightness_inference"",""confidence"":""medium"",""as_of"":""2026-09-26"",""requires_confirmation_for_test_setup"":true}"
156,Behemoth,6,Prehistoric,"{""file"":""user_2026-09-27/Screenshot 2026-09-26 at 6.32.18 PM.png"",""image_number"":8,""card_ordinal_excluding_clipped_repeats"":16}","[""dinosaur""]",inferred_from_art_and_name,[],[],True,"{""player_use"":""unavailable"",""opponent_use"":""training_dummy_available"",""basis"":""screenshot_brightness_inference"",""confidence"":""medium"",""as_of"":""2026-09-26"",""requires_confirmation_for_test_setup"":true}"
157,Tyrannosaurus Rex,6,Prehistoric,"{""file"":""user_2026-09-27/Screenshot 2026-09-26 at 6.32.18 PM.png"",""image_number"":8,""card_ordinal_excluding_clipped_repeats"":17}","[""dinosaur""]",inferred_from_art_and_name,[],[],True,"{""player_use"":""available"",""opponent_use"":""training_dummy_available"",""basis"":""screenshot_brightness_inference"",""confidence"":""medium"",""as_of"":""2026-09-26"",""requires_confirmation_for_test_setup"":true}"
158,Megalodon,6,Prehistoric,"{""file"":""user_2026-09-27/Screenshot 2026-09-26 at 6.32.18 PM.png"",""image_number"":8,""card_ordinal_excluding_clipped_repeats"":18}","[""aquatic"",""shark""]",inferred_from_art_and_name,[],[],True,"{""player_use"":""unavailable"",""opponent_use"":""training_dummy_available"",""basis"":""screenshot_brightness_inference"",""confidence"":""medium"",""as_of"":""2026-09-26"",""requires_confirmation_for_test_setup"":true}"
159,Tyrannodon,6,Prehistoric,"{""file"":""user_2026-09-27/Screenshot 2026-09-26 at 6.32.18 PM.png"",""image_number"":8,""card_ordinal_excluding_clipped_repeats"":19}","[""dinosaur""]",inferred_from_art_and_name,[],[],True,"{""player_use"":""available"",""opponent_use"":""training_dummy_available"",""basis"":""screenshot_brightness_inference"",""confidence"":""medium"",""as_of"":""2026-09-26"",""requires_confirmation_for_test_setup"":true}"
160,Hunter,7,Era 2,"{""file"":""user_2026-09-27/Screenshot 2026-09-26 at 6.32.23 PM.png"",""image_number"":9,""card_ordinal_excluding_clipped_repeats"":1}","[""humanoid"",""armored""]",inferred_from_art_and_name,[],[],True,"{""player_use"":""available"",""opponent_use"":""training_dummy_available"",""basis"":""screenshot_brightness_inference"",""confidence"":""medium"",""as_of"":""2026-09-26"",""requires_confirmation_for_test_setup"":true}"
161,Resolute Blade,7,Era 2,"{""file"":""user_2026-09-27/Screenshot 2026-09-26 at 6.32.23 PM.png"",""image_number"":9,""card_ordinal_excluding_clipped_repeats"":2}","[""humanlike"",""warrior""]",inferred_from_art_and_name,[],[],True,"{""player_use"":""available"",""opponent_use"":""training_dummy_available"",""basis"":""screenshot_brightness_inference"",""confidence"":""medium"",""as_of"":""2026-09-26"",""requires_confirmation_for_test_setup"":true}"
162,Bacon Hair,7,Era 2,"{""file"":""user_2026-09-27/Screenshot 2026-09-26 at 6.32.23 PM.png"",""image_number"":9,""card_ordinal_excluding_clipped_repeats"":3}","[""humanoid"",""goblin""]",inferred_from_art_and_name,[],[],True,"{""player_use"":""available"",""opponent_use"":""training_dummy_available"",""basis"":""screenshot_brightness_inference"",""confidence"":""medium"",""as_of"":""2026-09-26"",""requires_confirmation_for_test_setup"":true}"
163,Soft Paw,7,Era 2,"{""file"":""user_2026-09-27/Screenshot 2026-09-26 at 6.32.23 PM.png"",""image_number"":9,""card_ordinal_excluding_clipped_repeats"":4}","[""animal"",""feline""]",inferred_from_art_and_name,[],[],True,"{""player_use"":""available"",""opponent_use"":""training_dummy_available"",""basis"":""screenshot_brightness_inference"",""confidence"":""medium"",""as_of"":""2026-09-26"",""requires_confirmation_for_test_setup"":true}"
164,True Prophet,7,Era 2,"{""file"":""user_2026-09-27/Screenshot 2026-09-26 at 6.32.23 PM.png"",""image_number"":9,""card_ordinal_excluding_clipped_repeats"":5}","[""humanoid"",""hooded""]",inferred_from_art_and_name,[],[],True,"{""player_use"":""available"",""opponent_use"":""training_dummy_available"",""basis"":""screenshot_brightness_inference"",""confidence"":""medium"",""as_of"":""2026-09-26"",""requires_confirmation_for_test_setup"":true}"
165,Cherub,7,Era 2,"{""file"":""user_2026-09-27/Screenshot 2026-09-26 at 6.32.23 PM.png"",""image_number"":9,""card_ordinal_excluding_clipped_repeats"":6}","[""divine"",""winged""]",inferred_from_art_and_name,[],[],True,"{""player_use"":""available"",""opponent_use"":""training_dummy_available"",""basis"":""screenshot_brightness_inference"",""confidence"":""medium"",""as_of"":""2026-09-26"",""requires_confirmation_for_test_setup"":true}"
166,Engineer,7,Era 2,"{""file"":""user_2026-09-27/Screenshot 2026-09-26 at 6.32.23 PM.png"",""image_number"":9,""card_ordinal_excluding_clipped_repeats"":7}","[""humanlike""]",inferred_from_art_and_name,[],[],True,"{""player_use"":""available"",""opponent_use"":""training_dummy_available"",""basis"":""screenshot_brightness_inference"",""confidence"":""medium"",""as_of"":""2026-09-26"",""requires_confirmation_for_test_setup"":true}"
167,Volcano Spirit,7,Era 2,"{""file"":""user_2026-09-27/Screenshot 2026-09-26 at 6.32.23 PM.png"",""image_number"":9,""card_ordinal_excluding_clipped_repeats"":8}","[""spirit"",""fire""]",inferred_from_art_and_name,[],[],True,"{""player_use"":""available"",""opponent_use"":""training_dummy_available"",""basis"":""screenshot_brightness_inference"",""confidence"":""medium"",""as_of"":""2026-09-26"",""requires_confirmation_for_test_setup"":true}"
168,Julius Leader,7,Era 2,"{""file"":""user_2026-09-27/Screenshot 2026-09-26 at 6.32.23 PM.png"",""image_number"":9,""card_ordinal_excluding_clipped_repeats"":9}","[""humanlike"",""warrior""]",inferred_from_art_and_name,[],[],True,"{""player_use"":""available"",""opponent_use"":""training_dummy_available"",""basis"":""screenshot_brightness_inference"",""confidence"":""medium"",""as_of"":""2026-09-26"",""requires_confirmation_for_test_setup"":true}"
169,Noveau Riche,7,Era 2,"{""file"":""user_2026-09-27/Screenshot 2026-09-26 at 6.32.23 PM.png"",""image_number"":9,""card_ordinal_excluding_clipped_repeats"":10}","[""humanlike""]",inferred_from_art_and_name,[],[],True,"{""player_use"":""available"",""opponent_use"":""training_dummy_available"",""basis"":""screenshot_brightness_inference"",""confidence"":""medium"",""as_of"":""2026-09-26"",""requires_confirmation_for_test_setup"":true}"
170,Robin Hood,7,Era 2,"{""file"":""user_2026-09-27/Screenshot 2026-09-26 at 6.32.23 PM.png"",""image_number"":9,""card_ordinal_excluding_clipped_repeats"":11}","[""humanlike"",""hooded""]",inferred_from_art_and_name,[],[],True,"{""player_use"":""available"",""opponent_use"":""training_dummy_available"",""basis"":""screenshot_brightness_inference"",""confidence"":""medium"",""as_of"":""2026-09-26"",""requires_confirmation_for_test_setup"":true}"
171,Infected Maw,7,Era 2,"{""file"":""user_2026-09-27/Screenshot 2026-09-26 at 6.32.23 PM.png"",""image_number"":9,""card_ordinal_excluding_clipped_repeats"":12}","[""animal"",""reptile""]",inferred_from_art_and_name,[],[],True,"{""player_use"":""available"",""opponent_use"":""training_dummy_available"",""basis"":""screenshot_brightness_inference"",""confidence"":""medium"",""as_of"":""2026-09-26"",""requires_confirmation_for_test_setup"":true}"
172,Seraphim,7,Era 2,"{""file"":""user_2026-09-27/Screenshot 2026-09-26 at 6.32.23 PM.png"",""image_number"":9,""card_ordinal_excluding_clipped_repeats"":13}","[""humanoid"",""divine"",""winged""]",inferred_from_art_and_name,[],[],True,"{""player_use"":""available"",""opponent_use"":""training_dummy_available"",""basis"":""screenshot_brightness_inference"",""confidence"":""medium"",""as_of"":""2026-09-26"",""requires_confirmation_for_test_setup"":true}"
173,Terra's Aria,7,Era 2,"{""file"":""user_2026-09-27/Screenshot 2026-09-26 at 6.32.23 PM.png"",""image_number"":9,""card_ordinal_excluding_clipped_repeats"":14}","[""construct""]",inferred_from_art_and_name,[],[],True,"{""player_use"":""available"",""opponent_use"":""training_dummy_available"",""basis"":""screenshot_brightness_inference"",""confidence"":""medium"",""as_of"":""2026-09-26"",""requires_confirmation_for_test_setup"":true}"
174,Count Muscula,7,Era 2,"{""file"":""user_2026-09-27/Screenshot 2026-09-26 at 6.32.23 PM.png"",""image_number"":9,""card_ordinal_excluding_clipped_repeats"":15}","[""humanlike"",""undead""]",inferred_from_art_and_name,"[""undead""]",[],True,"{""player_use"":""available"",""opponent_use"":""training_dummy_available"",""basis"":""screenshot_brightness_inference"",""confidence"":""medium"",""as_of"":""2026-09-26"",""requires_confirmation_for_test_setup"":true}"
175,Poison Witch,7,Era 2,"{""file"":""user_2026-09-27/Screenshot 2026-09-26 at 6.32.23 PM.png"",""image_number"":9,""card_ordinal_excluding_clipped_repeats"":16}","[""humanlike"",""mage""]",inferred_from_art_and_name,[],[],True,"{""player_use"":""available"",""opponent_use"":""training_dummy_available"",""basis"":""screenshot_brightness_inference"",""confidence"":""medium"",""as_of"":""2026-09-26"",""requires_confirmation_for_test_setup"":true}"
176,Skeleton King,7,Era 2,"{""file"":""user_2026-09-27/Screenshot 2026-09-26 at 6.32.23 PM.png"",""image_number"":9,""card_ordinal_excluding_clipped_repeats"":17}","[""undead"",""skeletal""]",inferred_from_art_and_name,"[""undead""]",[],True,"{""player_use"":""available"",""opponent_use"":""training_dummy_available"",""basis"":""screenshot_brightness_inference"",""confidence"":""medium"",""as_of"":""2026-09-26"",""requires_confirmation_for_test_setup"":true}"
177,Juggernoid,7,Era 2,"{""file"":""user_2026-09-27/Screenshot 2026-09-26 at 6.32.23 PM.png"",""image_number"":9,""card_ordinal_excluding_clipped_repeats"":18}","[""animal"",""armored""]",inferred_from_art_and_name,"[""dragon""]",[],True,"{""player_use"":""available"",""opponent_use"":""training_dummy_available"",""basis"":""screenshot_brightness_inference"",""confidence"":""medium"",""as_of"":""2026-09-26"",""requires_confirmation_for_test_setup"":true}"
178,Zombie Dragon,7,Era 2,"{""file"":""user_2026-09-27/Screenshot 2026-09-26 at 6.32.23 PM.png"",""image_number"":9,""card_ordinal_excluding_clipped_repeats"":19}","[""dragon"",""undead""]",inferred_from_art_and_name,"[""dragon"",""undead""]",[],True,"{""player_use"":""available"",""opponent_use"":""training_dummy_available"",""basis"":""screenshot_brightness_inference"",""confidence"":""medium"",""as_of"":""2026-09-26"",""requires_confirmation_for_test_setup"":true}"
179,Assassin King,7,Era 2,"{""file"":""user_2026-09-27/Screenshot 2026-09-26 at 6.32.23 PM.png"",""image_number"":9,""card_ordinal_excluding_clipped_repeats"":20}","[""humanlike"",""warrior""]",inferred_from_art_and_name,[],[],True,"{""player_use"":""available"",""opponent_use"":""training_dummy_available"",""basis"":""screenshot_brightness_inference"",""confidence"":""medium"",""as_of"":""2026-09-26"",""requires_confirmation_for_test_setup"":true}"
180,Slum Dweller,7,Era 2,"{""file"":""user_2026-09-27/Screenshot 2026-09-26 at 6.32.23 PM.png"",""image_number"":9,""card_ordinal_excluding_clipped_repeats"":21}","[""humanlike""]",inferred_from_art_and_name,[],[],True,"{""player_use"":""available"",""opponent_use"":""training_dummy_available"",""basis"":""screenshot_brightness_inference"",""confidence"":""medium"",""as_of"":""2026-09-26"",""requires_confirmation_for_test_setup"":true}"
181,Malakim,7,Era 2,"{""file"":""user_2026-09-27/Screenshot 2026-09-26 at 6.32.23 PM.png"",""image_number"":9,""card_ordinal_excluding_clipped_repeats"":22}","[""divine"",""winged""]",inferred_from_art_and_name,[],[],True,"{""player_use"":""available"",""opponent_use"":""training_dummy_available"",""basis"":""screenshot_brightness_inference"",""confidence"":""medium"",""as_of"":""2026-09-26"",""requires_confirmation_for_test_setup"":true}"
182,Hard Claws,7,Era 2,"{""file"":""user_2026-09-27/Screenshot 2026-09-26 at 6.32.23 PM.png"",""image_number"":9,""card_ordinal_excluding_clipped_repeats"":23}","[""animal"",""feline""]",inferred_from_art_and_name,[],[],True,"{""player_use"":""available"",""opponent_use"":""training_dummy_available"",""basis"":""screenshot_brightness_inference"",""confidence"":""medium"",""as_of"":""2026-09-26"",""requires_confirmation_for_test_setup"":true}"
183,Steven,8,Video Game,"{""file"":""user_2026-09-27/Screenshot 2026-09-26 at 6.32.30 PM.png"",""image_number"":10,""card_ordinal_excluding_clipped_repeats"":1}","[""humanlike"",""construct""]",inferred_from_art_and_name,[],[],True,"{""player_use"":""unavailable"",""opponent_use"":""training_dummy_available"",""basis"":""screenshot_brightness_inference"",""confidence"":""medium"",""as_of"":""2026-09-26"",""requires_confirmation_for_test_setup"":true}"
184,Hollow,8,Video Game,"{""file"":""user_2026-09-27/Screenshot 2026-09-26 at 6.32.30 PM.png"",""image_number"":10,""card_ordinal_excluding_clipped_repeats"":2}","[""humanoid"",""insectoid""]",inferred_from_art_and_name,[],[],True,"{""player_use"":""unavailable"",""opponent_use"":""training_dummy_available"",""basis"":""screenshot_brightness_inference"",""confidence"":""medium"",""as_of"":""2026-09-26"",""requires_confirmation_for_test_setup"":true}"
185,Hell killer,8,Video Game,"{""file"":""user_2026-09-27/Screenshot 2026-09-26 at 6.32.30 PM.png"",""image_number"":10,""card_ordinal_excluding_clipped_repeats"":3}","[""humanlike"",""armored""]",inferred_from_art_and_name,[],[],True,"{""player_use"":""unavailable"",""opponent_use"":""training_dummy_available"",""basis"":""screenshot_brightness_inference"",""confidence"":""medium"",""as_of"":""2026-09-26"",""requires_confirmation_for_test_setup"":true}"
186,The Sack,8,Video Game,"{""file"":""user_2026-09-27/Screenshot 2026-09-26 at 6.32.30 PM.png"",""image_number"":10,""card_ordinal_excluding_clipped_repeats"":4}","[""humanoid""]",inferred_from_art_and_name,[],[],True,"{""player_use"":""unavailable"",""opponent_use"":""training_dummy_available"",""basis"":""screenshot_brightness_inference"",""confidence"":""medium"",""as_of"":""2026-09-26"",""requires_confirmation_for_test_setup"":true}"
187,Creed,8,Video Game,"{""file"":""user_2026-09-27/Screenshot 2026-09-26 at 6.32.30 PM.png"",""image_number"":10,""card_ordinal_excluding_clipped_repeats"":5}","[""humanlike"",""warrior""]",inferred_from_art_and_name,[],[],True,"{""player_use"":""unavailable"",""opponent_use"":""training_dummy_available"",""basis"":""screenshot_brightness_inference"",""confidence"":""medium"",""as_of"":""2026-09-26"",""requires_confirmation_for_test_setup"":true}"
188,god-Slayer,8,Video Game,"{""file"":""user_2026-09-27/Screenshot 2026-09-26 at 6.32.30 PM.png"",""image_number"":10,""card_ordinal_excluding_clipped_repeats"":6}","[""humanlike"",""warrior""]",inferred_from_art_and_name,[],[],True,"{""player_use"":""unavailable"",""opponent_use"":""training_dummy_available"",""basis"":""screenshot_brightness_inference"",""confidence"":""medium"",""as_of"":""2026-09-26"",""requires_confirmation_for_test_setup"":true}"
189,Melanin,8,Video Game,"{""file"":""user_2026-09-27/Screenshot 2026-09-26 at 6.32.30 PM.png"",""image_number"":10,""card_ordinal_excluding_clipped_repeats"":7}","[""humanlike"",""warrior""]",inferred_from_art_and_name,[],[],True,"{""player_use"":""unavailable"",""opponent_use"":""training_dummy_available"",""basis"":""screenshot_brightness_inference"",""confidence"":""medium"",""as_of"":""2026-09-26"",""requires_confirmation_for_test_setup"":true}"
190,Necro-orc,8,Video Game,"{""file"":""user_2026-09-27/Screenshot 2026-09-26 at 6.32.30 PM.png"",""image_number"":10,""card_ordinal_excluding_clipped_repeats"":8}","[""humanoid""]",inferred_from_art_and_name,[],[],True,"{""player_use"":""unavailable"",""opponent_use"":""training_dummy_available"",""basis"":""screenshot_brightness_inference"",""confidence"":""medium"",""as_of"":""2026-09-26"",""requires_confirmation_for_test_setup"":true}"
191,NO. 2,8,Video Game,"{""file"":""user_2026-09-27/Screenshot 2026-09-26 at 6.32.30 PM.png"",""image_number"":10,""card_ordinal_excluding_clipped_repeats"":9}","[""humanlike"",""construct""]",inferred_from_art_and_name,[],[],True,"{""player_use"":""unavailable"",""opponent_use"":""training_dummy_available"",""basis"":""screenshot_brightness_inference"",""confidence"":""medium"",""as_of"":""2026-09-26"",""requires_confirmation_for_test_setup"":true}"
192,Ice King,8,Video Game,"{""file"":""user_2026-09-27/Screenshot 2026-09-26 at 6.32.30 PM.png"",""image_number"":10,""card_ordinal_excluding_clipped_repeats"":10}","[""humanoid"",""armored"",""ice""]",inferred_from_art_and_name,[],[],True,"{""player_use"":""unavailable"",""opponent_use"":""training_dummy_available"",""basis"":""screenshot_brightness_inference"",""confidence"":""medium"",""as_of"":""2026-09-26"",""requires_confirmation_for_test_setup"":true}"
193,Heavenly father,8,Video Game,"{""file"":""user_2026-09-27/Screenshot 2026-09-26 at 6.32.30 PM.png"",""image_number"":10,""card_ordinal_excluding_clipped_repeats"":11}","[""humanoid"",""divine""]",inferred_from_art_and_name,[],[],True,"{""player_use"":""unavailable"",""opponent_use"":""training_dummy_available"",""basis"":""screenshot_brightness_inference"",""confidence"":""medium"",""as_of"":""2026-09-26"",""requires_confirmation_for_test_setup"":true}"
194,Durante,8,Video Game,"{""file"":""user_2026-09-27/Screenshot 2026-09-26 at 6.32.30 PM.png"",""image_number"":10,""card_ordinal_excluding_clipped_repeats"":12}","[""humanlike"",""demon""]",inferred_from_art_and_name,"[""demon"",""rng""]",[],True,"{""player_use"":""unavailable"",""opponent_use"":""training_dummy_available"",""basis"":""screenshot_brightness_inference"",""confidence"":""medium"",""as_of"":""2026-09-26"",""requires_confirmation_for_test_setup"":true}"
195,Fresno Nightcrawler,9,Cryptid,"{""file"":""user_2026-09-27/Screenshot 2026-09-26 at 6.32.30 PM.png"",""image_number"":10,""card_ordinal_excluding_clipped_repeats"":13}","[""cryptid"",""humanoid""]",inferred_from_art_and_name,[],[],True,"{""player_use"":""unavailable"",""opponent_use"":""training_dummy_available"",""basis"":""screenshot_brightness_inference"",""confidence"":""medium"",""as_of"":""2026-09-26"",""requires_confirmation_for_test_setup"":true}"
196,Loch Ness,9,Cryptid,"{""file"":""user_2026-09-27/Screenshot 2026-09-26 at 6.32.30 PM.png"",""image_number"":10,""card_ordinal_excluding_clipped_repeats"":14}","[""cryptid"",""aquatic"",""reptile""]",inferred_from_art_and_name,[],[],True,"{""player_use"":""unavailable"",""opponent_use"":""training_dummy_available"",""basis"":""screenshot_brightness_inference"",""confidence"":""medium"",""as_of"":""2026-09-26"",""requires_confirmation_for_test_setup"":true}"
197,Loveland Frog,9,Cryptid,"{""file"":""user_2026-09-27/Screenshot 2026-09-26 at 6.32.30 PM.png"",""image_number"":10,""card_ordinal_excluding_clipped_repeats"":15}","[""cryptid"",""amphibian""]",inferred_from_art_and_name,[],[],True,"{""player_use"":""unavailable"",""opponent_use"":""training_dummy_available"",""basis"":""screenshot_brightness_inference"",""confidence"":""medium"",""as_of"":""2026-09-26"",""requires_confirmation_for_test_setup"":true}"
198,Chupcabra,9,Cryptid,"{""file"":""user_2026-09-27/Screenshot 2026-09-26 at 6.32.30 PM.png"",""image_number"":10,""card_ordinal_excluding_clipped_repeats"":16}","[""cryptid"",""animal""]",inferred_from_art_and_name,[],[],True,"{""player_use"":""unavailable"",""opponent_use"":""training_dummy_available"",""basis"":""screenshot_brightness_inference"",""confidence"":""medium"",""as_of"":""2026-09-26"",""requires_confirmation_for_test_setup"":true}"
199,Jersey Devil,9,Cryptid,"{""file"":""user_2026-09-27/Screenshot 2026-09-26 at 6.32.30 PM.png"",""image_number"":10,""card_ordinal_excluding_clipped_repeats"":17}","[""cryptid"",""winged""]",inferred_from_art_and_name,[],[],True,"{""player_use"":""unavailable"",""opponent_use"":""training_dummy_available"",""basis"":""screenshot_brightness_inference"",""confidence"":""medium"",""as_of"":""2026-09-26"",""requires_confirmation_for_test_setup"":true}"
200,Mothman,9,Cryptid,"{""file"":""user_2026-09-27/Screenshot 2026-09-26 at 6.32.30 PM.png"",""image_number"":10,""card_ordinal_excluding_clipped_repeats"":18}","[""cryptid"",""insectoid"",""winged""]",inferred_from_art_and_name,[],[],True,"{""player_use"":""unavailable"",""opponent_use"":""training_dummy_available"",""basis"":""screenshot_brightness_inference"",""confidence"":""medium"",""as_of"":""2026-09-26"",""requires_confirmation_for_test_setup"":true}"
201,Bigfoot,9,Cryptid,"{""file"":""user_2026-09-27/Screenshot 2026-09-26 at 6.32.40 PM.png"",""image_number"":11,""card_ordinal_excluding_clipped_repeats"":1}","[""cryptid"",""primate""]",inferred_from_art_and_name,"[""rng""]",[],True,"{""player_use"":""unavailable"",""opponent_use"":""training_dummy_available"",""basis"":""screenshot_brightness_inference"",""confidence"":""medium"",""as_of"":""2026-09-26"",""requires_confirmation_for_test_setup"":true}"
202,Wendigo,9,Cryptid,"{""file"":""user_2026-09-27/Screenshot 2026-09-26 at 6.32.40 PM.png"",""image_number"":11,""card_ordinal_excluding_clipped_repeats"":2}","[""cryptid"",""antlered""]",inferred_from_art_and_name,[],[],True,"{""player_use"":""unavailable"",""opponent_use"":""training_dummy_available"",""basis"":""screenshot_brightness_inference"",""confidence"":""medium"",""as_of"":""2026-09-26"",""requires_confirmation_for_test_setup"":true}"
203,The Rake,9,Cryptid,"{""file"":""user_2026-09-27/Screenshot 2026-09-26 at 6.32.40 PM.png"",""image_number"":11,""card_ordinal_excluding_clipped_repeats"":3}","[""cryptid"",""humanoid""]",inferred_from_art_and_name,[],[],True,"{""player_use"":""unavailable"",""opponent_use"":""training_dummy_available"",""basis"":""screenshot_brightness_inference"",""confidence"":""medium"",""as_of"":""2026-09-26"",""requires_confirmation_for_test_setup"":true}"
204,Kraken,9,Cryptid,"{""file"":""user_2026-09-27/Screenshot 2026-09-26 at 6.32.40 PM.png"",""image_number"":11,""card_ordinal_excluding_clipped_repeats"":4}","[""cryptid"",""aquatic""]",inferred_from_art_and_name,[],[],True,"{""player_use"":""unavailable"",""opponent_use"":""training_dummy_available"",""basis"":""screenshot_brightness_inference"",""confidence"":""medium"",""as_of"":""2026-09-26"",""requires_confirmation_for_test_setup"":true}"
205,Chronus The Hoarder,10,Bosses,"{""file"":""user_2026-09-27/Screenshot 2026-09-26 at 6.32.40 PM.png"",""image_number"":11,""card_ordinal_excluding_clipped_repeats"":5}","[""humanlike""]",inferred_from_art_and_name,"[""sin""]",[],True,"{""player_use"":""available"",""opponent_use"":""training_dummy_available"",""basis"":""screenshot_brightness_inference"",""confidence"":""medium"",""as_of"":""2026-09-26"",""requires_confirmation_for_test_setup"":true}"
206,Malik The Sovereign,10,Bosses,"{""file"":""user_2026-09-27/Screenshot 2026-09-26 at 6.32.40 PM.png"",""image_number"":11,""card_ordinal_excluding_clipped_repeats"":6}","[""humanlike""]",inferred_from_art_and_name,"[""sin""]",[],True,"{""player_use"":""available"",""opponent_use"":""training_dummy_available"",""basis"":""screenshot_brightness_inference"",""confidence"":""medium"",""as_of"":""2026-09-26"",""requires_confirmation_for_test_setup"":true}"
207,Gideon The Insatiable,10,Bosses,"{""file"":""user_2026-09-27/Screenshot 2026-09-26 at 6.32.40 PM.png"",""image_number"":11,""card_ordinal_excluding_clipped_repeats"":7}","[""humanoid"",""ogre""]",inferred_from_art_and_name,"[""sin""]",[],True,"{""player_use"":""available"",""opponent_use"":""training_dummy_available"",""basis"":""screenshot_brightness_inference"",""confidence"":""medium"",""as_of"":""2026-09-26"",""requires_confirmation_for_test_setup"":true}"
208,Lilith the Enchantress,10,Bosses,"{""file"":""user_2026-09-27/Screenshot 2026-09-26 at 6.32.40 PM.png"",""image_number"":11,""card_ordinal_excluding_clipped_repeats"":8}","[""humanlike"",""demon""]",inferred_from_art_and_name,"[""demon"",""sin""]",[],True,"{""player_use"":""available"",""opponent_use"":""training_dummy_available"",""basis"":""screenshot_brightness_inference"",""confidence"":""medium"",""as_of"":""2026-09-26"",""requires_confirmation_for_test_setup"":true}"
209,Morpheus the Slumberer,10,Bosses,"{""file"":""user_2026-09-27/Screenshot 2026-09-26 at 6.32.40 PM.png"",""image_number"":11,""card_ordinal_excluding_clipped_repeats"":9}","[""animal"",""spirit""]",inferred_from_art_and_name,"[""sin""]",[],True,"{""player_use"":""available"",""opponent_use"":""training_dummy_available"",""basis"":""screenshot_brightness_inference"",""confidence"":""medium"",""as_of"":""2026-09-26"",""requires_confirmation_for_test_setup"":true}"
210,Raze The Destroyer,10,Bosses,"{""file"":""user_2026-09-27/Screenshot 2026-09-26 at 6.32.40 PM.png"",""image_number"":11,""card_ordinal_excluding_clipped_repeats"":10}","[""dragon""]",inferred_from_art_and_name,"[""dragon"",""sin""]","[{""card_id"":210,""class_name"":""dragon"",""source_url"":""https://card-rng.fandom.com/wiki/Dragon_King"",""evidence_summary"":""Dragon King names Raze among dragon targets; Raze maps to local Raze The Destroyer."",""status"":""wiki_supported_unverified_current""}]",True,"{""player_use"":""available"",""opponent_use"":""training_dummy_available"",""basis"":""screenshot_brightness_inference"",""confidence"":""medium"",""as_of"":""2026-09-26"",""requires_confirmation_for_test_setup"":true}"
211,Sable The Envious,10,Bosses,"{""file"":""user_2026-09-27/Screenshot 2026-09-26 at 6.32.40 PM.png"",""image_number"":11,""card_ordinal_excluding_clipped_repeats"":11}","[""humanlike""]",inferred_from_art_and_name,"[""demon"",""sin""]","[{""card_id"":211,""class_name"":""demon"",""source_url"":""https://card-rng.fandom.com/wiki/Sable%2C_The_Envious"",""evidence_summary"":""The card page explicitly carries the Demons category."",""status"":""wiki_supported_unverified_current""}]",True,"{""player_use"":""available"",""opponent_use"":""training_dummy_available"",""basis"":""screenshot_brightness_inference"",""confidence"":""medium"",""as_of"":""2026-09-26"",""requires_confirmation_for_test_setup"":true}"
212,Mother of Beasts,10,Bosses,"{""file"":""user_2026-09-27/Screenshot 2026-09-26 at 6.32.40 PM.png"",""image_number"":11,""card_ordinal_excluding_clipped_repeats"":12}","[""humanoid"",""antlered""]",inferred_from_art_and_name,[],[],True,"{""player_use"":""unavailable"",""opponent_use"":""training_dummy_available"",""basis"":""screenshot_brightness_inference"",""confidence"":""medium"",""as_of"":""2026-09-26"",""requires_confirmation_for_test_setup"":true}"
213,100 Men,11,Limited,"{""file"":""user_2026-09-27/Screenshot 2026-09-26 at 6.33.01 PM.png"",""image_number"":12,""card_ordinal_excluding_clipped_repeats"":1}","[""humanlike"",""group""]",inferred_from_art_and_name,[],[],True,"{""player_use"":""unavailable"",""opponent_use"":""training_dummy_available"",""basis"":""screenshot_brightness_inference"",""confidence"":""medium"",""as_of"":""2026-09-26"",""requires_confirmation_for_test_setup"":true}"
214,Naga,11,Limited,"{""file"":""user_2026-09-27/Screenshot 2026-09-26 at 6.33.01 PM.png"",""image_number"":12,""card_ordinal_excluding_clipped_repeats"":2}","[""humanoid"",""serpent""]",inferred_from_art_and_name,[],[],True,"{""player_use"":""unavailable"",""opponent_use"":""training_dummy_available"",""basis"":""screenshot_brightness_inference"",""confidence"":""medium"",""as_of"":""2026-09-26"",""requires_confirmation_for_test_setup"":true}"
215,Uncle Sam,11,Limited,"{""file"":""user_2026-09-27/Screenshot 2026-09-26 at 6.33.01 PM.png"",""image_number"":12,""card_ordinal_excluding_clipped_repeats"":3}","[""humanlike""]",inferred_from_art_and_name,[],[],True,"{""player_use"":""unavailable"",""opponent_use"":""training_dummy_available"",""basis"":""screenshot_brightness_inference"",""confidence"":""medium"",""as_of"":""2026-09-26"",""requires_confirmation_for_test_setup"":true}"
216,"Shay, Heart of the Cards",11,Limited,"{""file"":""user_2026-09-27/Screenshot 2026-09-26 at 6.33.01 PM.png"",""image_number"":12,""card_ordinal_excluding_clipped_repeats"":4}","[""humanlike""]",inferred_from_art_and_name,"[""rng""]",[],True,"{""player_use"":""unavailable"",""opponent_use"":""training_dummy_available"",""basis"":""screenshot_brightness_inference"",""confidence"":""medium"",""as_of"":""2026-09-26"",""requires_confirmation_for_test_setup"":true}"
217,Gorilla,11,Limited,"{""file"":""user_2026-09-27/Screenshot 2026-09-26 at 6.33.01 PM.png"",""image_number"":12,""card_ordinal_excluding_clipped_repeats"":5}","[""animal"",""primate""]",inferred_from_art_and_name,[],[],True,"{""player_use"":""unavailable"",""opponent_use"":""training_dummy_available"",""basis"":""screenshot_brightness_inference"",""confidence"":""medium"",""as_of"":""2026-09-26"",""requires_confirmation_for_test_setup"":true}"
218,Valentine's Specter,11,Limited,"{""file"":""user_2026-09-27/Screenshot 2026-09-26 at 6.33.01 PM.png"",""image_number"":12,""card_ordinal_excluding_clipped_repeats"":6}","[""humanlike"",""spirit""]",inferred_from_art_and_name,"[""rng""]",[],True,"{""player_use"":""unavailable"",""opponent_use"":""training_dummy_available"",""basis"":""screenshot_brightness_inference"",""confidence"":""medium"",""as_of"":""2026-09-26"",""requires_confirmation_for_test_setup"":true}"
219,Sisyphus,11,Limited,"{""file"":""user_2026-09-27/Screenshot 2026-09-26 at 6.33.01 PM.png"",""image_number"":12,""card_ordinal_excluding_clipped_repeats"":7}","[""avian"",""shadow""]",inferred_from_art_and_name,[],[],True,"{""player_use"":""unavailable"",""opponent_use"":""training_dummy_available"",""basis"":""screenshot_brightness_inference"",""confidence"":""medium"",""as_of"":""2026-09-26"",""requires_confirmation_for_test_setup"":true}"
220,George Washington,11,Limited,"{""file"":""user_2026-09-27/Screenshot 2026-09-26 at 6.33.01 PM.png"",""image_number"":12,""card_ordinal_excluding_clipped_repeats"":8}","[""humanlike""]",inferred_from_art_and_name,"[""rng""]",[],True,"{""player_use"":""unavailable"",""opponent_use"":""training_dummy_available"",""basis"":""screenshot_brightness_inference"",""confidence"":""medium"",""as_of"":""2026-09-26"",""requires_confirmation_for_test_setup"":true}"
221,Cave Goblin & Wind Spirit,11,Limited,"{""file"":""user_2026-09-27/Screenshot 2026-09-26 at 6.33.01 PM.png"",""image_number"":12,""card_ordinal_excluding_clipped_repeats"":9}","[""humanoid"",""group""]",inferred_from_art_and_name,[],[],True,"{""player_use"":""unavailable"",""opponent_use"":""training_dummy_available"",""basis"":""screenshot_brightness_inference"",""confidence"":""medium"",""as_of"":""2026-09-26"",""requires_confirmation_for_test_setup"":true}"
222,Hera,11,Limited,"{""file"":""user_2026-09-27/Screenshot 2026-09-26 at 6.33.01 PM.png"",""image_number"":12,""card_ordinal_excluding_clipped_repeats"":10}","[""humanlike"",""divine""]",inferred_from_art_and_name,[],[],True,"{""player_use"":""unavailable"",""opponent_use"":""training_dummy_available"",""basis"":""screenshot_brightness_inference"",""confidence"":""medium"",""as_of"":""2026-09-26"",""requires_confirmation_for_test_setup"":true}"
223,Dad,11,Limited,"{""file"":""user_2026-09-27/Screenshot 2026-09-26 at 6.33.01 PM.png"",""image_number"":12,""card_ordinal_excluding_clipped_repeats"":11}","[""humanlike""]",inferred_from_art_and_name,[],[],True,"{""player_use"":""unavailable"",""opponent_use"":""training_dummy_available"",""basis"":""screenshot_brightness_inference"",""confidence"":""medium"",""as_of"":""2026-09-26"",""requires_confirmation_for_test_setup"":true}"
224,Kid Gohan,11,Limited,"{""file"":""user_2026-09-27/Screenshot 2026-09-26 at 6.33.01 PM.png"",""image_number"":12,""card_ordinal_excluding_clipped_repeats"":12}","[""humanlike""]",inferred_from_art_and_name,[],[],True,"{""player_use"":""unavailable"",""opponent_use"":""training_dummy_available"",""basis"":""screenshot_brightness_inference"",""confidence"":""medium"",""as_of"":""2026-09-26"",""requires_confirmation_for_test_setup"":true}"
225,Milk,11,Limited,"{""file"":""user_2026-09-27/Screenshot 2026-09-26 at 6.33.01 PM.png"",""image_number"":12,""card_ordinal_excluding_clipped_repeats"":13}","[""object""]",inferred_from_art_and_name,[],[],True,"{""player_use"":""unavailable"",""opponent_use"":""training_dummy_available"",""basis"":""screenshot_brightness_inference"",""confidence"":""medium"",""as_of"":""2026-09-26"",""requires_confirmation_for_test_setup"":true}"
226,Aphrodite,11,Limited,"{""file"":""user_2026-09-27/Screenshot 2026-09-26 at 6.33.01 PM.png"",""image_number"":12,""card_ordinal_excluding_clipped_repeats"":14}","[""humanlike"",""divine""]",inferred_from_art_and_name,[],[],True,"{""player_use"":""unavailable"",""opponent_use"":""training_dummy_available"",""basis"":""screenshot_brightness_inference"",""confidence"":""medium"",""as_of"":""2026-09-26"",""requires_confirmation_for_test_setup"":true}"
227,Frank,11,Limited,"{""file"":""user_2026-09-27/Screenshot 2026-09-26 at 6.33.01 PM.png"",""image_number"":12,""card_ordinal_excluding_clipped_repeats"":15}","[""animal"",""feline""]",inferred_from_art_and_name,[],[],True,"{""player_use"":""unavailable"",""opponent_use"":""training_dummy_available"",""basis"":""screenshot_brightness_inference"",""confidence"":""medium"",""as_of"":""2026-09-26"",""requires_confirmation_for_test_setup"":true}"
228,Eclipseborn Luminant,11,Limited,"{""file"":""user_2026-09-27/Screenshot 2026-09-26 at 6.33.01 PM.png"",""image_number"":12,""card_ordinal_excluding_clipped_repeats"":16}","[""humanoid"",""armored""]",inferred_from_art_and_name,"[""rng""]",[],True,"{""player_use"":""unavailable"",""opponent_use"":""training_dummy_available"",""basis"":""screenshot_brightness_inference"",""confidence"":""medium"",""as_of"":""2026-09-26"",""requires_confirmation_for_test_setup"":true}"
229,Turkey,11,Limited,"{""file"":""user_2026-09-27/Screenshot 2026-09-26 at 6.33.01 PM.png"",""image_number"":12,""card_ordinal_excluding_clipped_repeats"":17}","[""avian""]",inferred_from_art_and_name,"[""avian""]",[],True,"{""player_use"":""unavailable"",""opponent_use"":""training_dummy_available"",""basis"":""screenshot_brightness_inference"",""confidence"":""medium"",""as_of"":""2026-09-26"",""requires_confirmation_for_test_setup"":true}"
230,The Broken One,11,Limited,"{""file"":""user_2026-09-27/Screenshot 2026-09-26 at 6.33.01 PM.png"",""image_number"":12,""card_ordinal_excluding_clipped_repeats"":18}","[""construct"",""toy""]",inferred_from_art_and_name,"[""toy""]",[],True,"{""player_use"":""unavailable"",""opponent_use"":""training_dummy_available"",""basis"":""screenshot_brightness_inference"",""confidence"":""medium"",""as_of"":""2026-09-26"",""requires_confirmation_for_test_setup"":true}"
231,Supreme Ozzy,11,Limited,"{""file"":""user_2026-09-27/Screenshot 2026-09-26 at 6.33.01 PM.png"",""image_number"":12,""card_ordinal_excluding_clipped_repeats"":19}","[""animal"",""feline""]",inferred_from_art_and_name,[],[],True,"{""player_use"":""unavailable"",""opponent_use"":""training_dummy_available"",""basis"":""screenshot_brightness_inference"",""confidence"":""medium"",""as_of"":""2026-09-26"",""requires_confirmation_for_test_setup"":true}"
232,Cave Goblin God,11,Limited,"{""file"":""user_2026-09-27/Screenshot 2026-09-26 at 6.33.01 PM.png"",""image_number"":12,""card_ordinal_excluding_clipped_repeats"":20}","[""humanoid"",""goblin""]",inferred_from_art_and_name,"[""rng""]",[],True,"{""player_use"":""unavailable"",""opponent_use"":""training_dummy_available"",""basis"":""screenshot_brightness_inference"",""confidence"":""medium"",""as_of"":""2026-09-26"",""requires_confirmation_for_test_setup"":true}"
233,Anubis & Hades,11,Limited,"{""file"":""user_2026-09-27/Screenshot 2026-09-26 at 6.33.01 PM.png"",""image_number"":12,""card_ordinal_excluding_clipped_repeats"":21}","[""humanoid"",""group"",""divine""]",inferred_from_art_and_name,"[""undead""]",[],True,"{""player_use"":""unavailable"",""opponent_use"":""training_dummy_available"",""basis"":""screenshot_brightness_inference"",""confidence"":""medium"",""as_of"":""2026-09-26"",""requires_confirmation_for_test_setup"":true}"
234,Longmu,11,Limited,"{""file"":""user_2026-09-27/Screenshot 2026-09-26 at 6.33.01 PM.png"",""image_number"":12,""card_ordinal_excluding_clipped_repeats"":22}","[""humanlike""]",inferred_from_art_and_name,"[""dragon""]",[],True,"{""player_use"":""unavailable"",""opponent_use"":""training_dummy_available"",""basis"":""screenshot_brightness_inference"",""confidence"":""medium"",""as_of"":""2026-09-26"",""requires_confirmation_for_test_setup"":true}"
235,Star Eater,11,Limited,"{""file"":""user_2026-09-27/Screenshot 2026-09-26 at 6.33.01 PM.png"",""image_number"":12,""card_ordinal_excluding_clipped_repeats"":23}","[""aquatic""]",inferred_from_art_and_name,[],[],True,"{""player_use"":""unavailable"",""opponent_use"":""training_dummy_available"",""basis"":""screenshot_brightness_inference"",""confidence"":""medium"",""as_of"":""2026-09-26"",""requires_confirmation_for_test_setup"":true}"
236,Eonus,11,Limited,"{""file"":""user_2026-09-27/Screenshot 2026-09-26 at 6.33.01 PM.png"",""image_number"":12,""card_ordinal_excluding_clipped_repeats"":24}","[""abstract""]",inferred_from_art_and_name,[],[],True,"{""player_use"":""unavailable"",""opponent_use"":""training_dummy_available"",""basis"":""screenshot_brightness_inference"",""confidence"":""medium"",""as_of"":""2026-09-26"",""requires_confirmation_for_test_setup"":true}"
237,Pestilence,11,Limited,"{""file"":""user_2026-09-27/Screenshot 2026-09-26 at 6.33.14 PM.png"",""image_number"":13,""card_ordinal_excluding_clipped_repeats"":1}","[""undead"",""hooded""]",inferred_from_art_and_name,"[""undead""]",[],True,"{""player_use"":""unavailable"",""opponent_use"":""training_dummy_available"",""basis"":""screenshot_brightness_inference"",""confidence"":""medium"",""as_of"":""2026-09-26"",""requires_confirmation_for_test_setup"":true}"
238,Ragon & Fafnir,11,Limited,"{""file"":""user_2026-09-27/Screenshot 2026-09-26 at 6.33.14 PM.png"",""image_number"":13,""card_ordinal_excluding_clipped_repeats"":2}","[""dragon"",""group""]",inferred_from_art_and_name,"[""dragon""]","[{""card_id"":238,""class_name"":""dragon"",""source_url"":""https://card-rng.fandom.com/wiki/Dragon_King"",""evidence_summary"":""Dragon King trivia explicitly includes this card among its dragon targets."",""status"":""wiki_supported_unverified_current""}]",True,"{""player_use"":""unavailable"",""opponent_use"":""training_dummy_available"",""basis"":""screenshot_brightness_inference"",""confidence"":""medium"",""as_of"":""2026-09-26"",""requires_confirmation_for_test_setup"":true}"
239,Cthulu,11,Limited,"{""file"":""user_2026-09-27/Screenshot 2026-09-26 at 6.33.14 PM.png"",""image_number"":13,""card_ordinal_excluding_clipped_repeats"":3}","[""humanoid"",""aquatic""]",inferred_from_art_and_name,[],[],True,"{""player_use"":""unavailable"",""opponent_use"":""training_dummy_available"",""basis"":""screenshot_brightness_inference"",""confidence"":""medium"",""as_of"":""2026-09-26"",""requires_confirmation_for_test_setup"":true}"
240,Fate Seamstress,11,Limited,"{""file"":""user_2026-09-27/Screenshot 2026-09-26 at 6.33.14 PM.png"",""image_number"":13,""card_ordinal_excluding_clipped_repeats"":4}","[""humanlike""]",inferred_from_art_and_name,[],[],True,"{""player_use"":""unavailable"",""opponent_use"":""training_dummy_available"",""basis"":""screenshot_brightness_inference"",""confidence"":""medium"",""as_of"":""2026-09-26"",""requires_confirmation_for_test_setup"":true}"
241,Famine,11,Limited,"{""file"":""user_2026-09-27/Screenshot 2026-09-26 at 6.33.14 PM.png"",""image_number"":13,""card_ordinal_excluding_clipped_repeats"":5}","[""undead"",""hooded""]",inferred_from_art_and_name,"[""undead""]",[],True,"{""player_use"":""unavailable"",""opponent_use"":""training_dummy_available"",""basis"":""screenshot_brightness_inference"",""confidence"":""medium"",""as_of"":""2026-09-26"",""requires_confirmation_for_test_setup"":true}"
242,War,11,Limited,"{""file"":""user_2026-09-27/Screenshot 2026-09-26 at 6.33.14 PM.png"",""image_number"":13,""card_ordinal_excluding_clipped_repeats"":6}","[""humanoid"",""armored""]",inferred_from_art_and_name,"[""undead""]",[],True,"{""player_use"":""unavailable"",""opponent_use"":""training_dummy_available"",""basis"":""screenshot_brightness_inference"",""confidence"":""medium"",""as_of"":""2026-09-26"",""requires_confirmation_for_test_setup"":true}"
243,Community,11,Limited,"{""file"":""user_2026-09-27/Screenshot 2026-09-26 at 6.33.14 PM.png"",""image_number"":13,""card_ordinal_excluding_clipped_repeats"":7}","[""humanoid"",""group"",""divine""]",inferred_from_art_and_name,[],[],True,"{""player_use"":""unavailable"",""opponent_use"":""training_dummy_available"",""basis"":""screenshot_brightness_inference"",""confidence"":""medium"",""as_of"":""2026-09-26"",""requires_confirmation_for_test_setup"":true}"
244,Azure Witch,11,Limited,"{""file"":""user_2026-09-27/Screenshot 2026-09-26 at 6.33.14 PM.png"",""image_number"":13,""card_ordinal_excluding_clipped_repeats"":8}","[""humanlike"",""mage""]",inferred_from_art_and_name,[],[],True,"{""player_use"":""unavailable"",""opponent_use"":""training_dummy_available"",""basis"":""screenshot_brightness_inference"",""confidence"":""medium"",""as_of"":""2026-09-26"",""requires_confirmation_for_test_setup"":true}"
245,Death,11,Limited,"{""file"":""user_2026-09-27/Screenshot 2026-09-26 at 6.33.14 PM.png"",""image_number"":13,""card_ordinal_excluding_clipped_repeats"":9}","[""undead"",""hooded""]",inferred_from_art_and_name,"[""undead""]",[],True,"{""player_use"":""unavailable"",""opponent_use"":""training_dummy_available"",""basis"":""screenshot_brightness_inference"",""confidence"":""medium"",""as_of"":""2026-09-26"",""requires_confirmation_for_test_setup"":true}"
246,Memories,11,Limited,"{""file"":""user_2026-09-27/Screenshot 2026-09-26 at 6.33.14 PM.png"",""image_number"":13,""card_ordinal_excluding_clipped_repeats"":10}","[""avian"",""group""]",inferred_from_art_and_name,[],[],True,"{""player_use"":""unavailable"",""opponent_use"":""training_dummy_available"",""basis"":""screenshot_brightness_inference"",""confidence"":""medium"",""as_of"":""2026-09-26"",""requires_confirmation_for_test_setup"":true}"
247,Legends,11,Limited,"{""file"":""user_2026-09-27/Screenshot 2026-09-26 at 6.33.14 PM.png"",""image_number"":13,""card_ordinal_excluding_clipped_repeats"":11}","[""humanoid"",""armored""]",inferred_from_art_and_name,[],[],True,"{""player_use"":""unavailable"",""opponent_use"":""training_dummy_available"",""basis"":""screenshot_brightness_inference"",""confidence"":""medium"",""as_of"":""2026-09-26"",""requires_confirmation_for_test_setup"":true}"
248,Sarimanok,11,Limited,"{""file"":""user_2026-09-27/Screenshot 2026-09-26 at 6.33.14 PM.png"",""image_number"":13,""card_ordinal_excluding_clipped_repeats"":12}","[""avian""]",inferred_from_art_and_name,"[""avian""]",[],True,"{""player_use"":""unavailable"",""opponent_use"":""training_dummy_available"",""basis"":""screenshot_brightness_inference"",""confidence"":""medium"",""as_of"":""2026-09-26"",""requires_confirmation_for_test_setup"":true}"
249,Bakunawa,11,Limited,"{""file"":""user_2026-09-27/Screenshot 2026-09-26 at 6.33.14 PM.png"",""image_number"":13,""card_ordinal_excluding_clipped_repeats"":13}","[""dragon"",""aquatic""]",inferred_from_art_and_name,"[""dragon""]",[],True,"{""player_use"":""unavailable"",""opponent_use"":""training_dummy_available"",""basis"":""screenshot_brightness_inference"",""confidence"":""medium"",""as_of"":""2026-09-26"",""requires_confirmation_for_test_setup"":true}"
250,Time Lord Stryx,11,Limited,"{""file"":""user_2026-09-27/Screenshot 2026-09-26 at 6.33.14 PM.png"",""image_number"":13,""card_ordinal_excluding_clipped_repeats"":14}","[""humanlike"",""divine""]",inferred_from_art_and_name,[],[],True,"{""player_use"":""unavailable"",""opponent_use"":""training_dummy_available"",""basis"":""screenshot_brightness_inference"",""confidence"":""medium"",""as_of"":""2026-09-26"",""requires_confirmation_for_test_setup"":true}"
251,Frosty The Snowman,12,Christmas,"{""file"":""user_2026-09-27/Screenshot 2026-09-26 at 6.33.14 PM.png"",""image_number"":13,""card_ordinal_excluding_clipped_repeats"":15}","[""construct"",""snowman""]",inferred_from_art_and_name,[],[],True,"{""player_use"":""unavailable"",""opponent_use"":""training_dummy_available"",""basis"":""screenshot_brightness_inference"",""confidence"":""medium"",""as_of"":""2026-09-26"",""requires_confirmation_for_test_setup"":true}"
252,Old Man Winter,12,Christmas,"{""file"":""user_2026-09-27/Screenshot 2026-09-26 at 6.33.14 PM.png"",""image_number"":13,""card_ordinal_excluding_clipped_repeats"":16}","[""animal"",""mammal"",""ice""]",inferred_from_art_and_name,"[""rng""]",[],True,"{""player_use"":""unavailable"",""opponent_use"":""training_dummy_available"",""basis"":""screenshot_brightness_inference"",""confidence"":""medium"",""as_of"":""2026-09-26"",""requires_confirmation_for_test_setup"":true}"
253,Rudolph,12,Christmas,"{""file"":""user_2026-09-27/Screenshot 2026-09-26 at 6.33.14 PM.png"",""image_number"":13,""card_ordinal_excluding_clipped_repeats"":17}","[""animal"",""deer""]",inferred_from_art_and_name,[],[],True,"{""player_use"":""unavailable"",""opponent_use"":""training_dummy_available"",""basis"":""screenshot_brightness_inference"",""confidence"":""medium"",""as_of"":""2026-09-26"",""requires_confirmation_for_test_setup"":true}"
254,Gingerbread Man,12,Christmas,"{""file"":""user_2026-09-27/Screenshot 2026-09-26 at 6.33.14 PM.png"",""image_number"":13,""card_ordinal_excluding_clipped_repeats"":18}","[""construct"",""toy""]",inferred_from_art_and_name,"[""toy""]",[],True,"{""player_use"":""unavailable"",""opponent_use"":""training_dummy_available"",""basis"":""screenshot_brightness_inference"",""confidence"":""medium"",""as_of"":""2026-09-26"",""requires_confirmation_for_test_setup"":true}"
255,Dionysus,12,Christmas,"{""file"":""user_2026-09-27/Screenshot 2026-09-26 at 6.33.14 PM.png"",""image_number"":13,""card_ordinal_excluding_clipped_repeats"":19}","[""humanlike"",""divine""]",inferred_from_art_and_name,[],[],True,"{""player_use"":""unavailable"",""opponent_use"":""training_dummy_available"",""basis"":""screenshot_brightness_inference"",""confidence"":""medium"",""as_of"":""2026-09-26"",""requires_confirmation_for_test_setup"":true}"
256,The Grinch,12,Christmas,"{""file"":""user_2026-09-27/Screenshot 2026-09-26 at 6.33.14 PM.png"",""image_number"":13,""card_ordinal_excluding_clipped_repeats"":20}","[""humanoid""]",inferred_from_art_and_name,[],[],True,"{""player_use"":""unavailable"",""opponent_use"":""training_dummy_available"",""basis"":""screenshot_brightness_inference"",""confidence"":""medium"",""as_of"":""2026-09-26"",""requires_confirmation_for_test_setup"":true}"
257,Krampus,12,Christmas,"{""file"":""user_2026-09-27/Screenshot 2026-09-26 at 6.33.22 PM.png"",""image_number"":14,""card_ordinal_excluding_clipped_repeats"":1}","[""demon"",""horned""]",inferred_from_art_and_name,"[""demon""]",[],True,"{""player_use"":""unavailable"",""opponent_use"":""training_dummy_available"",""basis"":""screenshot_brightness_inference"",""confidence"":""medium"",""as_of"":""2026-09-26"",""requires_confirmation_for_test_setup"":true}"
258,Wandering Snowman,12,Christmas,"{""file"":""user_2026-09-27/Screenshot 2026-09-26 at 6.33.22 PM.png"",""image_number"":14,""card_ordinal_excluding_clipped_repeats"":2}","[""construct"",""snowman""]",inferred_from_art_and_name,[],[],True,"{""player_use"":""unavailable"",""opponent_use"":""training_dummy_available"",""basis"":""screenshot_brightness_inference"",""confidence"":""medium"",""as_of"":""2026-09-26"",""requires_confirmation_for_test_setup"":true}"
259,Mrs. Claus,12,Christmas,"{""file"":""user_2026-09-27/Screenshot 2026-09-26 at 6.33.22 PM.png"",""image_number"":14,""card_ordinal_excluding_clipped_repeats"":3}","[""humanlike""]",inferred_from_art_and_name,[],[],True,"{""player_use"":""unavailable"",""opponent_use"":""training_dummy_available"",""basis"":""screenshot_brightness_inference"",""confidence"":""medium"",""as_of"":""2026-09-26"",""requires_confirmation_for_test_setup"":true}"
260,Santa Claus,12,Christmas,"{""file"":""user_2026-09-27/Screenshot 2026-09-26 at 6.33.22 PM.png"",""image_number"":14,""card_ordinal_excluding_clipped_repeats"":4}","[""humanlike""]",inferred_from_art_and_name,"[""rng""]",[],True,"{""player_use"":""unavailable"",""opponent_use"":""training_dummy_available"",""basis"":""screenshot_brightness_inference"",""confidence"":""medium"",""as_of"":""2026-09-26"",""requires_confirmation_for_test_setup"":true}"
261,Toy Bear,12,Christmas,"{""file"":""user_2026-09-27/Screenshot 2026-09-26 at 6.33.22 PM.png"",""image_number"":14,""card_ordinal_excluding_clipped_repeats"":5}","[""construct"",""toy"",""animal""]",inferred_from_art_and_name,"[""toy""]",[],True,"{""player_use"":""unavailable"",""opponent_use"":""training_dummy_available"",""basis"":""screenshot_brightness_inference"",""confidence"":""medium"",""as_of"":""2026-09-26"",""requires_confirmation_for_test_setup"":true}"
262,Toy Car,12,Christmas,"{""file"":""user_2026-09-27/Screenshot 2026-09-26 at 6.33.22 PM.png"",""image_number"":14,""card_ordinal_excluding_clipped_repeats"":6}","[""construct"",""toy"",""object""]",inferred_from_art_and_name,"[""toy""]",[],True,"{""player_use"":""unavailable"",""opponent_use"":""training_dummy_available"",""basis"":""screenshot_brightness_inference"",""confidence"":""medium"",""as_of"":""2026-09-26"",""requires_confirmation_for_test_setup"":true}"
263,The Jack-in-the-Box,12,Christmas,"{""file"":""user_2026-09-27/Screenshot 2026-09-26 at 6.33.22 PM.png"",""image_number"":14,""card_ordinal_excluding_clipped_repeats"":7}","[""construct"",""toy""]",inferred_from_art_and_name,"[""toy""]",[],True,"{""player_use"":""unavailable"",""opponent_use"":""training_dummy_available"",""basis"":""screenshot_brightness_inference"",""confidence"":""medium"",""as_of"":""2026-09-26"",""requires_confirmation_for_test_setup"":true}"
264,Toy Nutcracker,12,Christmas,"{""file"":""user_2026-09-27/Screenshot 2026-09-26 at 6.33.22 PM.png"",""image_number"":14,""card_ordinal_excluding_clipped_repeats"":8}","[""construct"",""toy"",""humanoid""]",inferred_from_art_and_name,"[""toy""]",[],True,"{""player_use"":""unavailable"",""opponent_use"":""training_dummy_available"",""basis"":""screenshot_brightness_inference"",""confidence"":""medium"",""as_of"":""2026-09-26"",""requires_confirmation_for_test_setup"":true}"
265,Santa Claws,12,Christmas,"{""file"":""user_2026-09-27/Screenshot 2026-09-26 at 6.33.22 PM.png"",""image_number"":14,""card_ordinal_excluding_clipped_repeats"":9}","[""humanoid""]",inferred_from_art_and_name,[],[],True,"{""player_use"":""unavailable"",""opponent_use"":""training_dummy_available"",""basis"":""screenshot_brightness_inference"",""confidence"":""medium"",""as_of"":""2026-09-26"",""requires_confirmation_for_test_setup"":true}"
266,Zombie,13,Halloween,"{""file"":""user_2026-09-27/Screenshot 2026-09-26 at 6.33.22 PM.png"",""image_number"":14,""card_ordinal_excluding_clipped_repeats"":10}","[""undead"",""humanoid""]",inferred_from_art_and_name,"[""undead""]",[],True,"{""player_use"":""unavailable"",""opponent_use"":""training_dummy_available"",""basis"":""screenshot_brightness_inference"",""confidence"":""medium"",""as_of"":""2026-09-26"",""requires_confirmation_for_test_setup"":true}"
267,Banshee,13,Halloween,"{""file"":""user_2026-09-27/Screenshot 2026-09-26 at 6.33.22 PM.png"",""image_number"":14,""card_ordinal_excluding_clipped_repeats"":11}","[""spirit"",""undead""]",inferred_from_art_and_name,"[""undead""]",[],True,"{""player_use"":""unavailable"",""opponent_use"":""training_dummy_available"",""basis"":""screenshot_brightness_inference"",""confidence"":""medium"",""as_of"":""2026-09-26"",""requires_confirmation_for_test_setup"":true}"
268,Witch,13,Halloween,"{""file"":""user_2026-09-27/Screenshot 2026-09-26 at 6.33.22 PM.png"",""image_number"":14,""card_ordinal_excluding_clipped_repeats"":12}","[""humanlike"",""mage""]",inferred_from_art_and_name,"[""rng""]",[],True,"{""player_use"":""unavailable"",""opponent_use"":""training_dummy_available"",""basis"":""screenshot_brightness_inference"",""confidence"":""medium"",""as_of"":""2026-09-26"",""requires_confirmation_for_test_setup"":true}"
269,Scarecrow,13,Halloween,"{""file"":""user_2026-09-27/Screenshot 2026-09-26 at 6.33.22 PM.png"",""image_number"":14,""card_ordinal_excluding_clipped_repeats"":13}","[""construct"",""plant""]",inferred_from_art_and_name,[],[],True,"{""player_use"":""unavailable"",""opponent_use"":""training_dummy_available"",""basis"":""screenshot_brightness_inference"",""confidence"":""medium"",""as_of"":""2026-09-26"",""requires_confirmation_for_test_setup"":true}"
270,Bloody Mary,13,Halloween,"{""file"":""user_2026-09-27/Screenshot 2026-09-26 at 6.33.22 PM.png"",""image_number"":14,""card_ordinal_excluding_clipped_repeats"":14}","[""humanlike"",""spirit""]",inferred_from_art_and_name,"[""rng"",""undead""]",[],True,"{""player_use"":""unavailable"",""opponent_use"":""training_dummy_available"",""basis"":""screenshot_brightness_inference"",""confidence"":""medium"",""as_of"":""2026-09-26"",""requires_confirmation_for_test_setup"":true}"
271,Revenant,13,Halloween,"{""file"":""user_2026-09-27/Screenshot 2026-09-26 at 6.33.22 PM.png"",""image_number"":14,""card_ordinal_excluding_clipped_repeats"":15}","[""undead"",""skeletal""]",inferred_from_art_and_name,"[""undead""]",[],True,"{""player_use"":""unavailable"",""opponent_use"":""training_dummy_available"",""basis"":""screenshot_brightness_inference"",""confidence"":""medium"",""as_of"":""2026-09-26"",""requires_confirmation_for_test_setup"":true}"
272,Dr. Frankenstein,13,Halloween,"{""file"":""user_2026-09-27/Screenshot 2026-09-26 at 6.33.22 PM.png"",""image_number"":14,""card_ordinal_excluding_clipped_repeats"":16}","[""humanlike"",""undead""]",inferred_from_art_and_name,"[""undead""]",[],True,"{""player_use"":""unavailable"",""opponent_use"":""training_dummy_available"",""basis"":""screenshot_brightness_inference"",""confidence"":""medium"",""as_of"":""2026-09-26"",""requires_confirmation_for_test_setup"":true}"
273,Marionette,13,Halloween,"{""file"":""user_2026-09-27/Screenshot 2026-09-26 at 6.33.22 PM.png"",""image_number"":14,""card_ordinal_excluding_clipped_repeats"":17}","[""construct"",""toy"",""humanoid""]",inferred_from_art_and_name,"[""toy""]",[],True,"{""player_use"":""unavailable"",""opponent_use"":""training_dummy_available"",""basis"":""screenshot_brightness_inference"",""confidence"":""medium"",""as_of"":""2026-09-26"",""requires_confirmation_for_test_setup"":true}"
274,Ghoul,14,Halloween 2025,"{""file"":""user_2026-09-27/Screenshot 2026-09-26 at 6.33.32 PM.png"",""image_number"":15,""card_ordinal_excluding_clipped_repeats"":1}","[""unknown""]",unresolved_blank_art,[],[],True,"{""player_use"":""unavailable"",""opponent_use"":""training_dummy_available"",""basis"":""screenshot_brightness_inference"",""confidence"":""medium"",""as_of"":""2026-09-26"",""requires_confirmation_for_test_setup"":true}"
275,Zombie Nurse,14,Halloween 2025,"{""file"":""user_2026-09-27/Screenshot 2026-09-26 at 6.33.32 PM.png"",""image_number"":15,""card_ordinal_excluding_clipped_repeats"":2}","[""humanlike"",""undead""]",inferred_from_art_and_name,"[""undead""]",[],True,"{""player_use"":""unavailable"",""opponent_use"":""training_dummy_available"",""basis"":""screenshot_brightness_inference"",""confidence"":""medium"",""as_of"":""2026-09-26"",""requires_confirmation_for_test_setup"":true}"
276,Night Witch,14,Halloween 2025,"{""file"":""user_2026-09-27/Screenshot 2026-09-26 at 6.33.32 PM.png"",""image_number"":15,""card_ordinal_excluding_clipped_repeats"":3}","[""humanlike"",""mage""]",inferred_from_art_and_name,[],[],True,"{""player_use"":""unavailable"",""opponent_use"":""training_dummy_available"",""basis"":""screenshot_brightness_inference"",""confidence"":""medium"",""as_of"":""2026-09-26"",""requires_confirmation_for_test_setup"":true}"
277,The Hanged Man,14,Halloween 2025,"{""file"":""user_2026-09-27/Screenshot 2026-09-26 at 6.33.32 PM.png"",""image_number"":15,""card_ordinal_excluding_clipped_repeats"":4}","[""humanoid"",""shadow""]",inferred_from_art_and_name,[],[],True,"{""player_use"":""unavailable"",""opponent_use"":""training_dummy_available"",""basis"":""screenshot_brightness_inference"",""confidence"":""medium"",""as_of"":""2026-09-26"",""requires_confirmation_for_test_setup"":true}"
278,Walking Dead,14,Halloween 2025,"{""file"":""user_2026-09-27/Screenshot 2026-09-26 at 6.33.32 PM.png"",""image_number"":15,""card_ordinal_excluding_clipped_repeats"":5}","[""undead"",""humanoid""]",inferred_from_art_and_name,"[""undead""]",[],True,"{""player_use"":""unavailable"",""opponent_use"":""training_dummy_available"",""basis"":""screenshot_brightness_inference"",""confidence"":""medium"",""as_of"":""2026-09-26"",""requires_confirmation_for_test_setup"":true}"
279,Headless Horseman,14,Halloween 2025,"{""file"":""user_2026-09-27/Screenshot 2026-09-26 at 6.33.32 PM.png"",""image_number"":15,""card_ordinal_excluding_clipped_repeats"":6}","[""undead"",""plant""]",inferred_from_art_and_name,"[""undead""]",[],True,"{""player_use"":""unavailable"",""opponent_use"":""training_dummy_available"",""basis"":""screenshot_brightness_inference"",""confidence"":""medium"",""as_of"":""2026-09-26"",""requires_confirmation_for_test_setup"":true}"
280,The Blood Countess,14,Halloween 2025,"{""file"":""user_2026-09-27/Screenshot 2026-09-26 at 6.33.32 PM.png"",""image_number"":15,""card_ordinal_excluding_clipped_repeats"":7}","[""humanlike"",""undead""]",inferred_from_art_and_name,[],[],True,"{""player_use"":""unavailable"",""opponent_use"":""training_dummy_available"",""basis"":""screenshot_brightness_inference"",""confidence"":""medium"",""as_of"":""2026-09-26"",""requires_confirmation_for_test_setup"":true}"
281,The Composer,14,Halloween 2025,"{""file"":""user_2026-09-27/Screenshot 2026-09-26 at 6.33.32 PM.png"",""image_number"":15,""card_ordinal_excluding_clipped_repeats"":8}","[""humanoid"",""undead""]",inferred_from_art_and_name,"[""rng"",""undead""]",[],True,"{""player_use"":""unavailable"",""opponent_use"":""training_dummy_available"",""basis"":""screenshot_brightness_inference"",""confidence"":""medium"",""as_of"":""2026-09-26"",""requires_confirmation_for_test_setup"":true}"
282,Dracula,14,Halloween 2025,"{""file"":""user_2026-09-27/Screenshot 2026-09-26 at 6.33.32 PM.png"",""image_number"":15,""card_ordinal_excluding_clipped_repeats"":9}","[""humanlike"",""undead""]",inferred_from_art_and_name,"[""undead""]",[],True,"{""player_use"":""unavailable"",""opponent_use"":""training_dummy_available"",""basis"":""screenshot_brightness_inference"",""confidence"":""medium"",""as_of"":""2026-09-26"",""requires_confirmation_for_test_setup"":true}"
283,Flying Dutchman,14,Halloween 2025,"{""file"":""user_2026-09-27/Screenshot 2026-09-26 at 6.33.32 PM.png"",""image_number"":15,""card_ordinal_excluding_clipped_repeats"":10}","[""object"",""spirit""]",inferred_from_art_and_name,[],[],True,"{""player_use"":""unavailable"",""opponent_use"":""training_dummy_available"",""basis"":""screenshot_brightness_inference"",""confidence"":""medium"",""as_of"":""2026-09-26"",""requires_confirmation_for_test_setup"":true}"
284,Hecate,14,Halloween 2025,"{""file"":""user_2026-09-27/Screenshot 2026-09-26 at 6.33.32 PM.png"",""image_number"":15,""card_ordinal_excluding_clipped_repeats"":11}","[""humanlike"",""mage""]",inferred_from_art_and_name,[],[],True,"{""player_use"":""unavailable"",""opponent_use"":""training_dummy_available"",""basis"":""screenshot_brightness_inference"",""confidence"":""medium"",""as_of"":""2026-09-26"",""requires_confirmation_for_test_setup"":true}"
285,Abomination,14,Halloween 2025,"{""file"":""user_2026-09-27/Screenshot 2026-09-26 at 6.33.32 PM.png"",""image_number"":15,""card_ordinal_excluding_clipped_repeats"":12}","[""humanoid"",""undead""]",inferred_from_art_and_name,[],[],True,"{""player_use"":""unavailable"",""opponent_use"":""training_dummy_available"",""basis"":""screenshot_brightness_inference"",""confidence"":""medium"",""as_of"":""2026-09-26"",""requires_confirmation_for_test_setup"":true}"
286,Sleep Paralysis,14,Halloween 2025,"{""file"":""user_2026-09-27/Screenshot 2026-09-26 at 6.33.32 PM.png"",""image_number"":15,""card_ordinal_excluding_clipped_repeats"":13}","[""humanoid"",""undead""]",inferred_from_art_and_name,[],[],True,"{""player_use"":""unavailable"",""opponent_use"":""training_dummy_available"",""basis"":""screenshot_brightness_inference"",""confidence"":""medium"",""as_of"":""2026-09-26"",""requires_confirmation_for_test_setup"":true}"
287,Michael M.,14,Halloween 2025,"{""file"":""user_2026-09-27/Screenshot 2026-09-26 at 6.33.32 PM.png"",""image_number"":15,""card_ordinal_excluding_clipped_repeats"":14}","[""humanlike"",""masked""]",inferred_from_art_and_name,[],[],True,"{""player_use"":""unavailable"",""opponent_use"":""training_dummy_available"",""basis"":""screenshot_brightness_inference"",""confidence"":""medium"",""as_of"":""2026-09-26"",""requires_confirmation_for_test_setup"":true}"
288,Jason,14,Halloween 2025,"{""file"":""user_2026-09-27/Screenshot 2026-09-26 at 6.33.32 PM.png"",""image_number"":15,""card_ordinal_excluding_clipped_repeats"":15}","[""humanlike"",""masked""]",inferred_from_art_and_name,[],[],True,"{""player_use"":""unavailable"",""opponent_use"":""training_dummy_available"",""basis"":""screenshot_brightness_inference"",""confidence"":""medium"",""as_of"":""2026-09-26"",""requires_confirmation_for_test_setup"":true}"
289,Glamour,14,Halloween 2025,"{""file"":""user_2026-09-27/Screenshot 2026-09-26 at 6.33.32 PM.png"",""image_number"":15,""card_ordinal_excluding_clipped_repeats"":16}","[""humanoid"",""demon""]",inferred_from_art_and_name,"[""demon""]",[],True,"{""player_use"":""unavailable"",""opponent_use"":""training_dummy_available"",""basis"":""screenshot_brightness_inference"",""confidence"":""medium"",""as_of"":""2026-09-26"",""requires_confirmation_for_test_setup"":true}"
