card_id,original,refined,source
1,10% chance to dodge attacks.,10 % chance to dodge attacks,"{""original"":{""file"":""Cards-2.xml"",""xml_path"":""/project[1]/scenes[1]/scene[1]/variables[1]/variable[4]"",""snap_value_id"":""34126"",""variable"":""Card Descriptions"",""item_1"":1},""refined"":{""file"":""Cards-2.xml"",""xml_path"":""/project[1]/scenes[1]/scene[1]/variables[1]/variable[22]"",""snap_value_id"":""34149"",""variable"":""data-5_refined"",""item_1"":1}}"
2,Deduct 10% Max Hp from damage.,deduct 10 % max hp from damage,"{""original"":{""file"":""Cards-2.xml"",""xml_path"":""/project[1]/scenes[1]/scene[1]/variables[1]/variable[4]"",""snap_value_id"":""34126"",""variable"":""Card Descriptions"",""item_1"":2},""refined"":{""file"":""Cards-2.xml"",""xml_path"":""/project[1]/scenes[1]/scene[1]/variables[1]/variable[22]"",""snap_value_id"":""34149"",""variable"":""data-5_refined"",""item_1"":2}}"
3,Reduce opponent's damage by 15% on entering.,reduce enemy's damage by 15 % on entry,"{""original"":{""file"":""Cards-2.xml"",""xml_path"":""/project[1]/scenes[1]/scene[1]/variables[1]/variable[4]"",""snap_value_id"":""34126"",""variable"":""Card Descriptions"",""item_1"":3},""refined"":{""file"":""Cards-2.xml"",""xml_path"":""/project[1]/scenes[1]/scene[1]/variables[1]/variable[22]"",""snap_value_id"":""34149"",""variable"":""data-5_refined"",""item_1"":3}}"
4,Reveal enemy's hand on entry.,reveal enemy's hand on entry,"{""original"":{""file"":""Cards-2.xml"",""xml_path"":""/project[1]/scenes[1]/scene[1]/variables[1]/variable[4]"",""snap_value_id"":""34126"",""variable"":""Card Descriptions"",""item_1"":4},""refined"":{""file"":""Cards-2.xml"",""xml_path"":""/project[1]/scenes[1]/scene[1]/variables[1]/variable[22]"",""snap_value_id"":""34149"",""variable"":""data-5_refined"",""item_1"":4}}"
5,Damage taken is doubled.,damage taken is 2 x,"{""original"":{""file"":""Cards-2.xml"",""xml_path"":""/project[1]/scenes[1]/scene[1]/variables[1]/variable[4]"",""snap_value_id"":""34126"",""variable"":""Card Descriptions"",""item_1"":5},""refined"":{""file"":""Cards-2.xml"",""xml_path"":""/project[1]/scenes[1]/scene[1]/variables[1]/variable[22]"",""snap_value_id"":""34149"",""variable"":""data-5_refined"",""item_1"":5}}"
6,Block first non-lethal hit.,block first nonlethal hit,"{""original"":{""file"":""Cards-2.xml"",""xml_path"":""/project[1]/scenes[1]/scene[1]/variables[1]/variable[4]"",""snap_value_id"":""34126"",""variable"":""Card Descriptions"",""item_1"":6},""refined"":{""file"":""Cards-2.xml"",""xml_path"":""/project[1]/scenes[1]/scene[1]/variables[1]/variable[22]"",""snap_value_id"":""34149"",""variable"":""data-5_refined"",""item_1"":6}}"
7,Heal 20% HP after attacking.,heal 20 % hp after attack,"{""original"":{""file"":""Cards-2.xml"",""xml_path"":""/project[1]/scenes[1]/scene[1]/variables[1]/variable[4]"",""snap_value_id"":""34126"",""variable"":""Card Descriptions"",""item_1"":7},""refined"":{""file"":""Cards-2.xml"",""xml_path"":""/project[1]/scenes[1]/scene[1]/variables[1]/variable[22]"",""snap_value_id"":""34149"",""variable"":""data-5_refined"",""item_1"":7}}"
8,Field Effect: Boost all cards' damage by 10%.,field: boost all cards' damage by 10 %,"{""original"":{""file"":""Cards-2.xml"",""xml_path"":""/project[1]/scenes[1]/scene[1]/variables[1]/variable[4]"",""snap_value_id"":""34126"",""variable"":""Card Descriptions"",""item_1"":8},""refined"":{""file"":""Cards-2.xml"",""xml_path"":""/project[1]/scenes[1]/scene[1]/variables[1]/variable[22]"",""snap_value_id"":""34149"",""variable"":""data-5_refined"",""item_1"":8}}"
9,Evade attacks under 30% of Max HP.,dodge attacks under 30 % of max hp,"{""original"":{""file"":""Cards-2.xml"",""xml_path"":""/project[1]/scenes[1]/scene[1]/variables[1]/variable[4]"",""snap_value_id"":""34126"",""variable"":""Card Descriptions"",""item_1"":9},""refined"":{""file"":""Cards-2.xml"",""xml_path"":""/project[1]/scenes[1]/scene[1]/variables[1]/variable[22]"",""snap_value_id"":""34149"",""variable"":""data-5_refined"",""item_1"":9}}"
10,Survives lethal attack with 1 HP.,survives lethal attack with 1 hp,"{""original"":{""file"":""Cards-2.xml"",""xml_path"":""/project[1]/scenes[1]/scene[1]/variables[1]/variable[4]"",""snap_value_id"":""34126"",""variable"":""Card Descriptions"",""item_1"":10},""refined"":{""file"":""Cards-2.xml"",""xml_path"":""/project[1]/scenes[1]/scene[1]/variables[1]/variable[22]"",""snap_value_id"":""34149"",""variable"":""data-5_refined"",""item_1"":10}}"
11,Increase damage by 25% each time attacked.,increase damage by 25 % each time attacked,"{""original"":{""file"":""Cards-2.xml"",""xml_path"":""/project[1]/scenes[1]/scene[1]/variables[1]/variable[4]"",""snap_value_id"":""34126"",""variable"":""Card Descriptions"",""item_1"":11},""refined"":{""file"":""Cards-2.xml"",""xml_path"":""/project[1]/scenes[1]/scene[1]/variables[1]/variable[22]"",""snap_value_id"":""34149"",""variable"":""data-5_refined"",""item_1"":11}}"
12,2x damage to undead.,2 x damage to undead,"{""original"":{""file"":""Cards-2.xml"",""xml_path"":""/project[1]/scenes[1]/scene[1]/variables[1]/variable[4]"",""snap_value_id"":""34126"",""variable"":""Card Descriptions"",""item_1"":12},""refined"":{""file"":""Cards-2.xml"",""xml_path"":""/project[1]/scenes[1]/scene[1]/variables[1]/variable[22]"",""snap_value_id"":""34149"",""variable"":""data-5_refined"",""item_1"":12}}"
13,Attacker loses HP equal to damage dealt.,attacker loses hp equal to damage dealt,"{""original"":{""file"":""Cards-2.xml"",""xml_path"":""/project[1]/scenes[1]/scene[1]/variables[1]/variable[4]"",""snap_value_id"":""34126"",""variable"":""Card Descriptions"",""item_1"":13},""refined"":{""file"":""Cards-2.xml"",""xml_path"":""/project[1]/scenes[1]/scene[1]/variables[1]/variable[22]"",""snap_value_id"":""34149"",""variable"":""data-5_refined"",""item_1"":13}}"
14,Half-Damage attack on entry.,half-damage attack on entry,"{""original"":{""file"":""Cards-2.xml"",""xml_path"":""/project[1]/scenes[1]/scene[1]/variables[1]/variable[4]"",""snap_value_id"":""34126"",""variable"":""Card Descriptions"",""item_1"":14},""refined"":{""file"":""Cards-2.xml"",""xml_path"":""/project[1]/scenes[1]/scene[1]/variables[1]/variable[22]"",""snap_value_id"":""34149"",""variable"":""data-5_refined"",""item_1"":14}}"
15,30% chance toskip opponent's turn.,30 % chance to skip enemy's turn,"{""original"":{""file"":""Cards-2.xml"",""xml_path"":""/project[1]/scenes[1]/scene[1]/variables[1]/variable[4]"",""snap_value_id"":""34126"",""variable"":""Card Descriptions"",""item_1"":15},""refined"":{""file"":""Cards-2.xml"",""xml_path"":""/project[1]/scenes[1]/scene[1]/variables[1]/variable[22]"",""snap_value_id"":""34149"",""variable"":""data-5_refined"",""item_1"":15}}"
16,Gain 2 turns if HP drops below 50%.,gain 2 turns if hp drops below 50 %,"{""original"":{""file"":""Cards-2.xml"",""xml_path"":""/project[1]/scenes[1]/scene[1]/variables[1]/variable[4]"",""snap_value_id"":""34126"",""variable"":""Card Descriptions"",""item_1"":16},""refined"":{""file"":""Cards-2.xml"",""xml_path"":""/project[1]/scenes[1]/scene[1]/variables[1]/variable[22]"",""snap_value_id"":""34149"",""variable"":""data-5_refined"",""item_1"":16}}"
17,Steal 30% HP and ATK when killing an enemy.,steal 30 % hp and atk on kill,"{""original"":{""file"":""Cards-2.xml"",""xml_path"":""/project[1]/scenes[1]/scene[1]/variables[1]/variable[4]"",""snap_value_id"":""34126"",""variable"":""Card Descriptions"",""item_1"":17},""refined"":{""file"":""Cards-2.xml"",""xml_path"":""/project[1]/scenes[1]/scene[1]/variables[1]/variable[22]"",""snap_value_id"":""34149"",""variable"":""data-5_refined"",""item_1"":17}}"
18,50% chance to deal double dmg.,50 % chance to deal double damage,"{""original"":{""file"":""Cards-2.xml"",""xml_path"":""/project[1]/scenes[1]/scene[1]/variables[1]/variable[4]"",""snap_value_id"":""34126"",""variable"":""Card Descriptions"",""item_1"":18},""refined"":{""file"":""Cards-2.xml"",""xml_path"":""/project[1]/scenes[1]/scene[1]/variables[1]/variable[22]"",""snap_value_id"":""34149"",""variable"":""data-5_refined"",""item_1"":18}}"
19,Gain an extra turn.,gain an extra turn,"{""original"":{""file"":""Cards-2.xml"",""xml_path"":""/project[1]/scenes[1]/scene[1]/variables[1]/variable[4]"",""snap_value_id"":""34126"",""variable"":""Card Descriptions"",""item_1"":19},""refined"":{""file"":""Cards-2.xml"",""xml_path"":""/project[1]/scenes[1]/scene[1]/variables[1]/variable[22]"",""snap_value_id"":""34149"",""variable"":""data-5_refined"",""item_1"":19}}"
20,"Deal 2x damage, take half if border is rarer.","deal 2 x damage, take half if border is rarer","{""original"":{""file"":""Cards-2.xml"",""xml_path"":""/project[1]/scenes[1]/scene[1]/variables[1]/variable[4]"",""snap_value_id"":""34126"",""variable"":""Card Descriptions"",""item_1"":20},""refined"":{""file"":""Cards-2.xml"",""xml_path"":""/project[1]/scenes[1]/scene[1]/variables[1]/variable[22]"",""snap_value_id"":""34149"",""variable"":""data-5_refined"",""item_1"":20}}"
21,50% chance to freeze target for 1 turn.,50 % chance to freeze target for 1 turn,"{""original"":{""file"":""Cards-2.xml"",""xml_path"":""/project[1]/scenes[1]/scene[1]/variables[1]/variable[4]"",""snap_value_id"":""34126"",""variable"":""Card Descriptions"",""item_1"":21},""refined"":{""file"":""Cards-2.xml"",""xml_path"":""/project[1]/scenes[1]/scene[1]/variables[1]/variable[22]"",""snap_value_id"":""34149"",""variable"":""data-5_refined"",""item_1"":21}}"
22,50% chance to revive with half HP.,50 % chance to revive with 1 / 2 hp,"{""original"":{""file"":""Cards-2.xml"",""xml_path"":""/project[1]/scenes[1]/scene[1]/variables[1]/variable[4]"",""snap_value_id"":""34126"",""variable"":""Card Descriptions"",""item_1"":22},""refined"":{""file"":""Cards-2.xml"",""xml_path"":""/project[1]/scenes[1]/scene[1]/variables[1]/variable[22]"",""snap_value_id"":""34149"",""variable"":""data-5_refined"",""item_1"":22}}"
23,Deal 50% more damage and bypass defensses.,deal 50 % more damage and bypass defenses,"{""original"":{""file"":""Cards-2.xml"",""xml_path"":""/project[1]/scenes[1]/scene[1]/variables[1]/variable[4]"",""snap_value_id"":""34126"",""variable"":""Card Descriptions"",""item_1"":23},""refined"":{""file"":""Cards-2.xml"",""xml_path"":""/project[1]/scenes[1]/scene[1]/variables[1]/variable[22]"",""snap_value_id"":""34149"",""variable"":""data-5_refined"",""item_1"":23}}"
24,"Deal 2x damage, 1 turn to recharge.","deal 2 x damage, 1 turn to recharge","{""original"":{""file"":""Cards-2.xml"",""xml_path"":""/project[1]/scenes[1]/scene[1]/variables[1]/variable[4]"",""snap_value_id"":""34126"",""variable"":""Card Descriptions"",""item_1"":24},""refined"":{""file"":""Cards-2.xml"",""xml_path"":""/project[1]/scenes[1]/scene[1]/variables[1]/variable[22]"",""snap_value_id"":""34149"",""variable"":""data-5_refined"",""item_1"":24}}"
25,Deal extra damage equal to 70% of lost HP.,deal extra damage equal to 70 % of lost hp,"{""original"":{""file"":""Cards-2.xml"",""xml_path"":""/project[1]/scenes[1]/scene[1]/variables[1]/variable[4]"",""snap_value_id"":""34126"",""variable"":""Card Descriptions"",""item_1"":25},""refined"":{""file"":""Cards-2.xml"",""xml_path"":""/project[1]/scenes[1]/scene[1]/variables[1]/variable[22]"",""snap_value_id"":""34149"",""variable"":""data-5_refined"",""item_1"":25}}"
26,Inflict Max HP as damage on death and boost allies' stats by 20%.,inflict max hp as damage on death and boost allies' stats by 20 %,"{""original"":{""file"":""Cards-2.xml"",""xml_path"":""/project[1]/scenes[1]/scene[1]/variables[1]/variable[4]"",""snap_value_id"":""34126"",""variable"":""Card Descriptions"",""item_1"":26},""refined"":{""file"":""Cards-2.xml"",""xml_path"":""/project[1]/scenes[1]/scene[1]/variables[1]/variable[22]"",""snap_value_id"":""34149"",""variable"":""data-5_refined"",""item_1"":26}}"
27,50% chance to deal Max HP damage on death.,50 % chance to deal max hp damage on death,"{""original"":{""file"":""Cards-2.xml"",""xml_path"":""/project[1]/scenes[1]/scene[1]/variables[1]/variable[4]"",""snap_value_id"":""34126"",""variable"":""Card Descriptions"",""item_1"":27},""refined"":{""file"":""Cards-2.xml"",""xml_path"":""/project[1]/scenes[1]/scene[1]/variables[1]/variable[22]"",""snap_value_id"":""34149"",""variable"":""data-5_refined"",""item_1"":27}}"
28,Boosts damage and HP by 25%.,boosts damage and hp by 25 %,"{""original"":{""file"":""Cards-2.xml"",""xml_path"":""/project[1]/scenes[1]/scene[1]/variables[1]/variable[4]"",""snap_value_id"":""34126"",""variable"":""Card Descriptions"",""item_1"":28},""refined"":{""file"":""Cards-2.xml"",""xml_path"":""/project[1]/scenes[1]/scene[1]/variables[1]/variable[22]"",""snap_value_id"":""34149"",""variable"":""data-5_refined"",""item_1"":28}}"
29,Enemy's hit chance is squared ratio of damage to your Max HP.,enemy's hit chance is squared ratio of damage to self max hp,"{""original"":{""file"":""Cards-2.xml"",""xml_path"":""/project[1]/scenes[1]/scene[1]/variables[1]/variable[4]"",""snap_value_id"":""34126"",""variable"":""Card Descriptions"",""item_1"":29},""refined"":{""file"":""Cards-2.xml"",""xml_path"":""/project[1]/scenes[1]/scene[1]/variables[1]/variable[22]"",""snap_value_id"":""34149"",""variable"":""data-5_refined"",""item_1"":29}}"
30,Enemies with status conditions cannot hit this card. Max of 5 dodges.,enemies with status effects cannot hit self; max of 5 dodges,"{""original"":{""file"":""Cards-2.xml"",""xml_path"":""/project[1]/scenes[1]/scene[1]/variables[1]/variable[4]"",""snap_value_id"":""34126"",""variable"":""Card Descriptions"",""item_1"":30},""refined"":{""file"":""Cards-2.xml"",""xml_path"":""/project[1]/scenes[1]/scene[1]/variables[1]/variable[22]"",""snap_value_id"":""34149"",""variable"":""data-5_refined"",""item_1"":30}}"
31,50% chance ot revive with full HP.,50 % chance to revive with full hp,"{""original"":{""file"":""Cards-2.xml"",""xml_path"":""/project[1]/scenes[1]/scene[1]/variables[1]/variable[4]"",""snap_value_id"":""34126"",""variable"":""Card Descriptions"",""item_1"":31},""refined"":{""file"":""Cards-2.xml"",""xml_path"":""/project[1]/scenes[1]/scene[1]/variables[1]/variable[22]"",""snap_value_id"":""34149"",""variable"":""data-5_refined"",""item_1"":31}}"
32,50% chance to revive with ful HP and freeze enemy.,50 % chance to revive with full hp and freeze enemy,"{""original"":{""file"":""Cards-2.xml"",""xml_path"":""/project[1]/scenes[1]/scene[1]/variables[1]/variable[4]"",""snap_value_id"":""34126"",""variable"":""Card Descriptions"",""item_1"":32},""refined"":{""file"":""Cards-2.xml"",""xml_path"":""/project[1]/scenes[1]/scene[1]/variables[1]/variable[22]"",""snap_value_id"":""34149"",""variable"":""data-5_refined"",""item_1"":32}}"
33,Cut target's HP in half and remove their ability on entry.,cut target's hp in half and remove their ability on entry,"{""original"":{""file"":""Cards-2.xml"",""xml_path"":""/project[1]/scenes[1]/scene[1]/variables[1]/variable[4]"",""snap_value_id"":""34126"",""variable"":""Card Descriptions"",""item_1"":33},""refined"":{""file"":""Cards-2.xml"",""xml_path"":""/project[1]/scenes[1]/scene[1]/variables[1]/variable[22]"",""snap_value_id"":""34149"",""variable"":""data-5_refined"",""item_1"":33}}"
34,Attacker takes damage equal to 75% of your ATK.,attacker takes damage equal to 75 % of self atk,"{""original"":{""file"":""Cards-2.xml"",""xml_path"":""/project[1]/scenes[1]/scene[1]/variables[1]/variable[4]"",""snap_value_id"":""34126"",""variable"":""Card Descriptions"",""item_1"":34},""refined"":{""file"":""Cards-2.xml"",""xml_path"":""/project[1]/scenes[1]/scene[1]/variables[1]/variable[22]"",""snap_value_id"":""34149"",""variable"":""data-5_refined"",""item_1"":34}}"
35,Attack for 2.5x damage on entry.,attack for 2.5 x damage on entry,"{""original"":{""file"":""Cards-2.xml"",""xml_path"":""/project[1]/scenes[1]/scene[1]/variables[1]/variable[4]"",""snap_value_id"":""34126"",""variable"":""Card Descriptions"",""item_1"":35},""refined"":{""file"":""Cards-2.xml"",""xml_path"":""/project[1]/scenes[1]/scene[1]/variables[1]/variable[22]"",""snap_value_id"":""34149"",""variable"":""data-5_refined"",""item_1"":35}}"
36,Lower enemy's damage by 30% on entry.,reduce enemy's damage by 30 % on entry,"{""original"":{""file"":""Cards-2.xml"",""xml_path"":""/project[1]/scenes[1]/scene[1]/variables[1]/variable[4]"",""snap_value_id"":""34126"",""variable"":""Card Descriptions"",""item_1"":36},""refined"":{""file"":""Cards-2.xml"",""xml_path"":""/project[1]/scenes[1]/scene[1]/variables[1]/variable[22]"",""snap_value_id"":""34149"",""variable"":""data-5_refined"",""item_1"":36}}"
37,"On entry, gain 2 random abilities.","on entry, gain 2 random abilities","{""original"":{""file"":""Cards-2.xml"",""xml_path"":""/project[1]/scenes[1]/scene[1]/variables[1]/variable[4]"",""snap_value_id"":""34126"",""variable"":""Card Descriptions"",""item_1"":37},""refined"":{""file"":""Cards-2.xml"",""xml_path"":""/project[1]/scenes[1]/scene[1]/variables[1]/variable[22]"",""snap_value_id"":""34149"",""variable"":""data-5_refined"",""item_1"":37}}"
38,Reduce damage taken by 75%.,reduce damage taken by 75 %,"{""original"":{""file"":""Cards-2.xml"",""xml_path"":""/project[1]/scenes[1]/scene[1]/variables[1]/variable[4]"",""snap_value_id"":""34126"",""variable"":""Card Descriptions"",""item_1"":38},""refined"":{""file"":""Cards-2.xml"",""xml_path"":""/project[1]/scenes[1]/scene[1]/variables[1]/variable[22]"",""snap_value_id"":""34149"",""variable"":""data-5_refined"",""item_1"":38}}"
39,Steal 10% of enemy's HP and ATK after damaging.,steal 10 % of enemy's hp and atk after damaging,"{""original"":{""file"":""Cards-2.xml"",""xml_path"":""/project[1]/scenes[1]/scene[1]/variables[1]/variable[4]"",""snap_value_id"":""34126"",""variable"":""Card Descriptions"",""item_1"":39},""refined"":{""file"":""Cards-2.xml"",""xml_path"":""/project[1]/scenes[1]/scene[1]/variables[1]/variable[22]"",""snap_value_id"":""34149"",""variable"":""data-5_refined"",""item_1"":39}}"
40,50% chance to transfer half stats to next card on death.,50 % chance to transfer 1 / 2 stats to next card on death,"{""original"":{""file"":""Cards-2.xml"",""xml_path"":""/project[1]/scenes[1]/scene[1]/variables[1]/variable[4]"",""snap_value_id"":""34126"",""variable"":""Card Descriptions"",""item_1"":40},""refined"":{""file"":""Cards-2.xml"",""xml_path"":""/project[1]/scenes[1]/scene[1]/variables[1]/variable[22]"",""snap_value_id"":""34149"",""variable"":""data-5_refined"",""item_1"":40}}"
41,Attack and steal 25% of enemy's damage on entry.,attack and steal 25 % of enemy's damage on entry,"{""original"":{""file"":""Cards-2.xml"",""xml_path"":""/project[1]/scenes[1]/scene[1]/variables[1]/variable[4]"",""snap_value_id"":""34126"",""variable"":""Card Descriptions"",""item_1"":41},""refined"":{""file"":""Cards-2.xml"",""xml_path"":""/project[1]/scenes[1]/scene[1]/variables[1]/variable[22]"",""snap_value_id"":""34149"",""variable"":""data-5_refined"",""item_1"":41}}"
42,"Deal 2.5x damage, 1 turn to recharge. Bypasses defensive abilities.","deal 2.5 x damage, 1 turn to recharge; bypasses defense abilities","{""original"":{""file"":""Cards-2.xml"",""xml_path"":""/project[1]/scenes[1]/scene[1]/variables[1]/variable[4]"",""snap_value_id"":""34126"",""variable"":""Card Descriptions"",""item_1"":42},""refined"":{""file"":""Cards-2.xml"",""xml_path"":""/project[1]/scenes[1]/scene[1]/variables[1]/variable[22]"",""snap_value_id"":""34149"",""variable"":""data-5_refined"",""item_1"":42}}"
43,Steal and randomize enemy's ability on entry.,steal and randomize enemy's ability on entry,"{""original"":{""file"":""Cards-2.xml"",""xml_path"":""/project[1]/scenes[1]/scene[1]/variables[1]/variable[4]"",""snap_value_id"":""34126"",""variable"":""Card Descriptions"",""item_1"":43},""refined"":{""file"":""Cards-2.xml"",""xml_path"":""/project[1]/scenes[1]/scene[1]/variables[1]/variable[22]"",""snap_value_id"":""34149"",""variable"":""data-5_refined"",""item_1"":43}}"
44,Boost damage and HP by 40% on entry.,boost damage and hp by 40 % on entry,"{""original"":{""file"":""Cards-2.xml"",""xml_path"":""/project[1]/scenes[1]/scene[1]/variables[1]/variable[4]"",""snap_value_id"":""34126"",""variable"":""Card Descriptions"",""item_1"":44},""refined"":{""file"":""Cards-2.xml"",""xml_path"":""/project[1]/scenes[1]/scene[1]/variables[1]/variable[22]"",""snap_value_id"":""34149"",""variable"":""data-5_refined"",""item_1"":44}}"
45,On entry attack with 3x damage. +10% stats and damage reduction each turn.,on entry attack with 3 x damage; + 10 % stats and damage reduction each turn,"{""original"":{""file"":""Cards-2.xml"",""xml_path"":""/project[1]/scenes[1]/scene[1]/variables[1]/variable[4]"",""snap_value_id"":""34126"",""variable"":""Card Descriptions"",""item_1"":45},""refined"":{""file"":""Cards-2.xml"",""xml_path"":""/project[1]/scenes[1]/scene[1]/variables[1]/variable[22]"",""snap_value_id"":""34149"",""variable"":""data-5_refined"",""item_1"":45}}"
46,Half opponent's stats on entry.,half enemy's stats on entry,"{""original"":{""file"":""Cards-2.xml"",""xml_path"":""/project[1]/scenes[1]/scene[1]/variables[1]/variable[4]"",""snap_value_id"":""34126"",""variable"":""Card Descriptions"",""item_1"":46},""refined"":{""file"":""Cards-2.xml"",""xml_path"":""/project[1]/scenes[1]/scene[1]/variables[1]/variable[22]"",""snap_value_id"":""34149"",""variable"":""data-5_refined"",""item_1"":46}}"
47,Boost HP by 200% on entry.,boost hp by 200 % on entry,"{""original"":{""file"":""Cards-2.xml"",""xml_path"":""/project[1]/scenes[1]/scene[1]/variables[1]/variable[4]"",""snap_value_id"":""34126"",""variable"":""Card Descriptions"",""item_1"":47},""refined"":{""file"":""Cards-2.xml"",""xml_path"":""/project[1]/scenes[1]/scene[1]/variables[1]/variable[22]"",""snap_value_id"":""34149"",""variable"":""data-5_refined"",""item_1"":47}}"
48,On entry open a Domain and disable all enemy defense abilities. Slashes opponent 2-5 times dealing 35% damage each.,on entry open a domain and disable all enemy defense abilities; slashes enemy 2 - 5 times dealing 35 % damage each,"{""original"":{""file"":""Cards-2.xml"",""xml_path"":""/project[1]/scenes[1]/scene[1]/variables[1]/variable[4]"",""snap_value_id"":""34126"",""variable"":""Card Descriptions"",""item_1"":48},""refined"":{""file"":""Cards-2.xml"",""xml_path"":""/project[1]/scenes[1]/scene[1]/variables[1]/variable[22]"",""snap_value_id"":""34149"",""variable"":""data-5_refined"",""item_1"":48}}"
49,Copy fallen ally's ability.,copy fallen ally's ability,"{""original"":{""file"":""Cards-2.xml"",""xml_path"":""/project[1]/scenes[1]/scene[1]/variables[1]/variable[4]"",""snap_value_id"":""34126"",""variable"":""Card Descriptions"",""item_1"":49},""refined"":{""file"":""Cards-2.xml"",""xml_path"":""/project[1]/scenes[1]/scene[1]/variables[1]/variable[22]"",""snap_value_id"":""34149"",""variable"":""data-5_refined"",""item_1"":49}}"
50,50% chance to deal infinite damage. Can't dodge or gain shields.,50 % chance to deal infinite damage; cannot dodge or gain shields,"{""original"":{""file"":""Cards-2.xml"",""xml_path"":""/project[1]/scenes[1]/scene[1]/variables[1]/variable[4]"",""snap_value_id"":""34126"",""variable"":""Card Descriptions"",""item_1"":50},""refined"":{""file"":""Cards-2.xml"",""xml_path"":""/project[1]/scenes[1]/scene[1]/variables[1]/variable[22]"",""snap_value_id"":""34149"",""variable"":""data-5_refined"",""item_1"":50}}"
51,Boost allies' stats by 25% when killing an enemy. Dodge normal attacks at the cost of 20% HP.,boost allies' stats by 25 % on kill; dodge normal attacks at the cost of 20 % hp,"{""original"":{""file"":""Cards-2.xml"",""xml_path"":""/project[1]/scenes[1]/scene[1]/variables[1]/variable[4]"",""snap_value_id"":""34126"",""variable"":""Card Descriptions"",""item_1"":51},""refined"":{""file"":""Cards-2.xml"",""xml_path"":""/project[1]/scenes[1]/scene[1]/variables[1]/variable[22]"",""snap_value_id"":""34149"",""variable"":""data-5_refined"",""item_1"":51}}"
52,On entry Poisons the entire enemy team at 50% effectiveness for 2 turns.,"on entry, poison all enemies at 50 % effectiveness for 2 turns","{""original"":{""file"":""Cards-2.xml"",""xml_path"":""/project[1]/scenes[1]/scene[1]/variables[1]/variable[4]"",""snap_value_id"":""34126"",""variable"":""Card Descriptions"",""item_1"":52},""refined"":{""file"":""Cards-2.xml"",""xml_path"":""/project[1]/scenes[1]/scene[1]/variables[1]/variable[22]"",""snap_value_id"":""34149"",""variable"":""data-5_refined"",""item_1"":52}}"
53,Randomly attacks 4 enemies dealing 50% damage to each.,randomly attacks 4 enemies dealing 50 % damage to each,"{""original"":{""file"":""Cards-2.xml"",""xml_path"":""/project[1]/scenes[1]/scene[1]/variables[1]/variable[4]"",""snap_value_id"":""34126"",""variable"":""Card Descriptions"",""item_1"":53},""refined"":{""file"":""Cards-2.xml"",""xml_path"":""/project[1]/scenes[1]/scene[1]/variables[1]/variable[22]"",""snap_value_id"":""34149"",""variable"":""data-5_refined"",""item_1"":53}}"
54,"Dodge every other attack, starting with first.","dodge every other attack, starting first","{""original"":{""file"":""Cards-2.xml"",""xml_path"":""/project[1]/scenes[1]/scene[1]/variables[1]/variable[4]"",""snap_value_id"":""34126"",""variable"":""Card Descriptions"",""item_1"":54},""refined"":{""file"":""Cards-2.xml"",""xml_path"":""/project[1]/scenes[1]/scene[1]/variables[1]/variable[22]"",""snap_value_id"":""34149"",""variable"":""data-5_refined"",""item_1"":54}}"
55,"Gain 75% ATK on entry. When fighting a Dragon: 2x damage, 0.5x enemy damage.","gain 75 % atk on entry; when fighting a dragon: 2 x damage, 0.5 x enemy damage","{""original"":{""file"":""Cards-2.xml"",""xml_path"":""/project[1]/scenes[1]/scene[1]/variables[1]/variable[4]"",""snap_value_id"":""34126"",""variable"":""Card Descriptions"",""item_1"":55},""refined"":{""file"":""Cards-2.xml"",""xml_path"":""/project[1]/scenes[1]/scene[1]/variables[1]/variable[22]"",""snap_value_id"":""34149"",""variable"":""data-5_refined"",""item_1"":55}}"
56,Gain an ability based on the card's art.,gain an ability based on the card's art,"{""original"":{""file"":""Cards-2.xml"",""xml_path"":""/project[1]/scenes[1]/scene[1]/variables[1]/variable[4]"",""snap_value_id"":""34126"",""variable"":""Card Descriptions"",""item_1"":56},""refined"":{""file"":""Cards-2.xml"",""xml_path"":""/project[1]/scenes[1]/scene[1]/variables[1]/variable[22]"",""snap_value_id"":""34149"",""variable"":""data-5_refined"",""item_1"":56}}"
57,"Deal 4x damage, 1 turn to recharge. On entry burn all enemies for 3 turns.","deal 4 x damage, 1 turn to recharge; on entry burn all enemies for 3 turns","{""original"":{""file"":""Cards-2.xml"",""xml_path"":""/project[1]/scenes[1]/scene[1]/variables[1]/variable[4]"",""snap_value_id"":""34126"",""variable"":""Card Descriptions"",""item_1"":57},""refined"":{""file"":""Cards-2.xml"",""xml_path"":""/project[1]/scenes[1]/scene[1]/variables[1]/variable[22]"",""snap_value_id"":""34149"",""variable"":""data-5_refined"",""item_1"":57}}"
58,Opponent loses 25% of their damage at turn start.,enemy loses 25 % of their damage turn start,"{""original"":{""file"":""Cards-2.xml"",""xml_path"":""/project[1]/scenes[1]/scene[1]/variables[1]/variable[4]"",""snap_value_id"":""34126"",""variable"":""Card Descriptions"",""item_1"":58},""refined"":{""file"":""Cards-2.xml"",""xml_path"":""/project[1]/scenes[1]/scene[1]/variables[1]/variable[22]"",""snap_value_id"":""34149"",""variable"":""data-5_refined"",""item_1"":58}}"
59,Damage can't exceed 1/3 of Max HP.,damage cannot exceed 1 / 3 of max hp,"{""original"":{""file"":""Cards-2.xml"",""xml_path"":""/project[1]/scenes[1]/scene[1]/variables[1]/variable[4]"",""snap_value_id"":""34126"",""variable"":""Card Descriptions"",""item_1"":59},""refined"":{""file"":""Cards-2.xml"",""xml_path"":""/project[1]/scenes[1]/scene[1]/variables[1]/variable[22]"",""snap_value_id"":""34149"",""variable"":""data-5_refined"",""item_1"":59}}"
60,"Deal 3x damage, lose 30% ATK after attacking.","deal 3 x damage, lose 30 % atk after attack","{""original"":{""file"":""Cards-2.xml"",""xml_path"":""/project[1]/scenes[1]/scene[1]/variables[1]/variable[4]"",""snap_value_id"":""34126"",""variable"":""Card Descriptions"",""item_1"":60},""refined"":{""file"":""Cards-2.xml"",""xml_path"":""/project[1]/scenes[1]/scene[1]/variables[1]/variable[22]"",""snap_value_id"":""34149"",""variable"":""data-5_refined"",""item_1"":60}}"
61,"Reduce damage by 15% of Max HP, then halve.","reduce damage by 15 % of max hp, then halve","{""original"":{""file"":""Cards-2.xml"",""xml_path"":""/project[1]/scenes[1]/scene[1]/variables[1]/variable[4]"",""snap_value_id"":""34126"",""variable"":""Card Descriptions"",""item_1"":61},""refined"":{""file"":""Cards-2.xml"",""xml_path"":""/project[1]/scenes[1]/scene[1]/variables[1]/variable[22]"",""snap_value_id"":""34149"",""variable"":""data-5_refined"",""item_1"":61}}"
62,"On entry, gain attack equal to combined total of all fallen allies attack. Takes 1.5x Damage.","on entry, gain attack equal to combined total of all fallen allies attack; takes 1.5 x damage","{""original"":{""file"":""Cards-2.xml"",""xml_path"":""/project[1]/scenes[1]/scene[1]/variables[1]/variable[4]"",""snap_value_id"":""34126"",""variable"":""Card Descriptions"",""item_1"":62},""refined"":{""file"":""Cards-2.xml"",""xml_path"":""/project[1]/scenes[1]/scene[1]/variables[1]/variable[22]"",""snap_value_id"":""34149"",""variable"":""data-5_refined"",""item_1"":62}}"
63,Attacks inflict 2 turns of Frostbite. Take half damage from enemies with Frostbite.,attacks inflict 2 turns of frostbite; take 1 / 2 damage from enemies with frostbite,"{""original"":{""file"":""Cards-2.xml"",""xml_path"":""/project[1]/scenes[1]/scene[1]/variables[1]/variable[4]"",""snap_value_id"":""34126"",""variable"":""Card Descriptions"",""item_1"":63},""refined"":{""file"":""Cards-2.xml"",""xml_path"":""/project[1]/scenes[1]/scene[1]/variables[1]/variable[22]"",""snap_value_id"":""34149"",""variable"":""data-5_refined"",""item_1"":63}}"
64,"On entry, 70% chance to set enemy stats to its base borderless stats.","on entry, 70 % chance to set enemy stats to its base borderless stats","{""original"":{""file"":""Cards-2.xml"",""xml_path"":""/project[1]/scenes[1]/scene[1]/variables[1]/variable[4]"",""snap_value_id"":""34126"",""variable"":""Card Descriptions"",""item_1"":64},""refined"":{""file"":""Cards-2.xml"",""xml_path"":""/project[1]/scenes[1]/scene[1]/variables[1]/variable[22]"",""snap_value_id"":""34149"",""variable"":""data-5_refined"",""item_1"":64}}"
65,"Once only, if this card would die, the enemy dies instead.","once only, if self would die, the enemy dies instead","{""original"":{""file"":""Cards-2.xml"",""xml_path"":""/project[1]/scenes[1]/scene[1]/variables[1]/variable[4]"",""snap_value_id"":""34126"",""variable"":""Card Descriptions"",""item_1"":65},""refined"":{""file"":""Cards-2.xml"",""xml_path"":""/project[1]/scenes[1]/scene[1]/variables[1]/variable[22]"",""snap_value_id"":""34149"",""variable"":""data-5_refined"",""item_1"":65}}"
66,Enemy ATK drops 10% after attacking.,enemy atk drops 10 % after attack,"{""original"":{""file"":""Cards-2.xml"",""xml_path"":""/project[1]/scenes[1]/scene[1]/variables[1]/variable[4]"",""snap_value_id"":""34126"",""variable"":""Card Descriptions"",""item_1"":66},""refined"":{""file"":""Cards-2.xml"",""xml_path"":""/project[1]/scenes[1]/scene[1]/variables[1]/variable[22]"",""snap_value_id"":""34149"",""variable"":""data-5_refined"",""item_1"":66}}"
67,"3x attacks, each dealing 50% damage.","3 x attacks, each dealing 50 % damage","{""original"":{""file"":""Cards-2.xml"",""xml_path"":""/project[1]/scenes[1]/scene[1]/variables[1]/variable[4]"",""snap_value_id"":""34126"",""variable"":""Card Descriptions"",""item_1"":67},""refined"":{""file"":""Cards-2.xml"",""xml_path"":""/project[1]/scenes[1]/scene[1]/variables[1]/variable[22]"",""snap_value_id"":""34149"",""variable"":""data-5_refined"",""item_1"":67}}"
68,Cards of lower rarity deal half damage.,cards of reduce rarity deal 1 / 2 damage,"{""original"":{""file"":""Cards-2.xml"",""xml_path"":""/project[1]/scenes[1]/scene[1]/variables[1]/variable[4]"",""snap_value_id"":""34126"",""variable"":""Card Descriptions"",""item_1"":68},""refined"":{""file"":""Cards-2.xml"",""xml_path"":""/project[1]/scenes[1]/scene[1]/variables[1]/variable[22]"",""snap_value_id"":""34149"",""variable"":""data-5_refined"",""item_1"":68}}"
69,Opponent's RNG abilities always fail. 2x damage to RNG-based cards.,enemy's rng abilities always fail; 2 x damage to rng-based cards,"{""original"":{""file"":""Cards-2.xml"",""xml_path"":""/project[1]/scenes[1]/scene[1]/variables[1]/variable[4]"",""snap_value_id"":""34126"",""variable"":""Card Descriptions"",""item_1"":69},""refined"":{""file"":""Cards-2.xml"",""xml_path"":""/project[1]/scenes[1]/scene[1]/variables[1]/variable[22]"",""snap_value_id"":""34149"",""variable"":""data-5_refined"",""item_1"":69}}"
70,Gain 50% lifesteal and counter when attacked.,gain 50 % lifesteal and counterattack when attacked,"{""original"":{""file"":""Cards-2.xml"",""xml_path"":""/project[1]/scenes[1]/scene[1]/variables[1]/variable[4]"",""snap_value_id"":""34126"",""variable"":""Card Descriptions"",""item_1"":70},""refined"":{""file"":""Cards-2.xml"",""xml_path"":""/project[1]/scenes[1]/scene[1]/variables[1]/variable[22]"",""snap_value_id"":""34149"",""variable"":""data-5_refined"",""item_1"":70}}"
71,"Halve HP, double ATK.","halve hp, 2 x atk","{""original"":{""file"":""Cards-2.xml"",""xml_path"":""/project[1]/scenes[1]/scene[1]/variables[1]/variable[4]"",""snap_value_id"":""34126"",""variable"":""Card Descriptions"",""item_1"":71},""refined"":{""file"":""Cards-2.xml"",""xml_path"":""/project[1]/scenes[1]/scene[1]/variables[1]/variable[22]"",""snap_value_id"":""34149"",""variable"":""data-5_refined"",""item_1"":71}}"
72,Attack on entry.,attack on entry,"{""original"":{""file"":""Cards-2.xml"",""xml_path"":""/project[1]/scenes[1]/scene[1]/variables[1]/variable[4]"",""snap_value_id"":""34126"",""variable"":""Card Descriptions"",""item_1"":72},""refined"":{""file"":""Cards-2.xml"",""xml_path"":""/project[1]/scenes[1]/scene[1]/variables[1]/variable[22]"",""snap_value_id"":""34149"",""variable"":""data-5_refined"",""item_1"":72}}"
73,Block first attack.,block first attack,"{""original"":{""file"":""Cards-2.xml"",""xml_path"":""/project[1]/scenes[1]/scene[1]/variables[1]/variable[4]"",""snap_value_id"":""34126"",""variable"":""Card Descriptions"",""item_1"":73},""refined"":{""file"":""Cards-2.xml"",""xml_path"":""/project[1]/scenes[1]/scene[1]/variables[1]/variable[22]"",""snap_value_id"":""34149"",""variable"":""data-5_refined"",""item_1"":73}}"
74,Recover 70% of damage taken.,heal 70 % of damage taken,"{""original"":{""file"":""Cards-2.xml"",""xml_path"":""/project[1]/scenes[1]/scene[1]/variables[1]/variable[4]"",""snap_value_id"":""34126"",""variable"":""Card Descriptions"",""item_1"":74},""refined"":{""file"":""Cards-2.xml"",""xml_path"":""/project[1]/scenes[1]/scene[1]/variables[1]/variable[22]"",""snap_value_id"":""34149"",""variable"":""data-5_refined"",""item_1"":74}}"
75,Remove opponenet's ability after dealing damage.,remove enemy's ability after dealing damage,"{""original"":{""file"":""Cards-2.xml"",""xml_path"":""/project[1]/scenes[1]/scene[1]/variables[1]/variable[4]"",""snap_value_id"":""34126"",""variable"":""Card Descriptions"",""item_1"":75},""refined"":{""file"":""Cards-2.xml"",""xml_path"":""/project[1]/scenes[1]/scene[1]/variables[1]/variable[22]"",""snap_value_id"":""34149"",""variable"":""data-5_refined"",""item_1"":75}}"
76,Revive at half health if an ally dies.,revive at 1 / 2 hp if an ally dies,"{""original"":{""file"":""Cards-2.xml"",""xml_path"":""/project[1]/scenes[1]/scene[1]/variables[1]/variable[4]"",""snap_value_id"":""34126"",""variable"":""Card Descriptions"",""item_1"":76},""refined"":{""file"":""Cards-2.xml"",""xml_path"":""/project[1]/scenes[1]/scene[1]/variables[1]/variable[22]"",""snap_value_id"":""34149"",""variable"":""data-5_refined"",""item_1"":76}}"
77,"When alive and in party, all allies become immune to Status effects.","when alive and in party, all allies become immune to status effects","{""original"":{""file"":""Cards-2.xml"",""xml_path"":""/project[1]/scenes[1]/scene[1]/variables[1]/variable[4]"",""snap_value_id"":""34126"",""variable"":""Card Descriptions"",""item_1"":77},""refined"":{""file"":""Cards-2.xml"",""xml_path"":""/project[1]/scenes[1]/scene[1]/variables[1]/variable[22]"",""snap_value_id"":""34149"",""variable"":""data-5_refined"",""item_1"":77}}"
78,"After death, shield the next card from one attack.","on death, shield the next card from one attack","{""original"":{""file"":""Cards-2.xml"",""xml_path"":""/project[1]/scenes[1]/scene[1]/variables[1]/variable[4]"",""snap_value_id"":""34126"",""variable"":""Card Descriptions"",""item_1"":78},""refined"":{""file"":""Cards-2.xml"",""xml_path"":""/project[1]/scenes[1]/scene[1]/variables[1]/variable[22]"",""snap_value_id"":""34149"",""variable"":""data-5_refined"",""item_1"":78}}"
79,"Damages the next card, ignoring its on-death ability.","damages the next card, ignoring its on-death ability","{""original"":{""file"":""Cards-2.xml"",""xml_path"":""/project[1]/scenes[1]/scene[1]/variables[1]/variable[4]"",""snap_value_id"":""34126"",""variable"":""Card Descriptions"",""item_1"":79},""refined"":{""file"":""Cards-2.xml"",""xml_path"":""/project[1]/scenes[1]/scene[1]/variables[1]/variable[22]"",""snap_value_id"":""34149"",""variable"":""data-5_refined"",""item_1"":79}}"
80,Attack again for 50% damage bypassing defenses.,extra attack for 50 % damage bypassing defenses,"{""original"":{""file"":""Cards-2.xml"",""xml_path"":""/project[1]/scenes[1]/scene[1]/variables[1]/variable[4]"",""snap_value_id"":""34126"",""variable"":""Card Descriptions"",""item_1"":80},""refined"":{""file"":""Cards-2.xml"",""xml_path"":""/project[1]/scenes[1]/scene[1]/variables[1]/variable[22]"",""snap_value_id"":""34149"",""variable"":""data-5_refined"",""item_1"":80}}"
81,Burn target for 3 turns when attacked.,burn target for 3 turns when attacked,"{""original"":{""file"":""Cards-2.xml"",""xml_path"":""/project[1]/scenes[1]/scene[1]/variables[1]/variable[4]"",""snap_value_id"":""34126"",""variable"":""Card Descriptions"",""item_1"":81},""refined"":{""file"":""Cards-2.xml"",""xml_path"":""/project[1]/scenes[1]/scene[1]/variables[1]/variable[22]"",""snap_value_id"":""34149"",""variable"":""data-5_refined"",""item_1"":81}}"
82,Increase stats by 10% for the first 5 turns.,increase stats by 10 % for the first 5 turns,"{""original"":{""file"":""Cards-2.xml"",""xml_path"":""/project[1]/scenes[1]/scene[1]/variables[1]/variable[4]"",""snap_value_id"":""34126"",""variable"":""Card Descriptions"",""item_1"":82},""refined"":{""file"":""Cards-2.xml"",""xml_path"":""/project[1]/scenes[1]/scene[1]/variables[1]/variable[22]"",""snap_value_id"":""34149"",""variable"":""data-5_refined"",""item_1"":82}}"
83,"After attacking, stats change by -10 to +30%.","after attack, stats change by - 10 to + 30 %","{""original"":{""file"":""Cards-2.xml"",""xml_path"":""/project[1]/scenes[1]/scene[1]/variables[1]/variable[4]"",""snap_value_id"":""34126"",""variable"":""Card Descriptions"",""item_1"":83},""refined"":{""file"":""Cards-2.xml"",""xml_path"":""/project[1]/scenes[1]/scene[1]/variables[1]/variable[22]"",""snap_value_id"":""34149"",""variable"":""data-5_refined"",""item_1"":83}}"
84,Boost next card's stats by 20% on entry.,boost next card's stats by 20 % on entry,"{""original"":{""file"":""Cards-2.xml"",""xml_path"":""/project[1]/scenes[1]/scene[1]/variables[1]/variable[4]"",""snap_value_id"":""34126"",""variable"":""Card Descriptions"",""item_1"":84},""refined"":{""file"":""Cards-2.xml"",""xml_path"":""/project[1]/scenes[1]/scene[1]/variables[1]/variable[22]"",""snap_value_id"":""34149"",""variable"":""data-5_refined"",""item_1"":84}}"
85,Boost stats by 20% on entry. Recover 10% HP for each turn.,boost stats by 20 % on entry; heal 10 % hp for each turn,"{""original"":{""file"":""Cards-2.xml"",""xml_path"":""/project[1]/scenes[1]/scene[1]/variables[1]/variable[4]"",""snap_value_id"":""34126"",""variable"":""Card Descriptions"",""item_1"":85},""refined"":{""file"":""Cards-2.xml"",""xml_path"":""/project[1]/scenes[1]/scene[1]/variables[1]/variable[22]"",""snap_value_id"":""34149"",""variable"":""data-5_refined"",""item_1"":85}}"
86,Lower target's ATK by 40% of damage dealt.,reduce target's atk by 40 % of damage dealt,"{""original"":{""file"":""Cards-2.xml"",""xml_path"":""/project[1]/scenes[1]/scene[1]/variables[1]/variable[4]"",""snap_value_id"":""34126"",""variable"":""Card Descriptions"",""item_1"":86},""refined"":{""file"":""Cards-2.xml"",""xml_path"":""/project[1]/scenes[1]/scene[1]/variables[1]/variable[22]"",""snap_value_id"":""34149"",""variable"":""data-5_refined"",""item_1"":86}}"
87,Nullify damage below 75% of your ATK.,nullify damage below 75 % of self atk,"{""original"":{""file"":""Cards-2.xml"",""xml_path"":""/project[1]/scenes[1]/scene[1]/variables[1]/variable[4]"",""snap_value_id"":""34126"",""variable"":""Card Descriptions"",""item_1"":87},""refined"":{""file"":""Cards-2.xml"",""xml_path"":""/project[1]/scenes[1]/scene[1]/variables[1]/variable[22]"",""snap_value_id"":""34149"",""variable"":""data-5_refined"",""item_1"":87}}"
88,Each enemy loses HP equal to 40% of damage dealt.,each enemy loses hp equal to 30 % of damage dealt,"{""original"":{""file"":""Cards-2.xml"",""xml_path"":""/project[1]/scenes[1]/scene[1]/variables[1]/variable[4]"",""snap_value_id"":""34126"",""variable"":""Card Descriptions"",""item_1"":88},""refined"":{""file"":""Cards-2.xml"",""xml_path"":""/project[1]/scenes[1]/scene[1]/variables[1]/variable[22]"",""snap_value_id"":""34149"",""variable"":""data-5_refined"",""item_1"":88}}"
89,"Start with 2 turns, then gain 1 each cycle.","start with 2 turns, then gain 1 each cycle","{""original"":{""file"":""Cards-2.xml"",""xml_path"":""/project[1]/scenes[1]/scene[1]/variables[1]/variable[4]"",""snap_value_id"":""34126"",""variable"":""Card Descriptions"",""item_1"":89},""refined"":{""file"":""Cards-2.xml"",""xml_path"":""/project[1]/scenes[1]/scene[1]/variables[1]/variable[22]"",""snap_value_id"":""34149"",""variable"":""data-5_refined"",""item_1"":89}}"
90,Defeated opponents fight on your side.,defeated enemies fight on your side,"{""original"":{""file"":""Cards-2.xml"",""xml_path"":""/project[1]/scenes[1]/scene[1]/variables[1]/variable[4]"",""snap_value_id"":""34126"",""variable"":""Card Descriptions"",""item_1"":90},""refined"":{""file"":""Cards-2.xml"",""xml_path"":""/project[1]/scenes[1]/scene[1]/variables[1]/variable[22]"",""snap_value_id"":""34149"",""variable"":""data-5_refined"",""item_1"":90}}"
91,Steal ATK and HP equal to damage dealt.,steal atk and hp equal to damage dealt,"{""original"":{""file"":""Cards-2.xml"",""xml_path"":""/project[1]/scenes[1]/scene[1]/variables[1]/variable[4]"",""snap_value_id"":""34126"",""variable"":""Card Descriptions"",""item_1"":91},""refined"":{""file"":""Cards-2.xml"",""xml_path"":""/project[1]/scenes[1]/scene[1]/variables[1]/variable[22]"",""snap_value_id"":""34149"",""variable"":""data-5_refined"",""item_1"":91}}"
92,Slow target on entry.,slow target on entry,"{""original"":{""file"":""Cards-2.xml"",""xml_path"":""/project[1]/scenes[1]/scene[1]/variables[1]/variable[4]"",""snap_value_id"":""34126"",""variable"":""Card Descriptions"",""item_1"":92},""refined"":{""file"":""Cards-2.xml"",""xml_path"":""/project[1]/scenes[1]/scene[1]/variables[1]/variable[22]"",""snap_value_id"":""34149"",""variable"":""data-5_refined"",""item_1"":92}}"
93,60% chance to evade attacks.,60 % chance to dodge attacks,"{""original"":{""file"":""Cards-2.xml"",""xml_path"":""/project[1]/scenes[1]/scene[1]/variables[1]/variable[4]"",""snap_value_id"":""34126"",""variable"":""Card Descriptions"",""item_1"":93},""refined"":{""file"":""Cards-2.xml"",""xml_path"":""/project[1]/scenes[1]/scene[1]/variables[1]/variable[22]"",""snap_value_id"":""34149"",""variable"":""data-5_refined"",""item_1"":93}}"
94,Recover 35% HP each turn.,heal 35 % hp each turn,"{""original"":{""file"":""Cards-2.xml"",""xml_path"":""/project[1]/scenes[1]/scene[1]/variables[1]/variable[4]"",""snap_value_id"":""34126"",""variable"":""Card Descriptions"",""item_1"":94},""refined"":{""file"":""Cards-2.xml"",""xml_path"":""/project[1]/scenes[1]/scene[1]/variables[1]/variable[22]"",""snap_value_id"":""34149"",""variable"":""data-5_refined"",""item_1"":94}}"
95,Deal 2x damage then 4x with a meteor.,deal 2 x damage then 4 x with a meteor,"{""original"":{""file"":""Cards-2.xml"",""xml_path"":""/project[1]/scenes[1]/scene[1]/variables[1]/variable[4]"",""snap_value_id"":""34126"",""variable"":""Card Descriptions"",""item_1"":95},""refined"":{""file"":""Cards-2.xml"",""xml_path"":""/project[1]/scenes[1]/scene[1]/variables[1]/variable[22]"",""snap_value_id"":""34149"",""variable"":""data-5_refined"",""item_1"":95}}"
96,"Deal 3x damage, skip next turn.","deal 3 x damage, skip next turn","{""original"":{""file"":""Cards-2.xml"",""xml_path"":""/project[1]/scenes[1]/scene[1]/variables[1]/variable[4]"",""snap_value_id"":""34126"",""variable"":""Card Descriptions"",""item_1"":96},""refined"":{""file"":""Cards-2.xml"",""xml_path"":""/project[1]/scenes[1]/scene[1]/variables[1]/variable[22]"",""snap_value_id"":""34149"",""variable"":""data-5_refined"",""item_1"":96}}"
97,"Take 3 turns, then 1.","take 3 turns, then 1","{""original"":{""file"":""Cards-2.xml"",""xml_path"":""/project[1]/scenes[1]/scene[1]/variables[1]/variable[4]"",""snap_value_id"":""34126"",""variable"":""Card Descriptions"",""item_1"":97},""refined"":{""file"":""Cards-2.xml"",""xml_path"":""/project[1]/scenes[1]/scene[1]/variables[1]/variable[22]"",""snap_value_id"":""34149"",""variable"":""data-5_refined"",""item_1"":97}}"
98,Enemy's hit chance is squared ratio of damage to your Max HP. On first death awaken instead.,enemy's hit chance is squared ratio of damage to self max hp; on first death awaken instead,"{""original"":{""file"":""Cards-2.xml"",""xml_path"":""/project[1]/scenes[1]/scene[1]/variables[1]/variable[4]"",""snap_value_id"":""34126"",""variable"":""Card Descriptions"",""item_1"":98},""refined"":{""file"":""Cards-2.xml"",""xml_path"":""/project[1]/scenes[1]/scene[1]/variables[1]/variable[22]"",""snap_value_id"":""34149"",""variable"":""data-5_refined"",""item_1"":98}}"
99,Steala 75% of the stats from the card behind this card and banishes it. Counter attacks,steal 75 % of the stats from the card behind self and banishes it; counterattacks,"{""original"":{""file"":""Cards-2.xml"",""xml_path"":""/project[1]/scenes[1]/scene[1]/variables[1]/variable[4]"",""snap_value_id"":""34126"",""variable"":""Card Descriptions"",""item_1"":99},""refined"":{""file"":""Cards-2.xml"",""xml_path"":""/project[1]/scenes[1]/scene[1]/variables[1]/variable[22]"",""snap_value_id"":""34149"",""variable"":""data-5_refined"",""item_1"":99}}"
100,Inflict confusion for 3 turns on entry. Fails if opponent's ATK is 400% higher.,inflict confusion for 3 turns on entry; fails if enemy's atk is 400 % higher,"{""original"":{""file"":""Cards-2.xml"",""xml_path"":""/project[1]/scenes[1]/scene[1]/variables[1]/variable[4]"",""snap_value_id"":""34126"",""variable"":""Card Descriptions"",""item_1"":100},""refined"":{""file"":""Cards-2.xml"",""xml_path"":""/project[1]/scenes[1]/scene[1]/variables[1]/variable[22]"",""snap_value_id"":""34149"",""variable"":""data-5_refined"",""item_1"":100}}"
101,Evade lethal and switch with an ally.,dodge lethal and switch with an ally,"{""original"":{""file"":""Cards-2.xml"",""xml_path"":""/project[1]/scenes[1]/scene[1]/variables[1]/variable[4]"",""snap_value_id"":""34126"",""variable"":""Card Descriptions"",""item_1"":101},""refined"":{""file"":""Cards-2.xml"",""xml_path"":""/project[1]/scenes[1]/scene[1]/variables[1]/variable[22]"",""snap_value_id"":""34149"",""variable"":""data-5_refined"",""item_1"":101}}"
102,"Evade first attack, bypass defenses.","dodge first attack, bypass defenses","{""original"":{""file"":""Cards-2.xml"",""xml_path"":""/project[1]/scenes[1]/scene[1]/variables[1]/variable[4]"",""snap_value_id"":""34126"",""variable"":""Card Descriptions"",""item_1"":102},""refined"":{""file"":""Cards-2.xml"",""xml_path"":""/project[1]/scenes[1]/scene[1]/variables[1]/variable[22]"",""snap_value_id"":""34149"",""variable"":""data-5_refined"",""item_1"":102}}"
103,Enemies you see die after 2 turns.,enemies you see die after 2 turns,"{""original"":{""file"":""Cards-2.xml"",""xml_path"":""/project[1]/scenes[1]/scene[1]/variables[1]/variable[4]"",""snap_value_id"":""34126"",""variable"":""Card Descriptions"",""item_1"":103},""refined"":{""file"":""Cards-2.xml"",""xml_path"":""/project[1]/scenes[1]/scene[1]/variables[1]/variable[22]"",""snap_value_id"":""34149"",""variable"":""data-5_refined"",""item_1"":103}}"
104,"If the card ahead would be hit by a lethal attack: this card takes its place, blocks the attack, and gains 2x stats.","if card ahead would take lethal attack: self takes its place, blocks attack, and gains 2 x stats","{""original"":{""file"":""Cards-2.xml"",""xml_path"":""/project[1]/scenes[1]/scene[1]/variables[1]/variable[4]"",""snap_value_id"":""34126"",""variable"":""Card Descriptions"",""item_1"":104},""refined"":{""file"":""Cards-2.xml"",""xml_path"":""/project[1]/scenes[1]/scene[1]/variables[1]/variable[22]"",""snap_value_id"":""34149"",""variable"":""data-5_refined"",""item_1"":104}}"
105,Deal double damage on entry if an ally is dead.,deal 2 x damage on entry if an ally is dead,"{""original"":{""file"":""Cards-2.xml"",""xml_path"":""/project[1]/scenes[1]/scene[1]/variables[1]/variable[4]"",""snap_value_id"":""34126"",""variable"":""Card Descriptions"",""item_1"":105},""refined"":{""file"":""Cards-2.xml"",""xml_path"":""/project[1]/scenes[1]/scene[1]/variables[1]/variable[22]"",""snap_value_id"":""34149"",""variable"":""data-5_refined"",""item_1"":105}}"
106,Cancel all abilities while in play.,cancel all abilities while in play,"{""original"":{""file"":""Cards-2.xml"",""xml_path"":""/project[1]/scenes[1]/scene[1]/variables[1]/variable[4]"",""snap_value_id"":""34126"",""variable"":""Card Descriptions"",""item_1"":106},""refined"":{""file"":""Cards-2.xml"",""xml_path"":""/project[1]/scenes[1]/scene[1]/variables[1]/variable[22]"",""snap_value_id"":""34149"",""variable"":""data-5_refined"",""item_1"":106}}"
107,"Deal 300% damage after 5 moves, even after death.","deal 300 % damage after 5 moves, even on death","{""original"":{""file"":""Cards-2.xml"",""xml_path"":""/project[1]/scenes[1]/scene[1]/variables[1]/variable[4]"",""snap_value_id"":""34126"",""variable"":""Card Descriptions"",""item_1"":107},""refined"":{""file"":""Cards-2.xml"",""xml_path"":""/project[1]/scenes[1]/scene[1]/variables[1]/variable[22]"",""snap_value_id"":""34149"",""variable"":""data-5_refined"",""item_1"":107}}"
108,Gain 20% stat each turn for 9 turns.,gain 20 % stats each turn for 9 turns,"{""original"":{""file"":""Cards-2.xml"",""xml_path"":""/project[1]/scenes[1]/scene[1]/variables[1]/variable[4]"",""snap_value_id"":""34126"",""variable"":""Card Descriptions"",""item_1"":108},""refined"":{""file"":""Cards-2.xml"",""xml_path"":""/project[1]/scenes[1]/scene[1]/variables[1]/variable[22]"",""snap_value_id"":""34149"",""variable"":""data-5_refined"",""item_1"":108}}"
109,Gain 40% stats for each unique 'Friendship' card.,gain 40 % stats for each unique friendship card,"{""original"":{""file"":""Cards-2.xml"",""xml_path"":""/project[1]/scenes[1]/scene[1]/variables[1]/variable[4]"",""snap_value_id"":""34126"",""variable"":""Card Descriptions"",""item_1"":109},""refined"":{""file"":""Cards-2.xml"",""xml_path"":""/project[1]/scenes[1]/scene[1]/variables[1]/variable[22]"",""snap_value_id"":""34149"",""variable"":""data-5_refined"",""item_1"":109}}"
110,Gain 40% stats for each unique 'Friendship' card.,gain 40 % stats for each unique friendship card,"{""original"":{""file"":""Cards-2.xml"",""xml_path"":""/project[1]/scenes[1]/scene[1]/variables[1]/variable[4]"",""snap_value_id"":""34126"",""variable"":""Card Descriptions"",""item_1"":110},""refined"":{""file"":""Cards-2.xml"",""xml_path"":""/project[1]/scenes[1]/scene[1]/variables[1]/variable[22]"",""snap_value_id"":""34149"",""variable"":""data-5_refined"",""item_1"":110}}"
111,"Deal 2x damage, gain extra turn, and +20% stats when defeating an enemy.","deal 2 x damage, gain extra turn, and + 20 % stats on kill","{""original"":{""file"":""Cards-2.xml"",""xml_path"":""/project[1]/scenes[1]/scene[1]/variables[1]/variable[4]"",""snap_value_id"":""34126"",""variable"":""Card Descriptions"",""item_1"":111},""refined"":{""file"":""Cards-2.xml"",""xml_path"":""/project[1]/scenes[1]/scene[1]/variables[1]/variable[22]"",""snap_value_id"":""34149"",""variable"":""data-5_refined"",""item_1"":111}}"
112,Opoonent loses 20% Max HP each turn.,enemy loses 20 % max hp each turn,"{""original"":{""file"":""Cards-2.xml"",""xml_path"":""/project[1]/scenes[1]/scene[1]/variables[1]/variable[4]"",""snap_value_id"":""34126"",""variable"":""Card Descriptions"",""item_1"":112},""refined"":{""file"":""Cards-2.xml"",""xml_path"":""/project[1]/scenes[1]/scene[1]/variables[1]/variable[22]"",""snap_value_id"":""34149"",""variable"":""data-5_refined"",""item_1"":112}}"
113,Dodge first lethal hit then double damage.,dodge first lethal hit then 2 x damage,"{""original"":{""file"":""Cards-2.xml"",""xml_path"":""/project[1]/scenes[1]/scene[1]/variables[1]/variable[4]"",""snap_value_id"":""34126"",""variable"":""Card Descriptions"",""item_1"":113},""refined"":{""file"":""Cards-2.xml"",""xml_path"":""/project[1]/scenes[1]/scene[1]/variables[1]/variable[22]"",""snap_value_id"":""34149"",""variable"":""data-5_refined"",""item_1"":113}}"
114,Invincible for 3 turns then dies.,invincible for 3 turns then dies,"{""original"":{""file"":""Cards-2.xml"",""xml_path"":""/project[1]/scenes[1]/scene[1]/variables[1]/variable[4]"",""snap_value_id"":""34126"",""variable"":""Card Descriptions"",""item_1"":114},""refined"":{""file"":""Cards-2.xml"",""xml_path"":""/project[1]/scenes[1]/scene[1]/variables[1]/variable[22]"",""snap_value_id"":""34149"",""variable"":""data-5_refined"",""item_1"":114}}"
115,Lose 1/8 stats when damaged.,lose 1 / 8 stats when damaged,"{""original"":{""file"":""Cards-2.xml"",""xml_path"":""/project[1]/scenes[1]/scene[1]/variables[1]/variable[4]"",""snap_value_id"":""34126"",""variable"":""Card Descriptions"",""item_1"":115},""refined"":{""file"":""Cards-2.xml"",""xml_path"":""/project[1]/scenes[1]/scene[1]/variables[1]/variable[22]"",""snap_value_id"":""34149"",""variable"":""data-5_refined"",""item_1"":115}}"
116,"Every 3 turns, opponents rests and you gain 100% damage.","every 3 turns, enemies rests and you gain 100 % damage","{""original"":{""file"":""Cards-2.xml"",""xml_path"":""/project[1]/scenes[1]/scene[1]/variables[1]/variable[4]"",""snap_value_id"":""34126"",""variable"":""Card Descriptions"",""item_1"":116},""refined"":{""file"":""Cards-2.xml"",""xml_path"":""/project[1]/scenes[1]/scene[1]/variables[1]/variable[22]"",""snap_value_id"":""34149"",""variable"":""data-5_refined"",""item_1"":116}}"
117,"Every other turn, opponent damages themself.","every other turn, enemy damages themselves","{""original"":{""file"":""Cards-2.xml"",""xml_path"":""/project[1]/scenes[1]/scene[1]/variables[1]/variable[4]"",""snap_value_id"":""34126"",""variable"":""Card Descriptions"",""item_1"":117},""refined"":{""file"":""Cards-2.xml"",""xml_path"":""/project[1]/scenes[1]/scene[1]/variables[1]/variable[22]"",""snap_value_id"":""34149"",""variable"":""data-5_refined"",""item_1"":117}}"
118,Nullify ever other attack and heal 80% of its damage.,nullify every other attack and heal 80 % of its damage,"{""original"":{""file"":""Cards-2.xml"",""xml_path"":""/project[1]/scenes[1]/scene[1]/variables[1]/variable[4]"",""snap_value_id"":""34126"",""variable"":""Card Descriptions"",""item_1"":118},""refined"":{""file"":""Cards-2.xml"",""xml_path"":""/project[1]/scenes[1]/scene[1]/variables[1]/variable[22]"",""snap_value_id"":""34149"",""variable"":""data-5_refined"",""item_1"":118}}"
119,"Inflicts confusion on entry. If the enemy self-hits: -20% ATK; else, confusion persists.","inflicts confusion on entry; if the enemy self-hits: - 20 % atk; else, confusion persists","{""original"":{""file"":""Cards-2.xml"",""xml_path"":""/project[1]/scenes[1]/scene[1]/variables[1]/variable[4]"",""snap_value_id"":""34126"",""variable"":""Card Descriptions"",""item_1"":119},""refined"":{""file"":""Cards-2.xml"",""xml_path"":""/project[1]/scenes[1]/scene[1]/variables[1]/variable[22]"",""snap_value_id"":""34149"",""variable"":""data-5_refined"",""item_1"":119}}"
120,Stats increase by 30% for 2 turns. Awaken on the 3rd turn.,stats increase by 30 % for 2 turns; awaken after 2 turns,"{""original"":{""file"":""Cards-2.xml"",""xml_path"":""/project[1]/scenes[1]/scene[1]/variables[1]/variable[4]"",""snap_value_id"":""34126"",""variable"":""Card Descriptions"",""item_1"":120},""refined"":{""file"":""Cards-2.xml"",""xml_path"":""/project[1]/scenes[1]/scene[1]/variables[1]/variable[22]"",""snap_value_id"":""34149"",""variable"":""data-5_refined"",""item_1"":120}}"
121,Gain 30% ATK at the end of each turn.,gain 30 % atk each turn end,"{""original"":{""file"":""Cards-2.xml"",""xml_path"":""/project[1]/scenes[1]/scene[1]/variables[1]/variable[4]"",""snap_value_id"":""34126"",""variable"":""Card Descriptions"",""item_1"":121},""refined"":{""file"":""Cards-2.xml"",""xml_path"":""/project[1]/scenes[1]/scene[1]/variables[1]/variable[22]"",""snap_value_id"":""34149"",""variable"":""data-5_refined"",""item_1"":121}}"
122,50% chance to swap the enemy's current card and deal 3x damage.,50 % chance to swap the enemy's current card and deal 3 x damage,"{""original"":{""file"":""Cards-2.xml"",""xml_path"":""/project[1]/scenes[1]/scene[1]/variables[1]/variable[4]"",""snap_value_id"":""34126"",""variable"":""Card Descriptions"",""item_1"":122},""refined"":{""file"":""Cards-2.xml"",""xml_path"":""/project[1]/scenes[1]/scene[1]/variables[1]/variable[22]"",""snap_value_id"":""34149"",""variable"":""data-5_refined"",""item_1"":122}}"
123,Heal to full HP when defeating an enemy.,heal to full hp on kill,"{""original"":{""file"":""Cards-2.xml"",""xml_path"":""/project[1]/scenes[1]/scene[1]/variables[1]/variable[4]"",""snap_value_id"":""34126"",""variable"":""Card Descriptions"",""item_1"":123},""refined"":{""file"":""Cards-2.xml"",""xml_path"":""/project[1]/scenes[1]/scene[1]/variables[1]/variable[22]"",""snap_value_id"":""34149"",""variable"":""data-5_refined"",""item_1"":123}}"
124,Take 1/3 less damage from demons.,take 1 / 3 less damage from demons,"{""original"":{""file"":""Cards-2.xml"",""xml_path"":""/project[1]/scenes[1]/scene[1]/variables[1]/variable[4]"",""snap_value_id"":""34126"",""variable"":""Card Descriptions"",""item_1"":124},""refined"":{""file"":""Cards-2.xml"",""xml_path"":""/project[1]/scenes[1]/scene[1]/variables[1]/variable[22]"",""snap_value_id"":""34149"",""variable"":""data-5_refined"",""item_1"":124}}"
125,Heal by Max HP after allies take 3 turns.,heal by max hp after allies take 3 turns,"{""original"":{""file"":""Cards-2.xml"",""xml_path"":""/project[1]/scenes[1]/scene[1]/variables[1]/variable[4]"",""snap_value_id"":""34126"",""variable"":""Card Descriptions"",""item_1"":125},""refined"":{""file"":""Cards-2.xml"",""xml_path"":""/project[1]/scenes[1]/scene[1]/variables[1]/variable[22]"",""snap_value_id"":""34149"",""variable"":""data-5_refined"",""item_1"":125}}"
126,Gain 30% stats for 2 turns and awaken on the third.,gain 30 % stats for 2 turns and awaken on the third,"{""original"":{""file"":""Cards-2.xml"",""xml_path"":""/project[1]/scenes[1]/scene[1]/variables[1]/variable[4]"",""snap_value_id"":""34126"",""variable"":""Card Descriptions"",""item_1"":126},""refined"":{""file"":""Cards-2.xml"",""xml_path"":""/project[1]/scenes[1]/scene[1]/variables[1]/variable[22]"",""snap_value_id"":""34149"",""variable"":""data-5_refined"",""item_1"":126}}"
127,Enemy loses 30% of their current HP at the start of turn.,enemy loses 30 % of their current hp turn start,"{""original"":{""file"":""Cards-2.xml"",""xml_path"":""/project[1]/scenes[1]/scene[1]/variables[1]/variable[4]"",""snap_value_id"":""34126"",""variable"":""Card Descriptions"",""item_1"":127},""refined"":{""file"":""Cards-2.xml"",""xml_path"":""/project[1]/scenes[1]/scene[1]/variables[1]/variable[22]"",""snap_value_id"":""34149"",""variable"":""data-5_refined"",""item_1"":127}}"
128,Reduce damage by 35%. Boost allies' stats by 10% per turn.,reduce damage by 35 %; boost allies' stats by 10 % each turn,"{""original"":{""file"":""Cards-2.xml"",""xml_path"":""/project[1]/scenes[1]/scene[1]/variables[1]/variable[4]"",""snap_value_id"":""34126"",""variable"":""Card Descriptions"",""item_1"":128},""refined"":{""file"":""Cards-2.xml"",""xml_path"":""/project[1]/scenes[1]/scene[1]/variables[1]/variable[22]"",""snap_value_id"":""34149"",""variable"":""data-5_refined"",""item_1"":128}}"
129,"On entry, manifest 1 of 6 weapons, gaining its unique ability.","on entry, manifest 1 of 6 weapons, gaining its unique ability","{""original"":{""file"":""Cards-2.xml"",""xml_path"":""/project[1]/scenes[1]/scene[1]/variables[1]/variable[4]"",""snap_value_id"":""34126"",""variable"":""Card Descriptions"",""item_1"":129},""refined"":{""file"":""Cards-2.xml"",""xml_path"":""/project[1]/scenes[1]/scene[1]/variables[1]/variable[22]"",""snap_value_id"":""34149"",""variable"":""data-5_refined"",""item_1"":129}}"
130,Create a random card with your stats and place it at the end of your deck.,create a random card with self stats and place it at the end of ally deck,"{""original"":{""file"":""Cards-2.xml"",""xml_path"":""/project[1]/scenes[1]/scene[1]/variables[1]/variable[4]"",""snap_value_id"":""34126"",""variable"":""Card Descriptions"",""item_1"":130},""refined"":{""file"":""Cards-2.xml"",""xml_path"":""/project[1]/scenes[1]/scene[1]/variables[1]/variable[22]"",""snap_value_id"":""34149"",""variable"":""data-5_refined"",""item_1"":130}}"
131,Boost stats by 65% on entry.,boost stats by 65 % on entry,"{""original"":{""file"":""Cards-2.xml"",""xml_path"":""/project[1]/scenes[1]/scene[1]/variables[1]/variable[4]"",""snap_value_id"":""34126"",""variable"":""Card Descriptions"",""item_1"":131},""refined"":{""file"":""Cards-2.xml"",""xml_path"":""/project[1]/scenes[1]/scene[1]/variables[1]/variable[22]"",""snap_value_id"":""34149"",""variable"":""data-5_refined"",""item_1"":131}}"
132,"Gain 200% ATK on entry, Lose ATK equal to damage taken. Heal 35% and gain 35% ATK per kill.","gain 200 % atk on entry, lose atk equal to damage taken; heal 35 % and gain 35 % atk on kill","{""original"":{""file"":""Cards-2.xml"",""xml_path"":""/project[1]/scenes[1]/scene[1]/variables[1]/variable[4]"",""snap_value_id"":""34126"",""variable"":""Card Descriptions"",""item_1"":132},""refined"":{""file"":""Cards-2.xml"",""xml_path"":""/project[1]/scenes[1]/scene[1]/variables[1]/variable[22]"",""snap_value_id"":""34149"",""variable"":""data-5_refined"",""item_1"":132}}"
133,Redirect 50% of damage taken by allies to this card.,redirect 50 % of damage taken by allies to self,"{""original"":{""file"":""Cards-2.xml"",""xml_path"":""/project[1]/scenes[1]/scene[1]/variables[1]/variable[4]"",""snap_value_id"":""34126"",""variable"":""Card Descriptions"",""item_1"":133},""refined"":{""file"":""Cards-2.xml"",""xml_path"":""/project[1]/scenes[1]/scene[1]/variables[1]/variable[22]"",""snap_value_id"":""34149"",""variable"":""data-5_refined"",""item_1"":133}}"
134,"Deal 150% damage on entry, ignoring defenses.","deal 150 % damage on entry, ignoring defenses","{""original"":{""file"":""Cards-2.xml"",""xml_path"":""/project[1]/scenes[1]/scene[1]/variables[1]/variable[4]"",""snap_value_id"":""34126"",""variable"":""Card Descriptions"",""item_1"":134},""refined"":{""file"":""Cards-2.xml"",""xml_path"":""/project[1]/scenes[1]/scene[1]/variables[1]/variable[22]"",""snap_value_id"":""34149"",""variable"":""data-5_refined"",""item_1"":134}}"
135,Revive with half HP and double ATK; burn attackers for 2 turns.,revive with 1 / 2 hp and 2 x atk; burn attackers for 2 turns,"{""original"":{""file"":""Cards-2.xml"",""xml_path"":""/project[1]/scenes[1]/scene[1]/variables[1]/variable[4]"",""snap_value_id"":""34126"",""variable"":""Card Descriptions"",""item_1"":135},""refined"":{""file"":""Cards-2.xml"",""xml_path"":""/project[1]/scenes[1]/scene[1]/variables[1]/variable[22]"",""snap_value_id"":""34149"",""variable"":""data-5_refined"",""item_1"":135}}"
136,"Recover 20% HP each turn, with 50% chance togain 30% ATK.","heal 20 % hp each turn, with 50 % chance to gain 30 % atk","{""original"":{""file"":""Cards-2.xml"",""xml_path"":""/project[1]/scenes[1]/scene[1]/variables[1]/variable[4]"",""snap_value_id"":""34126"",""variable"":""Card Descriptions"",""item_1"":136},""refined"":{""file"":""Cards-2.xml"",""xml_path"":""/project[1]/scenes[1]/scene[1]/variables[1]/variable[22]"",""snap_value_id"":""34149"",""variable"":""data-5_refined"",""item_1"":136}}"
137,Opponent's cards cant use abilities for 3 turns.,enemy's cards cannot use abilities for 3 turns,"{""original"":{""file"":""Cards-2.xml"",""xml_path"":""/project[1]/scenes[1]/scene[1]/variables[1]/variable[4]"",""snap_value_id"":""34126"",""variable"":""Card Descriptions"",""item_1"":137},""refined"":{""file"":""Cards-2.xml"",""xml_path"":""/project[1]/scenes[1]/scene[1]/variables[1]/variable[22]"",""snap_value_id"":""34149"",""variable"":""data-5_refined"",""item_1"":137}}"
138,Transform when HP falls below 50%.,transform when hp falls below 50 %,"{""original"":{""file"":""Cards-2.xml"",""xml_path"":""/project[1]/scenes[1]/scene[1]/variables[1]/variable[4]"",""snap_value_id"":""34126"",""variable"":""Card Descriptions"",""item_1"":138},""refined"":{""file"":""Cards-2.xml"",""xml_path"":""/project[1]/scenes[1]/scene[1]/variables[1]/variable[22]"",""snap_value_id"":""34149"",""variable"":""data-5_refined"",""item_1"":138}}"
139,Revive a dead ally or heal a living one by 50% instead of attacking. Move to end of deck if fully healed.,revive a dead ally or heal a living one by 50 % instead of attacking; move to end of deck if fully healed,"{""original"":{""file"":""Cards-2.xml"",""xml_path"":""/project[1]/scenes[1]/scene[1]/variables[1]/variable[4]"",""snap_value_id"":""34126"",""variable"":""Card Descriptions"",""item_1"":139},""refined"":{""file"":""Cards-2.xml"",""xml_path"":""/project[1]/scenes[1]/scene[1]/variables[1]/variable[22]"",""snap_value_id"":""34149"",""variable"":""data-5_refined"",""item_1"":139}}"
140,Double HP and ATK every 3 turns.,2 x hp and atk every 3 turns,"{""original"":{""file"":""Cards-2.xml"",""xml_path"":""/project[1]/scenes[1]/scene[1]/variables[1]/variable[4]"",""snap_value_id"":""34126"",""variable"":""Card Descriptions"",""item_1"":140},""refined"":{""file"":""Cards-2.xml"",""xml_path"":""/project[1]/scenes[1]/scene[1]/variables[1]/variable[22]"",""snap_value_id"":""34149"",""variable"":""data-5_refined"",""item_1"":140}}"
141,"On death, gain 3 fossils.","on death, gain 3 fossils","{""original"":{""file"":""Cards-2.xml"",""xml_path"":""/project[1]/scenes[1]/scene[1]/variables[1]/variable[4]"",""snap_value_id"":""34126"",""variable"":""Card Descriptions"",""item_1"":141},""refined"":{""file"":""Cards-2.xml"",""xml_path"":""/project[1]/scenes[1]/scene[1]/variables[1]/variable[22]"",""snap_value_id"":""34149"",""variable"":""data-5_refined"",""item_1"":141}}"
142,"Every other turn, gain a shield.","every other turn, gain a shield","{""original"":{""file"":""Cards-2.xml"",""xml_path"":""/project[1]/scenes[1]/scene[1]/variables[1]/variable[4]"",""snap_value_id"":""34126"",""variable"":""Card Descriptions"",""item_1"":142},""refined"":{""file"":""Cards-2.xml"",""xml_path"":""/project[1]/scenes[1]/scene[1]/variables[1]/variable[22]"",""snap_value_id"":""34149"",""variable"":""data-5_refined"",""item_1"":142}}"
143,Attack a random living card in the opponent deck.,attack a random living card in the enemy deck,"{""original"":{""file"":""Cards-2.xml"",""xml_path"":""/project[1]/scenes[1]/scene[1]/variables[1]/variable[4]"",""snap_value_id"":""34126"",""variable"":""Card Descriptions"",""item_1"":143},""refined"":{""file"":""Cards-2.xml"",""xml_path"":""/project[1]/scenes[1]/scene[1]/variables[1]/variable[22]"",""snap_value_id"":""34149"",""variable"":""data-5_refined"",""item_1"":143}}"
144,Attack on entry. Excess damage from kill carries over to the next card.,attack on entry; excess damage from kill carries over to the next card,"{""original"":{""file"":""Cards-2.xml"",""xml_path"":""/project[1]/scenes[1]/scene[1]/variables[1]/variable[4]"",""snap_value_id"":""34126"",""variable"":""Card Descriptions"",""item_1"":144},""refined"":{""file"":""Cards-2.xml"",""xml_path"":""/project[1]/scenes[1]/scene[1]/variables[1]/variable[22]"",""snap_value_id"":""34149"",""variable"":""data-5_refined"",""item_1"":144}}"
145,"Attack every other turn, dodges attack on turns it doesn't. 1.5x Damage.","attack every other turn, dodges attack on turns it does not; 1.5 x damage","{""original"":{""file"":""Cards-2.xml"",""xml_path"":""/project[1]/scenes[1]/scene[1]/variables[1]/variable[4]"",""snap_value_id"":""34126"",""variable"":""Card Descriptions"",""item_1"":145},""refined"":{""file"":""Cards-2.xml"",""xml_path"":""/project[1]/scenes[1]/scene[1]/variables[1]/variable[22]"",""snap_value_id"":""34149"",""variable"":""data-5_refined"",""item_1"":145}}"
146,"On entry, attack and apply Poison. Dodge the first lethal attack and swap with the next ally.","on entry, attack and apply poison; dodge the first lethal attack and swap with the next ally","{""original"":{""file"":""Cards-2.xml"",""xml_path"":""/project[1]/scenes[1]/scene[1]/variables[1]/variable[4]"",""snap_value_id"":""34126"",""variable"":""Card Descriptions"",""item_1"":146},""refined"":{""file"":""Cards-2.xml"",""xml_path"":""/project[1]/scenes[1]/scene[1]/variables[1]/variable[22]"",""snap_value_id"":""34149"",""variable"":""data-5_refined"",""item_1"":146}}"
147,On entry freeze the enemy. Attacks twice.,on entry freeze the enemy; attacks twice,"{""original"":{""file"":""Cards-2.xml"",""xml_path"":""/project[1]/scenes[1]/scene[1]/variables[1]/variable[4]"",""snap_value_id"":""34126"",""variable"":""Card Descriptions"",""item_1"":147},""refined"":{""file"":""Cards-2.xml"",""xml_path"":""/project[1]/scenes[1]/scene[1]/variables[1]/variable[22]"",""snap_value_id"":""34149"",""variable"":""data-5_refined"",""item_1"":147}}"
148,"40% chance to dodge attacks. If it does, next attack deals 2x damage.","40 % chance to dodge attacks; if it does, next attack deals 2 x damage","{""original"":{""file"":""Cards-2.xml"",""xml_path"":""/project[1]/scenes[1]/scene[1]/variables[1]/variable[4]"",""snap_value_id"":""34126"",""variable"":""Card Descriptions"",""item_1"":148},""refined"":{""file"":""Cards-2.xml"",""xml_path"":""/project[1]/scenes[1]/scene[1]/variables[1]/variable[22]"",""snap_value_id"":""34149"",""variable"":""data-5_refined"",""item_1"":148}}"
149,Ignores defensive abilities.,ignores defense abilities,"{""original"":{""file"":""Cards-2.xml"",""xml_path"":""/project[1]/scenes[1]/scene[1]/variables[1]/variable[4]"",""snap_value_id"":""34126"",""variable"":""Card Descriptions"",""item_1"":149},""refined"":{""file"":""Cards-2.xml"",""xml_path"":""/project[1]/scenes[1]/scene[1]/variables[1]/variable[22]"",""snap_value_id"":""34149"",""variable"":""data-5_refined"",""item_1"":149}}"
150,40% chance every turn to heal to full.,40 % chance each turn to heal to full,"{""original"":{""file"":""Cards-2.xml"",""xml_path"":""/project[1]/scenes[1]/scene[1]/variables[1]/variable[4]"",""snap_value_id"":""34126"",""variable"":""Card Descriptions"",""item_1"":150},""refined"":{""file"":""Cards-2.xml"",""xml_path"":""/project[1]/scenes[1]/scene[1]/variables[1]/variable[22]"",""snap_value_id"":""34149"",""variable"":""data-5_refined"",""item_1"":150}}"
151,"Attacks with 10x damage and dies. On death, +2 Fossils.","attacks with 10 x damage and dies; on death, + 2 fossils","{""original"":{""file"":""Cards-2.xml"",""xml_path"":""/project[1]/scenes[1]/scene[1]/variables[1]/variable[4]"",""snap_value_id"":""34126"",""variable"":""Card Descriptions"",""item_1"":151},""refined"":{""file"":""Cards-2.xml"",""xml_path"":""/project[1]/scenes[1]/scene[1]/variables[1]/variable[22]"",""snap_value_id"":""34149"",""variable"":""data-5_refined"",""item_1"":151}}"
152,"On entry, 50% chance to negate the enemy's blue aura card. Cannot be killed by abilities.","on entry, 50 % chance to negate the enemy's blue aura card; cannot be killed by abilities","{""original"":{""file"":""Cards-2.xml"",""xml_path"":""/project[1]/scenes[1]/scene[1]/variables[1]/variable[4]"",""snap_value_id"":""34126"",""variable"":""Card Descriptions"",""item_1"":152},""refined"":{""file"":""Cards-2.xml"",""xml_path"":""/project[1]/scenes[1]/scene[1]/variables[1]/variable[22]"",""snap_value_id"":""34149"",""variable"":""data-5_refined"",""item_1"":152}}"
153,Takes 25% less damage. When attacked the enemy bleeds. Counterattacks.,takes 25 % less damage; when attacked the enemy bleeds; counterattacks,"{""original"":{""file"":""Cards-2.xml"",""xml_path"":""/project[1]/scenes[1]/scene[1]/variables[1]/variable[4]"",""snap_value_id"":""34126"",""variable"":""Card Descriptions"",""item_1"":153},""refined"":{""file"":""Cards-2.xml"",""xml_path"":""/project[1]/scenes[1]/scene[1]/variables[1]/variable[22]"",""snap_value_id"":""34149"",""variable"":""data-5_refined"",""item_1"":153}}"
154,On damage inflict Death in: 5 - Fossil Count (max 2) turns.,on damage inflict death in: 5 - fossil count (max 2) turns,"{""original"":{""file"":""Cards-2.xml"",""xml_path"":""/project[1]/scenes[1]/scene[1]/variables[1]/variable[4]"",""snap_value_id"":""34126"",""variable"":""Card Descriptions"",""item_1"":154},""refined"":{""file"":""Cards-2.xml"",""xml_path"":""/project[1]/scenes[1]/scene[1]/variables[1]/variable[22]"",""snap_value_id"":""34149"",""variable"":""data-5_refined"",""item_1"":154}}"
155,Charges for one turn before attacking. Deals 75% Damage. Damages Fossil Count + 1 enemies in the deck (max of 3).,charges for one turn before attack; deals 75 % damage; damages fossil count + 1 enemies in the deck (max of 3),"{""original"":{""file"":""Cards-2.xml"",""xml_path"":""/project[1]/scenes[1]/scene[1]/variables[1]/variable[4]"",""snap_value_id"":""34126"",""variable"":""Card Descriptions"",""item_1"":155},""refined"":{""file"":""Cards-2.xml"",""xml_path"":""/project[1]/scenes[1]/scene[1]/variables[1]/variable[22]"",""snap_value_id"":""34149"",""variable"":""data-5_refined"",""item_1"":155}}"
156,Deal 2x damage if the enemy has 50% or less HP. +100% ATK upon defeating an enemy.,deal 2 x damage if the enemy has 50 % or less hp; + 100 % atk on kill,"{""original"":{""file"":""Cards-2.xml"",""xml_path"":""/project[1]/scenes[1]/scene[1]/variables[1]/variable[4]"",""snap_value_id"":""34126"",""variable"":""Card Descriptions"",""item_1"":156},""refined"":{""file"":""Cards-2.xml"",""xml_path"":""/project[1]/scenes[1]/scene[1]/variables[1]/variable[22]"",""snap_value_id"":""34149"",""variable"":""data-5_refined"",""item_1"":156}}"
157,"Takes half damage. Deals 50% more damage. If Fossil Count > 2, counterattacks.","takes 1 / 2 damage; deals 50 % more damage; if fossil count > 2, counterattacks","{""original"":{""file"":""Cards-2.xml"",""xml_path"":""/project[1]/scenes[1]/scene[1]/variables[1]/variable[4]"",""snap_value_id"":""34126"",""variable"":""Card Descriptions"",""item_1"":157},""refined"":{""file"":""Cards-2.xml"",""xml_path"":""/project[1]/scenes[1]/scene[1]/variables[1]/variable[22]"",""snap_value_id"":""34149"",""variable"":""data-5_refined"",""item_1"":157}}"
158,Add the opponent's attack to your damage.,add the enemy's attack to self damage,"{""original"":{""file"":""Cards-2.xml"",""xml_path"":""/project[1]/scenes[1]/scene[1]/variables[1]/variable[4]"",""snap_value_id"":""34126"",""variable"":""Card Descriptions"",""item_1"":158},""refined"":{""file"":""Cards-2.xml"",""xml_path"":""/project[1]/scenes[1]/scene[1]/variables[1]/variable[22]"",""snap_value_id"":""34149"",""variable"":""data-5_refined"",""item_1"":158}}"
159,"On entry, for every Fossil, 1.5x damage.","on entry, for every fossil, 1.5 x damage","{""original"":{""file"":""Cards-2.xml"",""xml_path"":""/project[1]/scenes[1]/scene[1]/variables[1]/variable[4]"",""snap_value_id"":""34126"",""variable"":""Card Descriptions"",""item_1"":159},""refined"":{""file"":""Cards-2.xml"",""xml_path"":""/project[1]/scenes[1]/scene[1]/variables[1]/variable[22]"",""snap_value_id"":""34149"",""variable"":""data-5_refined"",""item_1"":159}}"
160,This card gains +30% damage every turn.,self gains + 30 % damage each turn,"{""original"":{""file"":""Cards-2.xml"",""xml_path"":""/project[1]/scenes[1]/scene[1]/variables[1]/variable[4]"",""snap_value_id"":""34126"",""variable"":""Card Descriptions"",""item_1"":160},""refined"":{""file"":""Cards-2.xml"",""xml_path"":""/project[1]/scenes[1]/scene[1]/variables[1]/variable[22]"",""snap_value_id"":""34149"",""variable"":""data-5_refined"",""item_1"":160}}"
161,Attacks convert 15% Max HP into Damage.,attacks convert 15 % max hp into damage,"{""original"":{""file"":""Cards-2.xml"",""xml_path"":""/project[1]/scenes[1]/scene[1]/variables[1]/variable[4]"",""snap_value_id"":""34126"",""variable"":""Card Descriptions"",""item_1"":161},""refined"":{""file"":""Cards-2.xml"",""xml_path"":""/project[1]/scenes[1]/scene[1]/variables[1]/variable[22]"",""snap_value_id"":""34149"",""variable"":""data-5_refined"",""item_1"":161}}"
162,Deals 1X damage and takes 1X damage,deal 1 x damage and take 1 x damage,"{""original"":{""file"":""Cards-2.xml"",""xml_path"":""/project[1]/scenes[1]/scene[1]/variables[1]/variable[4]"",""snap_value_id"":""34126"",""variable"":""Card Descriptions"",""item_1"":162},""refined"":{""file"":""Cards-2.xml"",""xml_path"":""/project[1]/scenes[1]/scene[1]/variables[1]/variable[22]"",""snap_value_id"":""34149"",""variable"":""data-5_refined"",""item_1"":162}}"
163,Reduce opponent's HP by 15% on entering.,reduce enemy's hp by 15 % on entry,"{""original"":{""file"":""Cards-2.xml"",""xml_path"":""/project[1]/scenes[1]/scene[1]/variables[1]/variable[4]"",""snap_value_id"":""34126"",""variable"":""Card Descriptions"",""item_1"":163},""refined"":{""file"":""Cards-2.xml"",""xml_path"":""/project[1]/scenes[1]/scene[1]/variables[1]/variable[22]"",""snap_value_id"":""34149"",""variable"":""data-5_refined"",""item_1"":163}}"
164,The next card will dodge a lethal attack.,"on death, the next card will dodge an attack","{""original"":{""file"":""Cards-2.xml"",""xml_path"":""/project[1]/scenes[1]/scene[1]/variables[1]/variable[4]"",""snap_value_id"":""34126"",""variable"":""Card Descriptions"",""item_1"":164},""refined"":{""file"":""Cards-2.xml"",""xml_path"":""/project[1]/scenes[1]/scene[1]/variables[1]/variable[22]"",""snap_value_id"":""34149"",""variable"":""data-5_refined"",""item_1"":164}}"
165,"Takes 1.5X damage, deals 1.5X damage.",take 1.5 x damage; deal 1.5 x damage,"{""original"":{""file"":""Cards-2.xml"",""xml_path"":""/project[1]/scenes[1]/scene[1]/variables[1]/variable[4]"",""snap_value_id"":""34126"",""variable"":""Card Descriptions"",""item_1"":165},""refined"":{""file"":""Cards-2.xml"",""xml_path"":""/project[1]/scenes[1]/scene[1]/variables[1]/variable[22]"",""snap_value_id"":""34149"",""variable"":""data-5_refined"",""item_1"":165}}"
166,"5x attacks, each dealing 1/4 damage.","5 x attacks, each dealing 1 / 4 damage","{""original"":{""file"":""Cards-2.xml"",""xml_path"":""/project[1]/scenes[1]/scene[1]/variables[1]/variable[4]"",""snap_value_id"":""34126"",""variable"":""Card Descriptions"",""item_1"":166},""refined"":{""file"":""Cards-2.xml"",""xml_path"":""/project[1]/scenes[1]/scene[1]/variables[1]/variable[22]"",""snap_value_id"":""34149"",""variable"":""data-5_refined"",""item_1"":166}}"
167,Burn opponent for 5 turns when attacked.,burn enemy for 5 turns when attacked,"{""original"":{""file"":""Cards-2.xml"",""xml_path"":""/project[1]/scenes[1]/scene[1]/variables[1]/variable[4]"",""snap_value_id"":""34126"",""variable"":""Card Descriptions"",""item_1"":167},""refined"":{""file"":""Cards-2.xml"",""xml_path"":""/project[1]/scenes[1]/scene[1]/variables[1]/variable[22]"",""snap_value_id"":""34149"",""variable"":""data-5_refined"",""item_1"":167}}"
168,Boost all cards' damage 20%.,boost all cards' damage 20 %,"{""original"":{""file"":""Cards-2.xml"",""xml_path"":""/project[1]/scenes[1]/scene[1]/variables[1]/variable[4]"",""snap_value_id"":""34126"",""variable"":""Card Descriptions"",""item_1"":168},""refined"":{""file"":""Cards-2.xml"",""xml_path"":""/project[1]/scenes[1]/scene[1]/variables[1]/variable[22]"",""snap_value_id"":""34149"",""variable"":""data-5_refined"",""item_1"":168}}"
169,This card must be defeated 3 times before it can die.,self must be defeated 3 times before it can die,"{""original"":{""file"":""Cards-2.xml"",""xml_path"":""/project[1]/scenes[1]/scene[1]/variables[1]/variable[4]"",""snap_value_id"":""34126"",""variable"":""Card Descriptions"",""item_1"":169},""refined"":{""file"":""Cards-2.xml"",""xml_path"":""/project[1]/scenes[1]/scene[1]/variables[1]/variable[22]"",""snap_value_id"":""34149"",""variable"":""data-5_refined"",""item_1"":169}}"
170,Deals damage equal to 50% of target's current HP. Losses 25% HP after attacking.,deals damage equal to 50 % of target's current hp; loses 25 % hp after attack,"{""original"":{""file"":""Cards-2.xml"",""xml_path"":""/project[1]/scenes[1]/scene[1]/variables[1]/variable[4]"",""snap_value_id"":""34126"",""variable"":""Card Descriptions"",""item_1"":170},""refined"":{""file"":""Cards-2.xml"",""xml_path"":""/project[1]/scenes[1]/scene[1]/variables[1]/variable[22]"",""snap_value_id"":""34149"",""variable"":""data-5_refined"",""item_1"":170}}"
171,The opponent loses 25% of its HP each turn.,the enemy loses 25 % of its hp each turn,"{""original"":{""file"":""Cards-2.xml"",""xml_path"":""/project[1]/scenes[1]/scene[1]/variables[1]/variable[4]"",""snap_value_id"":""34126"",""variable"":""Card Descriptions"",""item_1"":171},""refined"":{""file"":""Cards-2.xml"",""xml_path"":""/project[1]/scenes[1]/scene[1]/variables[1]/variable[22]"",""snap_value_id"":""34149"",""variable"":""data-5_refined"",""item_1"":171}}"
172,"On entry, attack all enemies with 25% of damage.","on entry, attack all enemies with 25 % of damage","{""original"":{""file"":""Cards-2.xml"",""xml_path"":""/project[1]/scenes[1]/scene[1]/variables[1]/variable[4]"",""snap_value_id"":""34126"",""variable"":""Card Descriptions"",""item_1"":172},""refined"":{""file"":""Cards-2.xml"",""xml_path"":""/project[1]/scenes[1]/scene[1]/variables[1]/variable[22]"",""snap_value_id"":""34149"",""variable"":""data-5_refined"",""item_1"":172}}"
173,"Gain 30% stats for each fallen ally. Below 25% HP, damage taken is halved.","gain 30 % stats for each fallen ally; below 25 % hp, damage taken is halved","{""original"":{""file"":""Cards-2.xml"",""xml_path"":""/project[1]/scenes[1]/scene[1]/variables[1]/variable[4]"",""snap_value_id"":""34126"",""variable"":""Card Descriptions"",""item_1"":173},""refined"":{""file"":""Cards-2.xml"",""xml_path"":""/project[1]/scenes[1]/scene[1]/variables[1]/variable[22]"",""snap_value_id"":""34149"",""variable"":""data-5_refined"",""item_1"":173}}"
174,Recover 50% of the damage dealt.,heal 50 % of the damage dealt,"{""original"":{""file"":""Cards-2.xml"",""xml_path"":""/project[1]/scenes[1]/scene[1]/variables[1]/variable[4]"",""snap_value_id"":""34126"",""variable"":""Card Descriptions"",""item_1"":174},""refined"":{""file"":""Cards-2.xml"",""xml_path"":""/project[1]/scenes[1]/scene[1]/variables[1]/variable[22]"",""snap_value_id"":""34149"",""variable"":""data-5_refined"",""item_1"":174}}"
175,Clear opponent stat changes on entry. End of enemy turn; Heal by and subtract 20% target's ATK.,clear enemy stat changes on entry; enemy turn end; heal by and subtract 20 % target's atk,"{""original"":{""file"":""Cards-2.xml"",""xml_path"":""/project[1]/scenes[1]/scene[1]/variables[1]/variable[4]"",""snap_value_id"":""34126"",""variable"":""Card Descriptions"",""item_1"":175},""refined"":{""file"":""Cards-2.xml"",""xml_path"":""/project[1]/scenes[1]/scene[1]/variables[1]/variable[22]"",""snap_value_id"":""34149"",""variable"":""data-5_refined"",""item_1"":175}}"
176,Heal 25% HP after being attacked.,heal 25 % hp after attacked,"{""original"":{""file"":""Cards-2.xml"",""xml_path"":""/project[1]/scenes[1]/scene[1]/variables[1]/variable[4]"",""snap_value_id"":""34126"",""variable"":""Card Descriptions"",""item_1"":176},""refined"":{""file"":""Cards-2.xml"",""xml_path"":""/project[1]/scenes[1]/scene[1]/variables[1]/variable[22]"",""snap_value_id"":""34149"",""variable"":""data-5_refined"",""item_1"":176}}"
177,Reflects 25% of ability damage taken (up to 800% of this card's damage).,reflects 25 % of ability damage taken (up to 800 % of self's damage),"{""original"":{""file"":""Cards-2.xml"",""xml_path"":""/project[1]/scenes[1]/scene[1]/variables[1]/variable[4]"",""snap_value_id"":""34126"",""variable"":""Card Descriptions"",""item_1"":177},""refined"":{""file"":""Cards-2.xml"",""xml_path"":""/project[1]/scenes[1]/scene[1]/variables[1]/variable[22]"",""snap_value_id"":""34149"",""variable"":""data-5_refined"",""item_1"":177}}"
178,"Survive for two turns once HP reaches zero. After attacking, poison the target for 15% of their Max HP.","survive for two turns once hp reaches zero; after attack, poison the target for 15 % of their max hp","{""original"":{""file"":""Cards-2.xml"",""xml_path"":""/project[1]/scenes[1]/scene[1]/variables[1]/variable[4]"",""snap_value_id"":""34126"",""variable"":""Card Descriptions"",""item_1"":178},""refined"":{""file"":""Cards-2.xml"",""xml_path"":""/project[1]/scenes[1]/scene[1]/variables[1]/variable[22]"",""snap_value_id"":""34149"",""variable"":""data-5_refined"",""item_1"":178}}"
179,Attacks against enemies below 25% HP will kill.,attacks against enemies below 25 % hp will kill,"{""original"":{""file"":""Cards-2.xml"",""xml_path"":""/project[1]/scenes[1]/scene[1]/variables[1]/variable[4]"",""snap_value_id"":""34126"",""variable"":""Card Descriptions"",""item_1"":179},""refined"":{""file"":""Cards-2.xml"",""xml_path"":""/project[1]/scenes[1]/scene[1]/variables[1]/variable[22]"",""snap_value_id"":""34149"",""variable"":""data-5_refined"",""item_1"":179}}"
180,Attacks on entry. Attacks reduce the target's damage by 30%.,attacks on entry; attacks reduce the target's damage by 10 %,"{""original"":{""file"":""Cards-2.xml"",""xml_path"":""/project[1]/scenes[1]/scene[1]/variables[1]/variable[4]"",""snap_value_id"":""34126"",""variable"":""Card Descriptions"",""item_1"":180},""refined"":{""file"":""Cards-2.xml"",""xml_path"":""/project[1]/scenes[1]/scene[1]/variables[1]/variable[22]"",""snap_value_id"":""34149"",""variable"":""data-5_refined"",""item_1"":180}}"
181,+3 turns. Fades below 50% HP.,+ 3 turns; fades below 50 % hp,"{""original"":{""file"":""Cards-2.xml"",""xml_path"":""/project[1]/scenes[1]/scene[1]/variables[1]/variable[4]"",""snap_value_id"":""34126"",""variable"":""Card Descriptions"",""item_1"":181},""refined"":{""file"":""Cards-2.xml"",""xml_path"":""/project[1]/scenes[1]/scene[1]/variables[1]/variable[22]"",""snap_value_id"":""34149"",""variable"":""data-5_refined"",""item_1"":181}}"
182,Reduce opponent's damage by 40% on entering.,reduce enemy's damage by 40 % on entry,"{""original"":{""file"":""Cards-2.xml"",""xml_path"":""/project[1]/scenes[1]/scene[1]/variables[1]/variable[4]"",""snap_value_id"":""34126"",""variable"":""Card Descriptions"",""item_1"":182},""refined"":{""file"":""Cards-2.xml"",""xml_path"":""/project[1]/scenes[1]/scene[1]/variables[1]/variable[22]"",""snap_value_id"":""34149"",""variable"":""data-5_refined"",""item_1"":182}}"
183,"After attacking, place a Block in front of Steve. Each block absrobs 40% of his Max HP in Damage. Steven can have up to 3 Blocks at once.","after attack, place block in front of self; each block absorbs 40 % self max hp damage; max 3 blocks","{""original"":{""file"":""Cards-2.xml"",""xml_path"":""/project[1]/scenes[1]/scene[1]/variables[1]/variable[4]"",""snap_value_id"":""34126"",""variable"":""Card Descriptions"",""item_1"":183},""refined"":{""file"":""Cards-2.xml"",""xml_path"":""/project[1]/scenes[1]/scene[1]/variables[1]/variable[22]"",""snap_value_id"":""34149"",""variable"":""data-5_refined"",""item_1"":183}}"
184,"Each turn gain 1 Void stack. At 3 Void, consume them to make the next attack deal 100% increased damage and heal 25% Max HP.","each turn gain 1 void stack; at 3 void, consume them to make the next attack deal 100 % increased damage and heal 25 % max hp","{""original"":{""file"":""Cards-2.xml"",""xml_path"":""/project[1]/scenes[1]/scene[1]/variables[1]/variable[4]"",""snap_value_id"":""34126"",""variable"":""Card Descriptions"",""item_1"":184},""refined"":{""file"":""Cards-2.xml"",""xml_path"":""/project[1]/scenes[1]/scene[1]/variables[1]/variable[22]"",""snap_value_id"":""34149"",""variable"":""data-5_refined"",""item_1"":184}}"
185,"Defeating an enemy fully restores HP and permanently increases damage by 50%, stacking with each kill.","defeating an enemy fully restores hp and permanently increases damage by 50 %, stacking with each kill","{""original"":{""file"":""Cards-2.xml"",""xml_path"":""/project[1]/scenes[1]/scene[1]/variables[1]/variable[4]"",""snap_value_id"":""34126"",""variable"":""Card Descriptions"",""item_1"":185},""refined"":{""file"":""Cards-2.xml"",""xml_path"":""/project[1]/scenes[1]/scene[1]/variables[1]/variable[22]"",""snap_value_id"":""34149"",""variable"":""data-5_refined"",""item_1"":185}}"
186,"On Entry, roll the D6 to randomly gain 1-50% Damage, 1-50% Max HP, and 1-30% Damage Reduction for the battle.","on entry, roll the d6 to randomly gain 1 - 50 % damage, 1 - 50 % max hp, and 1 - 30 % damage reduction for battle","{""original"":{""file"":""Cards-2.xml"",""xml_path"":""/project[1]/scenes[1]/scene[1]/variables[1]/variable[4]"",""snap_value_id"":""34126"",""variable"":""Card Descriptions"",""item_1"":186},""refined"":{""file"":""Cards-2.xml"",""xml_path"":""/project[1]/scenes[1]/scene[1]/variables[1]/variable[22]"",""snap_value_id"":""34149"",""variable"":""data-5_refined"",""item_1"":186}}"
187,The first attack against each enemy deals 100% increased Damage and ignores defensive abilities.,the first attack against each enemy deals 100 % increased damage and ignores defense abilities,"{""original"":{""file"":""Cards-2.xml"",""xml_path"":""/project[1]/scenes[1]/scene[1]/variables[1]/variable[4]"",""snap_value_id"":""34126"",""variable"":""Card Descriptions"",""item_1"":187},""refined"":{""file"":""Cards-2.xml"",""xml_path"":""/project[1]/scenes[1]/scene[1]/variables[1]/variable[22]"",""snap_value_id"":""34149"",""variable"":""data-5_refined"",""item_1"":187}}"
188,"For every 1% of Max HP lost, gain 1% increased Damage. Additionally, gain 0.5% Lifesteal for every 1% of Max HP lost.","for every 1 % of max hp lost, gain 1 % increased damage; additionally, gain 0.5 % lifesteal for every 1 % of max hp lost","{""original"":{""file"":""Cards-2.xml"",""xml_path"":""/project[1]/scenes[1]/scene[1]/variables[1]/variable[4]"",""snap_value_id"":""34126"",""variable"":""Card Descriptions"",""item_1"":188},""refined"":{""file"":""Cards-2.xml"",""xml_path"":""/project[1]/scenes[1]/scene[1]/variables[1]/variable[22]"",""snap_value_id"":""34149"",""variable"":""data-5_refined"",""item_1"":188}}"
189,"Attacks restore HP equal to 25% of Damage dealt. Every third attack performs Waterfowl Dance, striking 3 times for 50% Damage each.","attacks restore hp equal to 25 % of damage dealt; every third attack performs waterfowl dance, striking 3 times for 50 % damage each","{""original"":{""file"":""Cards-2.xml"",""xml_path"":""/project[1]/scenes[1]/scene[1]/variables[1]/variable[4]"",""snap_value_id"":""34126"",""variable"":""Card Descriptions"",""item_1"":189},""refined"":{""file"":""Cards-2.xml"",""xml_path"":""/project[1]/scenes[1]/scene[1]/variables[1]/variable[22]"",""snap_value_id"":""34149"",""variable"":""data-5_refined"",""item_1"":189}}"
190,"Before attacking, sacrifice 15% of current HP to gain 30% increased Damage. Defeating an enemy restores 20% of Max HP.","before attack, sacrifice 15 % of current hp to gain 30 % increased damage; defeating an enemy restores 20 % of max hp","{""original"":{""file"":""Cards-2.xml"",""xml_path"":""/project[1]/scenes[1]/scene[1]/variables[1]/variable[4]"",""snap_value_id"":""34126"",""variable"":""Card Descriptions"",""item_1"":190},""refined"":{""file"":""Cards-2.xml"",""xml_path"":""/project[1]/scenes[1]/scene[1]/variables[1]/variable[22]"",""snap_value_id"":""34149"",""variable"":""data-5_refined"",""item_1"":190}}"
191,"The first time NO. 2 would die, her Black Box overloads. She survives at 1 HP and deals damage equal to 50% of her Max HP to the enemy.",first time self would die: black box overloads; survive at 1 hp and deal 50 % self max hp damage to enemy,"{""original"":{""file"":""Cards-2.xml"",""xml_path"":""/project[1]/scenes[1]/scene[1]/variables[1]/variable[4]"",""snap_value_id"":""34126"",""variable"":""Card Descriptions"",""item_1"":191},""refined"":{""file"":""Cards-2.xml"",""xml_path"":""/project[1]/scenes[1]/scene[1]/variables[1]/variable[22]"",""snap_value_id"":""34149"",""variable"":""data-5_refined"",""item_1"":191}}"
192,"While active, Freeze each enemy on their first turn. Deal 100% increased Damage to Frozen enemies.","while active, freeze each enemy on their first turn; deal 100 % increased damage to frozen enemies","{""original"":{""file"":""Cards-2.xml"",""xml_path"":""/project[1]/scenes[1]/scene[1]/variables[1]/variable[4]"",""snap_value_id"":""34126"",""variable"":""Card Descriptions"",""item_1"":192},""refined"":{""file"":""Cards-2.xml"",""xml_path"":""/project[1]/scenes[1]/scene[1]/variables[1]/variable[22]"",""snap_value_id"":""34149"",""variable"":""data-5_refined"",""item_1"":192}}"
193,Deal 75% increased Damage while above the enemy's HP. While below the enemy's HP take 45% reduced Damage instead.,deal 75 % increased damage while above the enemys hp; while below the enemys hp take 45 % reduced damage instead,"{""original"":{""file"":""Cards-2.xml"",""xml_path"":""/project[1]/scenes[1]/scene[1]/variables[1]/variable[4]"",""snap_value_id"":""34126"",""variable"":""Card Descriptions"",""item_1"":193},""refined"":{""file"":""Cards-2.xml"",""xml_path"":""/project[1]/scenes[1]/scene[1]/variables[1]/variable[22]"",""snap_value_id"":""34149"",""variable"":""data-5_refined"",""item_1"":193}}"
194,"30% chance to critically strike, dealing 50% increased Damage. Critical strikes immediately trigger a follow-up attack dealing 50% Damage.","30 % chance to critically strike, dealing 50 % increased damage; critical strikes immediately trigger a follow-up attack dealing 50 % damage","{""original"":{""file"":""Cards-2.xml"",""xml_path"":""/project[1]/scenes[1]/scene[1]/variables[1]/variable[4]"",""snap_value_id"":""34126"",""variable"":""Card Descriptions"",""item_1"":194},""refined"":{""file"":""Cards-2.xml"",""xml_path"":""/project[1]/scenes[1]/scene[1]/variables[1]/variable[22]"",""snap_value_id"":""34149"",""variable"":""data-5_refined"",""item_1"":194}}"
195,"On entry, summon two copies of this card to the back of your deck. Each copy has 35% of this card's Stats.","on entry, summon two copies of self to the back of ally deck; each copy has 35 % of self's stats","{""original"":{""file"":""Cards-2.xml"",""xml_path"":""/project[1]/scenes[1]/scene[1]/variables[1]/variable[4]"",""snap_value_id"":""34126"",""variable"":""Card Descriptions"",""item_1"":195},""refined"":{""file"":""Cards-2.xml"",""xml_path"":""/project[1]/scenes[1]/scene[1]/variables[1]/variable[22]"",""snap_value_id"":""34149"",""variable"":""data-5_refined"",""item_1"":195}}"
196,"While not the active card, gain 10% Damage and Max HP after each allied turn. Max of 300% base","while not the active card, gain 10 % damage and max hp after each allied turn; max of 300 % base","{""original"":{""file"":""Cards-2.xml"",""xml_path"":""/project[1]/scenes[1]/scene[1]/variables[1]/variable[4]"",""snap_value_id"":""34126"",""variable"":""Card Descriptions"",""item_1"":196},""refined"":{""file"":""Cards-2.xml"",""xml_path"":""/project[1]/scenes[1]/scene[1]/variables[1]/variable[22]"",""snap_value_id"":""34149"",""variable"":""data-5_refined"",""item_1"":196}}"
197,On Death Give 25% of stats to the next ally and a 1 turn shield,"on death, give 25 % stats to next ally and 1 turn shield","{""original"":{""file"":""Cards-2.xml"",""xml_path"":""/project[1]/scenes[1]/scene[1]/variables[1]/variable[4]"",""snap_value_id"":""34126"",""variable"":""Card Descriptions"",""item_1"":197},""refined"":{""file"":""Cards-2.xml"",""xml_path"":""/project[1]/scenes[1]/scene[1]/variables[1]/variable[22]"",""snap_value_id"":""34149"",""variable"":""data-5_refined"",""item_1"":197}}"
198,Counter attacks and sets enemy on fire,counterattacks and sets enemy on fire,"{""original"":{""file"":""Cards-2.xml"",""xml_path"":""/project[1]/scenes[1]/scene[1]/variables[1]/variable[4]"",""snap_value_id"":""34126"",""variable"":""Card Descriptions"",""item_1"":198},""refined"":{""file"":""Cards-2.xml"",""xml_path"":""/project[1]/scenes[1]/scene[1]/variables[1]/variable[22]"",""snap_value_id"":""34149"",""variable"":""data-5_refined"",""item_1"":198}}"
199,"Upon entering battle, shuffle the lineup.","on entry, shuffle the lineup","{""original"":{""file"":""Cards-2.xml"",""xml_path"":""/project[1]/scenes[1]/scene[1]/variables[1]/variable[4]"",""snap_value_id"":""34126"",""variable"":""Card Descriptions"",""item_1"":199},""refined"":{""file"":""Cards-2.xml"",""xml_path"":""/project[1]/scenes[1]/scene[1]/variables[1]/variable[22]"",""snap_value_id"":""34149"",""variable"":""data-5_refined"",""item_1"":199}}"
200,Dodge first lethal attack and heal 50% of max hp,dodge first lethal attack and heal 50 % max hp,"{""original"":{""file"":""Cards-2.xml"",""xml_path"":""/project[1]/scenes[1]/scene[1]/variables[1]/variable[4]"",""snap_value_id"":""34126"",""variable"":""Card Descriptions"",""item_1"":200},""refined"":{""file"":""Cards-2.xml"",""xml_path"":""/project[1]/scenes[1]/scene[1]/variables[1]/variable[22]"",""snap_value_id"":""34149"",""variable"":""data-5_refined"",""item_1"":200}}"
201,Gain 20% dodge chance and every hit taken increases the Chance by 10% up to 50%,gain 20 % dodge chance and every hit taken increases the chance by 10 % up to 50 %,"{""original"":{""file"":""Cards-2.xml"",""xml_path"":""/project[1]/scenes[1]/scene[1]/variables[1]/variable[4]"",""snap_value_id"":""34126"",""variable"":""Card Descriptions"",""item_1"":201},""refined"":{""file"":""Cards-2.xml"",""xml_path"":""/project[1]/scenes[1]/scene[1]/variables[1]/variable[22]"",""snap_value_id"":""34149"",""variable"":""data-5_refined"",""item_1"":201}}"
202,"Whenever an enemy is defeated by this card, permanently gain 30% stats of defeated card and immediately attack again.","whenever an enemy is defeated by self, permanently gain 30 % stats of defeated card and immediately extra attack","{""original"":{""file"":""Cards-2.xml"",""xml_path"":""/project[1]/scenes[1]/scene[1]/variables[1]/variable[4]"",""snap_value_id"":""34126"",""variable"":""Card Descriptions"",""item_1"":202},""refined"":{""file"":""Cards-2.xml"",""xml_path"":""/project[1]/scenes[1]/scene[1]/variables[1]/variable[22]"",""snap_value_id"":""34149"",""variable"":""data-5_refined"",""item_1"":202}}"
203,Field ability: Attack alongside active card for 25% dmg,field: attack alongside active card for 25 % damage,"{""original"":{""file"":""Cards-2.xml"",""xml_path"":""/project[1]/scenes[1]/scene[1]/variables[1]/variable[4]"",""snap_value_id"":""34126"",""variable"":""Card Descriptions"",""item_1"":203},""refined"":{""file"":""Cards-2.xml"",""xml_path"":""/project[1]/scenes[1]/scene[1]/variables[1]/variable[22]"",""snap_value_id"":""34149"",""variable"":""data-5_refined"",""item_1"":203}}"
204,"On entry, attack entire enemy team 1-8 times, dealing 10% Damage per hit.","on entry, attack all enemies 1 - 8 times, dealing 10 % damage per hit","{""original"":{""file"":""Cards-2.xml"",""xml_path"":""/project[1]/scenes[1]/scene[1]/variables[1]/variable[4]"",""snap_value_id"":""34126"",""variable"":""Card Descriptions"",""item_1"":204},""refined"":{""file"":""Cards-2.xml"",""xml_path"":""/project[1]/scenes[1]/scene[1]/variables[1]/variable[22]"",""snap_value_id"":""34149"",""variable"":""data-5_refined"",""item_1"":204}}"
205,Steal 10% of enemy's ATK and HP on their entry.,steal 10 % of enemy's atk and hp on their entry,"{""original"":{""file"":""Cards-2.xml"",""xml_path"":""/project[1]/scenes[1]/scene[1]/variables[1]/variable[4]"",""snap_value_id"":""34126"",""variable"":""Card Descriptions"",""item_1"":205},""refined"":{""file"":""Cards-2.xml"",""xml_path"":""/project[1]/scenes[1]/scene[1]/variables[1]/variable[22]"",""snap_value_id"":""34149"",""variable"":""data-5_refined"",""item_1"":205}}"
206,"+50% damage, -30% damage taken. Fades below half HP. Heal and gain damage by 20% after a kill.","+ 50 % damage, - 30 % damage taken; fades below 1 / 2 hp; heal and gain damage by 20 % on kill","{""original"":{""file"":""Cards-2.xml"",""xml_path"":""/project[1]/scenes[1]/scene[1]/variables[1]/variable[4]"",""snap_value_id"":""34126"",""variable"":""Card Descriptions"",""item_1"":206},""refined"":{""file"":""Cards-2.xml"",""xml_path"":""/project[1]/scenes[1]/scene[1]/variables[1]/variable[22]"",""snap_value_id"":""34149"",""variable"":""data-5_refined"",""item_1"":206}}"
207,Heal and gain damage by 20% after a kill.,heal and gain damage by 20 % on kill,"{""original"":{""file"":""Cards-2.xml"",""xml_path"":""/project[1]/scenes[1]/scene[1]/variables[1]/variable[4]"",""snap_value_id"":""34126"",""variable"":""Card Descriptions"",""item_1"":207},""refined"":{""file"":""Cards-2.xml"",""xml_path"":""/project[1]/scenes[1]/scene[1]/variables[1]/variable[22]"",""snap_value_id"":""34149"",""variable"":""data-5_refined"",""item_1"":207}}"
208,Enemey's first 3 attacks drop its ATK by 35%.,enemy's first 3 attacks drop its atk by 35 %,"{""original"":{""file"":""Cards-2.xml"",""xml_path"":""/project[1]/scenes[1]/scene[1]/variables[1]/variable[4]"",""snap_value_id"":""34126"",""variable"":""Card Descriptions"",""item_1"":208},""refined"":{""file"":""Cards-2.xml"",""xml_path"":""/project[1]/scenes[1]/scene[1]/variables[1]/variable[22]"",""snap_value_id"":""34149"",""variable"":""data-5_refined"",""item_1"":208}}"
209,"Recover 200% of ATK as HP each turn, lose 10% ATK.","heal 200 % of atk as hp each turn, lose 10 % atk","{""original"":{""file"":""Cards-2.xml"",""xml_path"":""/project[1]/scenes[1]/scene[1]/variables[1]/variable[4]"",""snap_value_id"":""34126"",""variable"":""Card Descriptions"",""item_1"":209},""refined"":{""file"":""Cards-2.xml"",""xml_path"":""/project[1]/scenes[1]/scene[1]/variables[1]/variable[22]"",""snap_value_id"":""34149"",""variable"":""data-5_refined"",""item_1"":209}}"
210,Counterattack when damaged.,counterattack when damaged,"{""original"":{""file"":""Cards-2.xml"",""xml_path"":""/project[1]/scenes[1]/scene[1]/variables[1]/variable[4]"",""snap_value_id"":""34126"",""variable"":""Card Descriptions"",""item_1"":210},""refined"":{""file"":""Cards-2.xml"",""xml_path"":""/project[1]/scenes[1]/scene[1]/variables[1]/variable[22]"",""snap_value_id"":""34149"",""variable"":""data-5_refined"",""item_1"":210}}"
211,Enemy abilities apply to you instead.,enemy abilities apply to you instead,"{""original"":{""file"":""Cards-2.xml"",""xml_path"":""/project[1]/scenes[1]/scene[1]/variables[1]/variable[4]"",""snap_value_id"":""34126"",""variable"":""Card Descriptions"",""item_1"":211},""refined"":{""file"":""Cards-2.xml"",""xml_path"":""/project[1]/scenes[1]/scene[1]/variables[1]/variable[22]"",""snap_value_id"":""34149"",""variable"":""data-5_refined"",""item_1"":211}}"
212,Steal 15% of enemy stats every turn. Steal opponents ability on the first kill.,steal 15 % of enemy stats each turn; steal enemies ability on the first kill,"{""original"":{""file"":""Cards-2.xml"",""xml_path"":""/project[1]/scenes[1]/scene[1]/variables[1]/variable[4]"",""snap_value_id"":""34126"",""variable"":""Card Descriptions"",""item_1"":212},""refined"":{""file"":""Cards-2.xml"",""xml_path"":""/project[1]/scenes[1]/scene[1]/variables[1]/variable[22]"",""snap_value_id"":""34149"",""variable"":""data-5_refined"",""item_1"":212}}"
213,HP boosted by 100x. When attacked counterattack at 10% damage.,hp boosted by 100 x; when attacked counterattack at 10 % damage,"{""original"":{""file"":""Cards-2.xml"",""xml_path"":""/project[1]/scenes[1]/scene[1]/variables[1]/variable[4]"",""snap_value_id"":""34126"",""variable"":""Card Descriptions"",""item_1"":213},""refined"":{""file"":""Cards-2.xml"",""xml_path"":""/project[1]/scenes[1]/scene[1]/variables[1]/variable[22]"",""snap_value_id"":""34149"",""variable"":""data-5_refined"",""item_1"":213}}"
214,Transform and heal when HP drops below 65%.,transform and heal when hp drops below 65 %,"{""original"":{""file"":""Cards-2.xml"",""xml_path"":""/project[1]/scenes[1]/scene[1]/variables[1]/variable[4]"",""snap_value_id"":""34126"",""variable"":""Card Descriptions"",""item_1"":214},""refined"":{""file"":""Cards-2.xml"",""xml_path"":""/project[1]/scenes[1]/scene[1]/variables[1]/variable[22]"",""snap_value_id"":""34149"",""variable"":""data-5_refined"",""item_1"":214}}"
215,"Buff next card's damage by 400%, but it dies after attacking.","buff next card's damage by 400 %, but it dies after attack","{""original"":{""file"":""Cards-2.xml"",""xml_path"":""/project[1]/scenes[1]/scene[1]/variables[1]/variable[4]"",""snap_value_id"":""34126"",""variable"":""Card Descriptions"",""item_1"":215},""refined"":{""file"":""Cards-2.xml"",""xml_path"":""/project[1]/scenes[1]/scene[1]/variables[1]/variable[22]"",""snap_value_id"":""34149"",""variable"":""data-5_refined"",""item_1"":215}}"
216,Deal 1-5x damage at random.,deal 1 - 5 x damage at random,"{""original"":{""file"":""Cards-2.xml"",""xml_path"":""/project[1]/scenes[1]/scene[1]/variables[1]/variable[4]"",""snap_value_id"":""34126"",""variable"":""Card Descriptions"",""item_1"":216},""refined"":{""file"":""Cards-2.xml"",""xml_path"":""/project[1]/scenes[1]/scene[1]/variables[1]/variable[22]"",""snap_value_id"":""34149"",""variable"":""data-5_refined"",""item_1"":216}}"
217,"+200% damage, -50% damage taken. Fades below 25% HP.","+ 200 % damage, - 50 % damage taken; fades below 25 % hp","{""original"":{""file"":""Cards-2.xml"",""xml_path"":""/project[1]/scenes[1]/scene[1]/variables[1]/variable[4]"",""snap_value_id"":""34126"",""variable"":""Card Descriptions"",""item_1"":217},""refined"":{""file"":""Cards-2.xml"",""xml_path"":""/project[1]/scenes[1]/scene[1]/variables[1]/variable[22]"",""snap_value_id"":""34149"",""variable"":""data-5_refined"",""item_1"":217}}"
218,"Chance to kill based on damage to HP ratio. 50% chance to self-destruct on death, inflicting Max HP as damage.","chance to kill based on damage to hp ratio; 50 % chance to self destruct on death, inflicting max hp as damage","{""original"":{""file"":""Cards-2.xml"",""xml_path"":""/project[1]/scenes[1]/scene[1]/variables[1]/variable[4]"",""snap_value_id"":""34126"",""variable"":""Card Descriptions"",""item_1"":218},""refined"":{""file"":""Cards-2.xml"",""xml_path"":""/project[1]/scenes[1]/scene[1]/variables[1]/variable[22]"",""snap_value_id"":""34149"",""variable"":""data-5_refined"",""item_1"":218}}"
219,Double HP/ATK on entry but lose 15% per turn.,2 x hp/atk on entry but lose 15 % each turn,"{""original"":{""file"":""Cards-2.xml"",""xml_path"":""/project[1]/scenes[1]/scene[1]/variables[1]/variable[4]"",""snap_value_id"":""34126"",""variable"":""Card Descriptions"",""item_1"":219},""refined"":{""file"":""Cards-2.xml"",""xml_path"":""/project[1]/scenes[1]/scene[1]/variables[1]/variable[22]"",""snap_value_id"":""34149"",""variable"":""data-5_refined"",""item_1"":219}}"
220,"40% chance to dodge attacks, increase damage by 20% on dodge.","40 % chance to dodge attacks, increase damage by 20 % on dodge","{""original"":{""file"":""Cards-2.xml"",""xml_path"":""/project[1]/scenes[1]/scene[1]/variables[1]/variable[4]"",""snap_value_id"":""34126"",""variable"":""Card Descriptions"",""item_1"":220},""refined"":{""file"":""Cards-2.xml"",""xml_path"":""/project[1]/scenes[1]/scene[1]/variables[1]/variable[22]"",""snap_value_id"":""34149"",""variable"":""data-5_refined"",""item_1"":220}}"
221,"Attack 3 times at 0.5x, 1x, and 2x damage.","attack 3 times at 0.5 x, 1 x, and 2 x damage","{""original"":{""file"":""Cards-2.xml"",""xml_path"":""/project[1]/scenes[1]/scene[1]/variables[1]/variable[4]"",""snap_value_id"":""34126"",""variable"":""Card Descriptions"",""item_1"":221},""refined"":{""file"":""Cards-2.xml"",""xml_path"":""/project[1]/scenes[1]/scene[1]/variables[1]/variable[22]"",""snap_value_id"":""34149"",""variable"":""data-5_refined"",""item_1"":221}}"
222,Add half stats to next card upon death.,add 1 / 2 stats to next card on death,"{""original"":{""file"":""Cards-2.xml"",""xml_path"":""/project[1]/scenes[1]/scene[1]/variables[1]/variable[4]"",""snap_value_id"":""34126"",""variable"":""Card Descriptions"",""item_1"":222},""refined"":{""file"":""Cards-2.xml"",""xml_path"":""/project[1]/scenes[1]/scene[1]/variables[1]/variable[22]"",""snap_value_id"":""34149"",""variable"":""data-5_refined"",""item_1"":222}}"
223,Deals 100% more damage to younger cards.,deals 100 % more damage to younger cards,"{""original"":{""file"":""Cards-2.xml"",""xml_path"":""/project[1]/scenes[1]/scene[1]/variables[1]/variable[4]"",""snap_value_id"":""34126"",""variable"":""Card Descriptions"",""item_1"":223},""refined"":{""file"":""Cards-2.xml"",""xml_path"":""/project[1]/scenes[1]/scene[1]/variables[1]/variable[22]"",""snap_value_id"":""34149"",""variable"":""data-5_refined"",""item_1"":223}}"
224,"When Piccolo uses its ability to swap with this card, Piccolo gains 1.5x stats.","when piccolo uses its ability to swap with self, piccolo gains 1.5 x stats","{""original"":{""file"":""Cards-2.xml"",""xml_path"":""/project[1]/scenes[1]/scene[1]/variables[1]/variable[4]"",""snap_value_id"":""34126"",""variable"":""Card Descriptions"",""item_1"":224},""refined"":{""file"":""Cards-2.xml"",""xml_path"":""/project[1]/scenes[1]/scene[1]/variables[1]/variable[22]"",""snap_value_id"":""34149"",""variable"":""data-5_refined"",""item_1"":224}}"
225,Dies and transfer stats to 'Dad' cards.,dies and transfer stats to dad cards,"{""original"":{""file"":""Cards-2.xml"",""xml_path"":""/project[1]/scenes[1]/scene[1]/variables[1]/variable[4]"",""snap_value_id"":""34126"",""variable"":""Card Descriptions"",""item_1"":225},""refined"":{""file"":""Cards-2.xml"",""xml_path"":""/project[1]/scenes[1]/scene[1]/variables[1]/variable[22]"",""snap_value_id"":""34149"",""variable"":""data-5_refined"",""item_1"":225}}"
226,Your Max HP gets added to next ally's on death.,self max hp gets added to next ally's on death,"{""original"":{""file"":""Cards-2.xml"",""xml_path"":""/project[1]/scenes[1]/scene[1]/variables[1]/variable[4]"",""snap_value_id"":""34126"",""variable"":""Card Descriptions"",""item_1"":226},""refined"":{""file"":""Cards-2.xml"",""xml_path"":""/project[1]/scenes[1]/scene[1]/variables[1]/variable[22]"",""snap_value_id"":""34149"",""variable"":""data-5_refined"",""item_1"":226}}"
227,Doesn't attack. All damage taken (x1.5) is added to the next card's attack.,does not attack; all damage taken at 1.5 x is added to next card's attack,"{""original"":{""file"":""Cards-2.xml"",""xml_path"":""/project[1]/scenes[1]/scene[1]/variables[1]/variable[4]"",""snap_value_id"":""34126"",""variable"":""Card Descriptions"",""item_1"":227},""refined"":{""file"":""Cards-2.xml"",""xml_path"":""/project[1]/scenes[1]/scene[1]/variables[1]/variable[22]"",""snap_value_id"":""34149"",""variable"":""data-5_refined"",""item_1"":227}}"
228,"Grants allies 40% Evasion, decreasing by 10% per successful evade to 20%. Max 2 per card. Gain 10% of prevented Damage. 200% Cap.","grants allies 40 % evasion, decreasing by 10 % per successful dodge to 20 %; max 2 per card; gain 10 % of prevented damage; 200 % cap","{""original"":{""file"":""Cards-2.xml"",""xml_path"":""/project[1]/scenes[1]/scene[1]/variables[1]/variable[4]"",""snap_value_id"":""34126"",""variable"":""Card Descriptions"",""item_1"":228},""refined"":{""file"":""Cards-2.xml"",""xml_path"":""/project[1]/scenes[1]/scene[1]/variables[1]/variable[22]"",""snap_value_id"":""34149"",""variable"":""data-5_refined"",""item_1"":228}}"
229,Steal 50% of the enemy's stats and recover 30% HP when defeating them.,steal 50 % of the enemy's stats and heal 30 % hp when defeating them,"{""original"":{""file"":""Cards-2.xml"",""xml_path"":""/project[1]/scenes[1]/scene[1]/variables[1]/variable[4]"",""snap_value_id"":""34126"",""variable"":""Card Descriptions"",""item_1"":229},""refined"":{""file"":""Cards-2.xml"",""xml_path"":""/project[1]/scenes[1]/scene[1]/variables[1]/variable[22]"",""snap_value_id"":""34149"",""variable"":""data-5_refined"",""item_1"":229}}"
230,"On death, split into Joy and Sorrow. Each inherits 50% of Max HP and 60% of Damage, entering battle one after another.","on death, split into joy and sorrow; each inherits 50 % of max hp and 60 % of damage, entering battle one after another","{""original"":{""file"":""Cards-2.xml"",""xml_path"":""/project[1]/scenes[1]/scene[1]/variables[1]/variable[4]"",""snap_value_id"":""34126"",""variable"":""Card Descriptions"",""item_1"":230},""refined"":{""file"":""Cards-2.xml"",""xml_path"":""/project[1]/scenes[1]/scene[1]/variables[1]/variable[22]"",""snap_value_id"":""34149"",""variable"":""data-5_refined"",""item_1"":230}}"
231,Doesn't attack. All damage taken (1.25x) is added to your party's attack.,does not attack; all damage taken at 1.25 x is added to ally party attack,"{""original"":{""file"":""Cards-2.xml"",""xml_path"":""/project[1]/scenes[1]/scene[1]/variables[1]/variable[4]"",""snap_value_id"":""34126"",""variable"":""Card Descriptions"",""item_1"":231},""refined"":{""file"":""Cards-2.xml"",""xml_path"":""/project[1]/scenes[1]/scene[1]/variables[1]/variable[22]"",""snap_value_id"":""34149"",""variable"":""data-5_refined"",""item_1"":231}}"
232,Deals 2x Damage. 50% chance to skip opponent's turn.,deals 2 x damage; 50 % chance to skip enemy's turn,"{""original"":{""file"":""Cards-2.xml"",""xml_path"":""/project[1]/scenes[1]/scene[1]/variables[1]/variable[4]"",""snap_value_id"":""34126"",""variable"":""Card Descriptions"",""item_1"":232},""refined"":{""file"":""Cards-2.xml"",""xml_path"":""/project[1]/scenes[1]/scene[1]/variables[1]/variable[22]"",""snap_value_id"":""34149"",""variable"":""data-5_refined"",""item_1"":232}}"
233,Revive an ally with 75% of your stats for each fallen enemy.,revive an ally with 75 % of self stats for each fallen enemy,"{""original"":{""file"":""Cards-2.xml"",""xml_path"":""/project[1]/scenes[1]/scene[1]/variables[1]/variable[4]"",""snap_value_id"":""34126"",""variable"":""Card Descriptions"",""item_1"":233},""refined"":{""file"":""Cards-2.xml"",""xml_path"":""/project[1]/scenes[1]/scene[1]/variables[1]/variable[22]"",""snap_value_id"":""34149"",""variable"":""data-5_refined"",""item_1"":233}}"
234,"If first in deck, ability is 'Safegaurding'; otherwise, 'Mother of Dragons.'","if first in deck, ability is safeguarding; otherwise, mother of dragons","{""original"":{""file"":""Cards-2.xml"",""xml_path"":""/project[1]/scenes[1]/scene[1]/variables[1]/variable[4]"",""snap_value_id"":""34126"",""variable"":""Card Descriptions"",""item_1"":234},""refined"":{""file"":""Cards-2.xml"",""xml_path"":""/project[1]/scenes[1]/scene[1]/variables[1]/variable[22]"",""snap_value_id"":""34149"",""variable"":""data-5_refined"",""item_1"":234}}"
235,"When an enemy sees this card, steal 20% of its stats.","when an enemy sees self, steal 20 % of its stats","{""original"":{""file"":""Cards-2.xml"",""xml_path"":""/project[1]/scenes[1]/scene[1]/variables[1]/variable[4]"",""snap_value_id"":""34126"",""variable"":""Card Descriptions"",""item_1"":235},""refined"":{""file"":""Cards-2.xml"",""xml_path"":""/project[1]/scenes[1]/scene[1]/variables[1]/variable[22]"",""snap_value_id"":""34149"",""variable"":""data-5_refined"",""item_1"":235}}"
236,"Upon entry, steals 5% of all other cards' stats, including allies. Stolen stats decay after 3 turns.","on entry, steals 5 % of all other cards' stats, including allies; stolen stats decay after 3 turns","{""original"":{""file"":""Cards-2.xml"",""xml_path"":""/project[1]/scenes[1]/scene[1]/variables[1]/variable[4]"",""snap_value_id"":""34126"",""variable"":""Card Descriptions"",""item_1"":236},""refined"":{""file"":""Cards-2.xml"",""xml_path"":""/project[1]/scenes[1]/scene[1]/variables[1]/variable[22]"",""snap_value_id"":""34149"",""variable"":""data-5_refined"",""item_1"":236}}"
237,Inflict poison for 2 turns when dealing/receiving damage.,inflict poison for 2 turns when dealing/receiving damage,"{""original"":{""file"":""Cards-2.xml"",""xml_path"":""/project[1]/scenes[1]/scene[1]/variables[1]/variable[4]"",""snap_value_id"":""34126"",""variable"":""Card Descriptions"",""item_1"":237},""refined"":{""file"":""Cards-2.xml"",""xml_path"":""/project[1]/scenes[1]/scene[1]/variables[1]/variable[22]"",""snap_value_id"":""34149"",""variable"":""data-5_refined"",""item_1"":237}}"
238,"Deal 3x damage, take 1/3 damage but lose 10% stats per attack.","deal 3 x damage, take 1 / 3 damage but lose 10 % stats per attack","{""original"":{""file"":""Cards-2.xml"",""xml_path"":""/project[1]/scenes[1]/scene[1]/variables[1]/variable[4]"",""snap_value_id"":""34126"",""variable"":""Card Descriptions"",""item_1"":238},""refined"":{""file"":""Cards-2.xml"",""xml_path"":""/project[1]/scenes[1]/scene[1]/variables[1]/variable[22]"",""snap_value_id"":""34149"",""variable"":""data-5_refined"",""item_1"":238}}"
239,"Enemies you see are inflicted with confusion eternally. When a confused enemy hits themselves, +50% stats.","enemies you see are inflicted with confusion eternally; when a confused enemy hits themselves, + 50 % stats","{""original"":{""file"":""Cards-2.xml"",""xml_path"":""/project[1]/scenes[1]/scene[1]/variables[1]/variable[4]"",""snap_value_id"":""34126"",""variable"":""Card Descriptions"",""item_1"":239},""refined"":{""file"":""Cards-2.xml"",""xml_path"":""/project[1]/scenes[1]/scene[1]/variables[1]/variable[22]"",""snap_value_id"":""34149"",""variable"":""data-5_refined"",""item_1"":239}}"
240,"On entry, permanently link the first 2 enemies. Damage dealt to one is shared with the other.","on entry, permanently link the first 2 enemies; damage dealt to one is shared with the other","{""original"":{""file"":""Cards-2.xml"",""xml_path"":""/project[1]/scenes[1]/scene[1]/variables[1]/variable[4]"",""snap_value_id"":""34126"",""variable"":""Card Descriptions"",""item_1"":240},""refined"":{""file"":""Cards-2.xml"",""xml_path"":""/project[1]/scenes[1]/scene[1]/variables[1]/variable[22]"",""snap_value_id"":""34149"",""variable"":""data-5_refined"",""item_1"":240}}"
241,Opponent loses 25% stats at the start of their turn.,enemy loses 25 % stats enemy turn start,"{""original"":{""file"":""Cards-2.xml"",""xml_path"":""/project[1]/scenes[1]/scene[1]/variables[1]/variable[4]"",""snap_value_id"":""34126"",""variable"":""Card Descriptions"",""item_1"":241},""refined"":{""file"":""Cards-2.xml"",""xml_path"":""/project[1]/scenes[1]/scene[1]/variables[1]/variable[22]"",""snap_value_id"":""34149"",""variable"":""data-5_refined"",""item_1"":241}}"
242,"Gain 100% ATK, then gain the initial boost each turn.","gain 100 % atk, then gain the initial boost each turn","{""original"":{""file"":""Cards-2.xml"",""xml_path"":""/project[1]/scenes[1]/scene[1]/variables[1]/variable[4]"",""snap_value_id"":""34126"",""variable"":""Card Descriptions"",""item_1"":242},""refined"":{""file"":""Cards-2.xml"",""xml_path"":""/project[1]/scenes[1]/scene[1]/variables[1]/variable[22]"",""snap_value_id"":""34149"",""variable"":""data-5_refined"",""item_1"":242}}"
243,Gain 25% ATK for every card in your party.,gain 25 % atk for every card in ally party,"{""original"":{""file"":""Cards-2.xml"",""xml_path"":""/project[1]/scenes[1]/scene[1]/variables[1]/variable[4]"",""snap_value_id"":""34126"",""variable"":""Card Descriptions"",""item_1"":243},""refined"":{""file"":""Cards-2.xml"",""xml_path"":""/project[1]/scenes[1]/scene[1]/variables[1]/variable[22]"",""snap_value_id"":""34149"",""variable"":""data-5_refined"",""item_1"":243}}"
244,Deal 5x damage once.,deal 5 x damage once,"{""original"":{""file"":""Cards-2.xml"",""xml_path"":""/project[1]/scenes[1]/scene[1]/variables[1]/variable[4]"",""snap_value_id"":""34126"",""variable"":""Card Descriptions"",""item_1"":244},""refined"":{""file"":""Cards-2.xml"",""xml_path"":""/project[1]/scenes[1]/scene[1]/variables[1]/variable[22]"",""snap_value_id"":""34149"",""variable"":""data-5_refined"",""item_1"":244}}"
245,Inflicts death based on damage to HP ratio.,inflicts death based on damage to hp ratio,"{""original"":{""file"":""Cards-2.xml"",""xml_path"":""/project[1]/scenes[1]/scene[1]/variables[1]/variable[4]"",""snap_value_id"":""34126"",""variable"":""Card Descriptions"",""item_1"":245},""refined"":{""file"":""Cards-2.xml"",""xml_path"":""/project[1]/scenes[1]/scene[1]/variables[1]/variable[22]"",""snap_value_id"":""34149"",""variable"":""data-5_refined"",""item_1"":245}}"
246,Gain 25% stats for every fallen ally.,gain 25 % stats for every fallen ally,"{""original"":{""file"":""Cards-2.xml"",""xml_path"":""/project[1]/scenes[1]/scene[1]/variables[1]/variable[4]"",""snap_value_id"":""34126"",""variable"":""Card Descriptions"",""item_1"":246},""refined"":{""file"":""Cards-2.xml"",""xml_path"":""/project[1]/scenes[1]/scene[1]/variables[1]/variable[22]"",""snap_value_id"":""34149"",""variable"":""data-5_refined"",""item_1"":246}}"
247,Gain the ability of a fallen ally.,gain the ability of a fallen ally,"{""original"":{""file"":""Cards-2.xml"",""xml_path"":""/project[1]/scenes[1]/scene[1]/variables[1]/variable[4]"",""snap_value_id"":""34126"",""variable"":""Card Descriptions"",""item_1"":247},""refined"":{""file"":""Cards-2.xml"",""xml_path"":""/project[1]/scenes[1]/scene[1]/variables[1]/variable[22]"",""snap_value_id"":""34149"",""variable"":""data-5_refined"",""item_1"":247}}"
248,When this card falls below 30% HP: both it and the enemy are defeated.,when self falls below 30 % hp: both it and the enemy are defeated,"{""original"":{""file"":""Cards-2.xml"",""xml_path"":""/project[1]/scenes[1]/scene[1]/variables[1]/variable[4]"",""snap_value_id"":""34126"",""variable"":""Card Descriptions"",""item_1"":248},""refined"":{""file"":""Cards-2.xml"",""xml_path"":""/project[1]/scenes[1]/scene[1]/variables[1]/variable[22]"",""snap_value_id"":""34149"",""variable"":""data-5_refined"",""item_1"":248}}"
249,When the enemy falls below 30% HP: it is instantly defeated.,when the enemy falls below 30 % hp: it is instantly defeated,"{""original"":{""file"":""Cards-2.xml"",""xml_path"":""/project[1]/scenes[1]/scene[1]/variables[1]/variable[4]"",""snap_value_id"":""34126"",""variable"":""Card Descriptions"",""item_1"":249},""refined"":{""file"":""Cards-2.xml"",""xml_path"":""/project[1]/scenes[1]/scene[1]/variables[1]/variable[22]"",""snap_value_id"":""34149"",""variable"":""data-5_refined"",""item_1"":249}}"
250,"On death, revive your party.","on death, revive ally party","{""original"":{""file"":""Cards-2.xml"",""xml_path"":""/project[1]/scenes[1]/scene[1]/variables[1]/variable[4]"",""snap_value_id"":""34126"",""variable"":""Card Descriptions"",""item_1"":250},""refined"":{""file"":""Cards-2.xml"",""xml_path"":""/project[1]/scenes[1]/scene[1]/variables[1]/variable[22]"",""snap_value_id"":""34149"",""variable"":""data-5_refined"",""item_1"":250}}"
251,"Upon death, inflict 'Frostbite.'","on death, inflict frostbite","{""original"":{""file"":""Cards-2.xml"",""xml_path"":""/project[1]/scenes[1]/scene[1]/variables[1]/variable[4]"",""snap_value_id"":""34126"",""variable"":""Card Descriptions"",""item_1"":251},""refined"":{""file"":""Cards-2.xml"",""xml_path"":""/project[1]/scenes[1]/scene[1]/variables[1]/variable[22]"",""snap_value_id"":""34149"",""variable"":""data-5_refined"",""item_1"":251}}"
252,"On entry, randomly inflict 3-turn 'Frostbite'/'Slow'/'Freeze'","on entry, randomly inflict 3-turn frostbite/slow/freeze","{""original"":{""file"":""Cards-2.xml"",""xml_path"":""/project[1]/scenes[1]/scene[1]/variables[1]/variable[4]"",""snap_value_id"":""34126"",""variable"":""Card Descriptions"",""item_1"":252},""refined"":{""file"":""Cards-2.xml"",""xml_path"":""/project[1]/scenes[1]/scene[1]/variables[1]/variable[22]"",""snap_value_id"":""34149"",""variable"":""data-5_refined"",""item_1"":252}}"
253,Blind target on entry.,blind target on entry,"{""original"":{""file"":""Cards-2.xml"",""xml_path"":""/project[1]/scenes[1]/scene[1]/variables[1]/variable[4]"",""snap_value_id"":""34126"",""variable"":""Card Descriptions"",""item_1"":253},""refined"":{""file"":""Cards-2.xml"",""xml_path"":""/project[1]/scenes[1]/scene[1]/variables[1]/variable[22]"",""snap_value_id"":""34149"",""variable"":""data-5_refined"",""item_1"":253}}"
254,"Dodge every other attack, and when you do, gain 1 more attack.","dodge every other attack, and when you do, gain 1 more attack","{""original"":{""file"":""Cards-2.xml"",""xml_path"":""/project[1]/scenes[1]/scene[1]/variables[1]/variable[4]"",""snap_value_id"":""34126"",""variable"":""Card Descriptions"",""item_1"":254},""refined"":{""file"":""Cards-2.xml"",""xml_path"":""/project[1]/scenes[1]/scene[1]/variables[1]/variable[22]"",""snap_value_id"":""34149"",""variable"":""data-5_refined"",""item_1"":254}}"
255,Attacker takes damage equal to 1/2 your attack.,attacker takes damage equal to 1 / 2 your attack,"{""original"":{""file"":""Cards-2.xml"",""xml_path"":""/project[1]/scenes[1]/scene[1]/variables[1]/variable[4]"",""snap_value_id"":""34126"",""variable"":""Card Descriptions"",""item_1"":255},""refined"":{""file"":""Cards-2.xml"",""xml_path"":""/project[1]/scenes[1]/scene[1]/variables[1]/variable[22]"",""snap_value_id"":""34149"",""variable"":""data-5_refined"",""item_1"":255}}"
256,Steal 20% of enemy stats upon being attacked.,steal 20 % of enemy stats upon being attacked,"{""original"":{""file"":""Cards-2.xml"",""xml_path"":""/project[1]/scenes[1]/scene[1]/variables[1]/variable[4]"",""snap_value_id"":""34126"",""variable"":""Card Descriptions"",""item_1"":256},""refined"":{""file"":""Cards-2.xml"",""xml_path"":""/project[1]/scenes[1]/scene[1]/variables[1]/variable[22]"",""snap_value_id"":""34149"",""variable"":""data-5_refined"",""item_1"":256}}"
257,Slow target on entry. Attacks inflict 'Bleed.' Attacks twice.,slow target on entry; attacks inflict bleed; attacks twice,"{""original"":{""file"":""Cards-2.xml"",""xml_path"":""/project[1]/scenes[1]/scene[1]/variables[1]/variable[4]"",""snap_value_id"":""34126"",""variable"":""Card Descriptions"",""item_1"":257},""refined"":{""file"":""Cards-2.xml"",""xml_path"":""/project[1]/scenes[1]/scene[1]/variables[1]/variable[22]"",""snap_value_id"":""34149"",""variable"":""data-5_refined"",""item_1"":257}}"
258,"Every other turn, freeze this card. This card cannot take damage that turn.","every other turn, freeze self; self cannot take damage that turn","{""original"":{""file"":""Cards-2.xml"",""xml_path"":""/project[1]/scenes[1]/scene[1]/variables[1]/variable[4]"",""snap_value_id"":""34126"",""variable"":""Card Descriptions"",""item_1"":258},""refined"":{""file"":""Cards-2.xml"",""xml_path"":""/project[1]/scenes[1]/scene[1]/variables[1]/variable[22]"",""snap_value_id"":""34149"",""variable"":""data-5_refined"",""item_1"":258}}"
259,"On death, double stats of next card and freeze it for 2 turns.","on death, 2 x stats of next card and freeze it for 2 turns","{""original"":{""file"":""Cards-2.xml"",""xml_path"":""/project[1]/scenes[1]/scene[1]/variables[1]/variable[4]"",""snap_value_id"":""34126"",""variable"":""Card Descriptions"",""item_1"":259},""refined"":{""file"":""Cards-2.xml"",""xml_path"":""/project[1]/scenes[1]/scene[1]/variables[1]/variable[22]"",""snap_value_id"":""34149"",""variable"":""data-5_refined"",""item_1"":259}}"
260,Deal 4x damage with an 80% chance. Heal the enemy 50% otherwise.,deal 4 x damage with an 80 % chance; heal the enemy 50 % otherwise,"{""original"":{""file"":""Cards-2.xml"",""xml_path"":""/project[1]/scenes[1]/scene[1]/variables[1]/variable[4]"",""snap_value_id"":""34126"",""variable"":""Card Descriptions"",""item_1"":260},""refined"":{""file"":""Cards-2.xml"",""xml_path"":""/project[1]/scenes[1]/scene[1]/variables[1]/variable[22]"",""snap_value_id"":""34149"",""variable"":""data-5_refined"",""item_1"":260}}"
261,"On entry, attack doubles.","on entry, attack doubles","{""original"":{""file"":""Cards-2.xml"",""xml_path"":""/project[1]/scenes[1]/scene[1]/variables[1]/variable[4]"",""snap_value_id"":""34126"",""variable"":""Card Descriptions"",""item_1"":261},""refined"":{""file"":""Cards-2.xml"",""xml_path"":""/project[1]/scenes[1]/scene[1]/variables[1]/variable[22]"",""snap_value_id"":""34149"",""variable"":""data-5_refined"",""item_1"":261}}"
262,"On entry, gain 3 attacks. Dealing 1/3 damage.","on entry, gain 3 attacks; dealing 1 / 3 damage","{""original"":{""file"":""Cards-2.xml"",""xml_path"":""/project[1]/scenes[1]/scene[1]/variables[1]/variable[4]"",""snap_value_id"":""34126"",""variable"":""Card Descriptions"",""item_1"":262},""refined"":{""file"":""Cards-2.xml"",""xml_path"":""/project[1]/scenes[1]/scene[1]/variables[1]/variable[22]"",""snap_value_id"":""34149"",""variable"":""data-5_refined"",""item_1"":262}}"
263,Inflict confusion for 2 turns on entry.,inflict confusion for 2 turns on entry,"{""original"":{""file"":""Cards-2.xml"",""xml_path"":""/project[1]/scenes[1]/scene[1]/variables[1]/variable[4]"",""snap_value_id"":""34126"",""variable"":""Card Descriptions"",""item_1"":263},""refined"":{""file"":""Cards-2.xml"",""xml_path"":""/project[1]/scenes[1]/scene[1]/variables[1]/variable[22]"",""snap_value_id"":""34149"",""variable"":""data-5_refined"",""item_1"":263}}"
264,Damage can't exceed 1/2 Max HP.,damage cannot exceed 1 / 2 max hp,"{""original"":{""file"":""Cards-2.xml"",""xml_path"":""/project[1]/scenes[1]/scene[1]/variables[1]/variable[4]"",""snap_value_id"":""34126"",""variable"":""Card Descriptions"",""item_1"":264},""refined"":{""file"":""Cards-2.xml"",""xml_path"":""/project[1]/scenes[1]/scene[1]/variables[1]/variable[22]"",""snap_value_id"":""34149"",""variable"":""data-5_refined"",""item_1"":264}}"
265,"On entry, every living ally gains 50% stats, but loses 10% stats every turn they're in play.","on entry, every living ally gains 50 % stats, but loses 10 % stats each turn they're in play","{""original"":{""file"":""Cards-2.xml"",""xml_path"":""/project[1]/scenes[1]/scene[1]/variables[1]/variable[4]"",""snap_value_id"":""34126"",""variable"":""Card Descriptions"",""item_1"":265},""refined"":{""file"":""Cards-2.xml"",""xml_path"":""/project[1]/scenes[1]/scene[1]/variables[1]/variable[22]"",""snap_value_id"":""34149"",""variable"":""data-5_refined"",""item_1"":265}}"
266,Heal and boost ATK by 25% of damage dealt.,heal and boost atk by 25 % of damage dealt,"{""original"":{""file"":""Cards-2.xml"",""xml_path"":""/project[1]/scenes[1]/scene[1]/variables[1]/variable[4]"",""snap_value_id"":""34126"",""variable"":""Card Descriptions"",""item_1"":266},""refined"":{""file"":""Cards-2.xml"",""xml_path"":""/project[1]/scenes[1]/scene[1]/variables[1]/variable[22]"",""snap_value_id"":""34149"",""variable"":""data-5_refined"",""item_1"":266}}"
267,Stun attacker when HP drops below half.,stun attacker when hp drops below half,"{""original"":{""file"":""Cards-2.xml"",""xml_path"":""/project[1]/scenes[1]/scene[1]/variables[1]/variable[4]"",""snap_value_id"":""34126"",""variable"":""Card Descriptions"",""item_1"":267},""refined"":{""file"":""Cards-2.xml"",""xml_path"":""/project[1]/scenes[1]/scene[1]/variables[1]/variable[22]"",""snap_value_id"":""34149"",""variable"":""data-5_refined"",""item_1"":267}}"
268,Chance to steal 50% ATK on entry.,chance to steal 50 % atk on entry,"{""original"":{""file"":""Cards-2.xml"",""xml_path"":""/project[1]/scenes[1]/scene[1]/variables[1]/variable[4]"",""snap_value_id"":""34126"",""variable"":""Card Descriptions"",""item_1"":268},""refined"":{""file"":""Cards-2.xml"",""xml_path"":""/project[1]/scenes[1]/scene[1]/variables[1]/variable[22]"",""snap_value_id"":""34149"",""variable"":""data-5_refined"",""item_1"":268}}"
269,Inflict confusion to bird cards for 3 turns when you encounter one.,inflict confusion to bird cards for 3 turns when you encounter one,"{""original"":{""file"":""Cards-2.xml"",""xml_path"":""/project[1]/scenes[1]/scene[1]/variables[1]/variable[4]"",""snap_value_id"":""34126"",""variable"":""Card Descriptions"",""item_1"":269},""refined"":{""file"":""Cards-2.xml"",""xml_path"":""/project[1]/scenes[1]/scene[1]/variables[1]/variable[22]"",""snap_value_id"":""34149"",""variable"":""data-5_refined"",""item_1"":269}}"
270,50% chance to return when an ally dies.,50 % chance to return when an ally dies,"{""original"":{""file"":""Cards-2.xml"",""xml_path"":""/project[1]/scenes[1]/scene[1]/variables[1]/variable[4]"",""snap_value_id"":""34126"",""variable"":""Card Descriptions"",""item_1"":270},""refined"":{""file"":""Cards-2.xml"",""xml_path"":""/project[1]/scenes[1]/scene[1]/variables[1]/variable[22]"",""snap_value_id"":""34149"",""variable"":""data-5_refined"",""item_1"":270}}"
271,Reduce enemy's Max HP by damage dealt.,reduce enemy's max hp by damage dealt,"{""original"":{""file"":""Cards-2.xml"",""xml_path"":""/project[1]/scenes[1]/scene[1]/variables[1]/variable[4]"",""snap_value_id"":""34126"",""variable"":""Card Descriptions"",""item_1"":271},""refined"":{""file"":""Cards-2.xml"",""xml_path"":""/project[1]/scenes[1]/scene[1]/variables[1]/variable[22]"",""snap_value_id"":""34149"",""variable"":""data-5_refined"",""item_1"":271}}"
272,Add a Frankenstein with your stats to your deck after a kill.,add a frankenstein with self stats to ally deck on kill,"{""original"":{""file"":""Cards-2.xml"",""xml_path"":""/project[1]/scenes[1]/scene[1]/variables[1]/variable[4]"",""snap_value_id"":""34126"",""variable"":""Card Descriptions"",""item_1"":272},""refined"":{""file"":""Cards-2.xml"",""xml_path"":""/project[1]/scenes[1]/scene[1]/variables[1]/variable[22]"",""snap_value_id"":""34149"",""variable"":""data-5_refined"",""item_1"":272}}"
273,"Swap 2 random enemies' stats/positions, reducing stats by 15% per swap.","swap 2 random enemies' stats/positions, reducing stats by 15 % per swap","{""original"":{""file"":""Cards-2.xml"",""xml_path"":""/project[1]/scenes[1]/scene[1]/variables[1]/variable[4]"",""snap_value_id"":""34126"",""variable"":""Card Descriptions"",""item_1"":273},""refined"":{""file"":""Cards-2.xml"",""xml_path"":""/project[1]/scenes[1]/scene[1]/variables[1]/variable[22]"",""snap_value_id"":""34149"",""variable"":""data-5_refined"",""item_1"":273}}"
274,Attacks inflict Poison and Weakness (enemy takes 30% more damage).,attacks inflict poison and weakness (enemy takes 30 % more damage),"{""original"":{""file"":""Cards-2.xml"",""xml_path"":""/project[1]/scenes[1]/scene[1]/variables[1]/variable[4]"",""snap_value_id"":""34126"",""variable"":""Card Descriptions"",""item_1"":274},""refined"":{""file"":""Cards-2.xml"",""xml_path"":""/project[1]/scenes[1]/scene[1]/variables[1]/variable[22]"",""snap_value_id"":""34149"",""variable"":""data-5_refined"",""item_1"":274}}"
275,Attacks inflict bleed. Heals 50% when below half health only once.,attacks inflict bleed; heals 50 % when below 1 / 2 hp only once,"{""original"":{""file"":""Cards-2.xml"",""xml_path"":""/project[1]/scenes[1]/scene[1]/variables[1]/variable[4]"",""snap_value_id"":""34126"",""variable"":""Card Descriptions"",""item_1"":275},""refined"":{""file"":""Cards-2.xml"",""xml_path"":""/project[1]/scenes[1]/scene[1]/variables[1]/variable[22]"",""snap_value_id"":""34149"",""variable"":""data-5_refined"",""item_1"":275}}"
276,"Hex target, making RNG abilities fail.","hex target, making rng abilities fail","{""original"":{""file"":""Cards-2.xml"",""xml_path"":""/project[1]/scenes[1]/scene[1]/variables[1]/variable[4]"",""snap_value_id"":""34126"",""variable"":""Card Descriptions"",""item_1"":276},""refined"":{""file"":""Cards-2.xml"",""xml_path"":""/project[1]/scenes[1]/scene[1]/variables[1]/variable[22]"",""snap_value_id"":""34149"",""variable"":""data-5_refined"",""item_1"":276}}"
277,Enemy that kills this card loses 25% health every turn.,enemy that kills self loses 25 % hp each turn,"{""original"":{""file"":""Cards-2.xml"",""xml_path"":""/project[1]/scenes[1]/scene[1]/variables[1]/variable[4]"",""snap_value_id"":""34126"",""variable"":""Card Descriptions"",""item_1"":277},""refined"":{""file"":""Cards-2.xml"",""xml_path"":""/project[1]/scenes[1]/scene[1]/variables[1]/variable[22]"",""snap_value_id"":""34149"",""variable"":""data-5_refined"",""item_1"":277}}"
278,Survive 1 turn when dead. While dead: gain a turn of lifespan kill.,survive 1 turn when dead; while dead: gain a turn of lifespan kill,"{""original"":{""file"":""Cards-2.xml"",""xml_path"":""/project[1]/scenes[1]/scene[1]/variables[1]/variable[4]"",""snap_value_id"":""34126"",""variable"":""Card Descriptions"",""item_1"":278},""refined"":{""file"":""Cards-2.xml"",""xml_path"":""/project[1]/scenes[1]/scene[1]/variables[1]/variable[22]"",""snap_value_id"":""34149"",""variable"":""data-5_refined"",""item_1"":278}}"
279,Reduce enemy stats by 35% of yours on entry.,reduce enemy stats by 35 % of yours on entry,"{""original"":{""file"":""Cards-2.xml"",""xml_path"":""/project[1]/scenes[1]/scene[1]/variables[1]/variable[4]"",""snap_value_id"":""34126"",""variable"":""Card Descriptions"",""item_1"":279},""refined"":{""file"":""Cards-2.xml"",""xml_path"":""/project[1]/scenes[1]/scene[1]/variables[1]/variable[22]"",""snap_value_id"":""34149"",""variable"":""data-5_refined"",""item_1"":279}}"
280,Every turn steal 25% of the enemy's health before attacking.,each turn steal 25 % of the enemy's hp before attack,"{""original"":{""file"":""Cards-2.xml"",""xml_path"":""/project[1]/scenes[1]/scene[1]/variables[1]/variable[4]"",""snap_value_id"":""34126"",""variable"":""Card Descriptions"",""item_1"":280},""refined"":{""file"":""Cards-2.xml"",""xml_path"":""/project[1]/scenes[1]/scene[1]/variables[1]/variable[22]"",""snap_value_id"":""34149"",""variable"":""data-5_refined"",""item_1"":280}}"
281,Field Effect: At the start of any ally's turn 10% chance to confuse target. Goes up 10% each turn.,field: at the start of any ally's turn 10 % chance to confuse target; goes up 10 % each turn,"{""original"":{""file"":""Cards-2.xml"",""xml_path"":""/project[1]/scenes[1]/scene[1]/variables[1]/variable[4]"",""snap_value_id"":""34126"",""variable"":""Card Descriptions"",""item_1"":281},""refined"":{""file"":""Cards-2.xml"",""xml_path"":""/project[1]/scenes[1]/scene[1]/variables[1]/variable[22]"",""snap_value_id"":""34149"",""variable"":""data-5_refined"",""item_1"":281}}"
282,Gain an extra turn. Heal 10% each turn.,gain an extra turn; heal 10 % each turn,"{""original"":{""file"":""Cards-2.xml"",""xml_path"":""/project[1]/scenes[1]/scene[1]/variables[1]/variable[4]"",""snap_value_id"":""34126"",""variable"":""Card Descriptions"",""item_1"":282},""refined"":{""file"":""Cards-2.xml"",""xml_path"":""/project[1]/scenes[1]/scene[1]/variables[1]/variable[22]"",""snap_value_id"":""34149"",""variable"":""data-5_refined"",""item_1"":282}}"
283,"After attacking, switch places with a random ally.","after attack, switch places with a random ally","{""original"":{""file"":""Cards-2.xml"",""xml_path"":""/project[1]/scenes[1]/scene[1]/variables[1]/variable[4]"",""snap_value_id"":""34126"",""variable"":""Card Descriptions"",""item_1"":283},""refined"":{""file"":""Cards-2.xml"",""xml_path"":""/project[1]/scenes[1]/scene[1]/variables[1]/variable[22]"",""snap_value_id"":""34149"",""variable"":""data-5_refined"",""item_1"":283}}"
284,Steals the ability of the first card it attacks.,steals the ability of the first card it attacks,"{""original"":{""file"":""Cards-2.xml"",""xml_path"":""/project[1]/scenes[1]/scene[1]/variables[1]/variable[4]"",""snap_value_id"":""34126"",""variable"":""Card Descriptions"",""item_1"":284},""refined"":{""file"":""Cards-2.xml"",""xml_path"":""/project[1]/scenes[1]/scene[1]/variables[1]/variable[22]"",""snap_value_id"":""34149"",""variable"":""data-5_refined"",""item_1"":284}}"
285,"4x stats on entry, fades below half health.","4 x stats on entry, fades below 1 / 2 hp","{""original"":{""file"":""Cards-2.xml"",""xml_path"":""/project[1]/scenes[1]/scene[1]/variables[1]/variable[4]"",""snap_value_id"":""34126"",""variable"":""Card Descriptions"",""item_1"":285},""refined"":{""file"":""Cards-2.xml"",""xml_path"":""/project[1]/scenes[1]/scene[1]/variables[1]/variable[22]"",""snap_value_id"":""34149"",""variable"":""data-5_refined"",""item_1"":285}}"
286,"On entry, the enemy is stunned in 3 turns, both active cards die.","on entry, the enemy is stunned; in 3 turns, both active cards die","{""original"":{""file"":""Cards-2.xml"",""xml_path"":""/project[1]/scenes[1]/scene[1]/variables[1]/variable[4]"",""snap_value_id"":""34126"",""variable"":""Card Descriptions"",""item_1"":286},""refined"":{""file"":""Cards-2.xml"",""xml_path"":""/project[1]/scenes[1]/scene[1]/variables[1]/variable[22]"",""snap_value_id"":""34149"",""variable"":""data-5_refined"",""item_1"":286}}"
287,Survives lethal attacks twice. Attack resets to normal if it has been lowered.,survives lethal attacks twice; attack resets to normal if it has been lowered,"{""original"":{""file"":""Cards-2.xml"",""xml_path"":""/project[1]/scenes[1]/scene[1]/variables[1]/variable[4]"",""snap_value_id"":""34126"",""variable"":""Card Descriptions"",""item_1"":287},""refined"":{""file"":""Cards-2.xml"",""xml_path"":""/project[1]/scenes[1]/scene[1]/variables[1]/variable[22]"",""snap_value_id"":""34149"",""variable"":""data-5_refined"",""item_1"":287}}"
288,Attack 8 times at half the damage.,attack 8 times at half the damage,"{""original"":{""file"":""Cards-2.xml"",""xml_path"":""/project[1]/scenes[1]/scene[1]/variables[1]/variable[4]"",""snap_value_id"":""34126"",""variable"":""Card Descriptions"",""item_1"":288},""refined"":{""file"":""Cards-2.xml"",""xml_path"":""/project[1]/scenes[1]/scene[1]/variables[1]/variable[22]"",""snap_value_id"":""34149"",""variable"":""data-5_refined"",""item_1"":288}}"
289,"Every turn, becomes a different card.","each turn, becomes a different card","{""original"":{""file"":""Cards-2.xml"",""xml_path"":""/project[1]/scenes[1]/scene[1]/variables[1]/variable[4]"",""snap_value_id"":""34126"",""variable"":""Card Descriptions"",""item_1"":289},""refined"":{""file"":""Cards-2.xml"",""xml_path"":""/project[1]/scenes[1]/scene[1]/variables[1]/variable[22]"",""snap_value_id"":""34149"",""variable"":""data-5_refined"",""item_1"":289}}"
