handler_id,card_index_0,card_row_1,clause_order,phase_order,phase,trigger,effects_ordered,targets,parameters_json,condition,transition,repeat_rule,confidence,review_reason,raw_clause,full_description,source_full_description,card_id,parameters,verification_status,source
0,0,1,0,0,CONTINUOUS,PASSIVE,RANDOM_ROLL > DODGE,,"{""probability"":0.1,""percent_values"":[10.0]}",,CONTINUE,,MEDIUM,,10 % chance to dodge attacks,10 % chance to dodge attacks,10 % chance to dodge attacks,1,"{""probability"":0.1,""percent_values"":[10.0]}",unverified,"{""file"":""Cards-2.xml"",""xml_path"":""/project[1]/scenes[1]/scene[1]/variables[1]/variable[25]"",""snap_value_id"":""34441"",""variable"":""card_simulator_phase_registry"",""item_1"":2}"
1,1,2,0,0,CONTINUOUS,PASSIVE,HP_LOSS,,"{""percent_values"":[10.0]}",,CONTINUE,,MEDIUM,,deduct 10 % max hp from damage,deduct 10 % max hp from damage,deduct 10 % max hp from damage,2,"{""percent_values"":[10.0]}",unverified,"{""file"":""Cards-2.xml"",""xml_path"":""/project[1]/scenes[1]/scene[1]/variables[1]/variable[25]"",""snap_value_id"":""34441"",""variable"":""card_simulator_phase_registry"",""item_1"":3}"
2,2,3,0,10,ENTRY,ON_ENTRY,MODIFY_DAMAGE,ENEMY_ACTIVE,"{""percent_values"":[15.0]}",,CONTINUE,,HIGH,,reduce enemy's damage by 15 % on entry,reduce enemy's damage by 15 % on entry,reduce enemy's damage by 15 % on entry,3,"{""percent_values"":[15.0]}",unverified,"{""file"":""Cards-2.xml"",""xml_path"":""/project[1]/scenes[1]/scene[1]/variables[1]/variable[25]"",""snap_value_id"":""34441"",""variable"":""card_simulator_phase_registry"",""item_1"":4}"
3,3,4,0,10,ENTRY,ON_ENTRY,REVEAL_HAND,ENEMY_ACTIVE,{},,CONTINUE,,HIGH,,reveal enemy's hand on entry,reveal enemy's hand on entry,reveal enemy's hand on entry,4,{},unverified,"{""file"":""Cards-2.xml"",""xml_path"":""/project[1]/scenes[1]/scene[1]/variables[1]/variable[25]"",""snap_value_id"":""34441"",""variable"":""card_simulator_phase_registry"",""item_1"":5}"
4,4,5,0,60,DAMAGE_CALC,MODIFY_INCOMING_DAMAGE,SPECIAL,,"{""multipliers"":[2.0]}",,CONTINUE,,REVIEW,no reusable primitive confidently identified,damage taken is 2 x,damage taken is 2 x,damage taken is 2 x,5,"{""multipliers"":[2.0]}",unverified,"{""file"":""Cards-2.xml"",""xml_path"":""/project[1]/scenes[1]/scene[1]/variables[1]/variable[25]"",""snap_value_id"":""34441"",""variable"":""card_simulator_phase_registry"",""item_1"":6}"
5,5,6,0,110,LETHAL_REPLACEMENT,ON_LETHAL,BLOCK > ATTACK,,{},,CONTINUE,,HIGH,,block first nonlethal hit,block first nonlethal hit,block first nonlethal hit,6,{},unverified,"{""file"":""Cards-2.xml"",""xml_path"":""/project[1]/scenes[1]/scene[1]/variables[1]/variable[25]"",""snap_value_id"":""34441"",""variable"":""card_simulator_phase_registry"",""item_1"":7}"
6,6,7,0,100,AFTER_ATTACK,AFTER_ATTACK,HEAL > ATTACK,,"{""percent_values"":[20.0]}",,CONTINUE,,HIGH,,heal 20 % hp after attack,heal 20 % hp after attack,heal 20 % hp after attack,7,"{""percent_values"":[20.0]}",unverified,"{""file"":""Cards-2.xml"",""xml_path"":""/project[1]/scenes[1]/scene[1]/variables[1]/variable[25]"",""snap_value_id"":""34441"",""variable"":""card_simulator_phase_registry"",""item_1"":8}"
7,7,8,0,0,CONTINUOUS,WHILE_ACTIVE,FIELD_EFFECT > MODIFY_DAMAGE,ALL_ALLIES,"{""percent_values"":[10.0]}",,CONTINUE,,HIGH,,field: boost all cards' damage by 10 %,field: boost all cards' damage by 10 %,field: boost all cards' damage by 10 %,8,"{""percent_values"":[10.0]}",unverified,"{""file"":""Cards-2.xml"",""xml_path"":""/project[1]/scenes[1]/scene[1]/variables[1]/variable[25]"",""snap_value_id"":""34441"",""variable"":""card_simulator_phase_registry"",""item_1"":9}"
8,8,9,0,50,PRE_HIT,ON_INCOMING_ATTACK,DODGE,,"{""percent_values"":[30.0],""hp_threshold_percent"":[30.0]}",under 30 % of max hp,CONTINUE,,HIGH,,dodge attacks under 30 % of max hp,dodge attacks under 30 % of max hp,dodge attacks under 30 % of max hp,9,"{""percent_values"":[30.0],""hp_threshold_percent"":[30.0]}",unverified,"{""file"":""Cards-2.xml"",""xml_path"":""/project[1]/scenes[1]/scene[1]/variables[1]/variable[25]"",""snap_value_id"":""34441"",""variable"":""card_simulator_phase_registry"",""item_1"":10}"
9,9,10,0,110,LETHAL_REPLACEMENT,ON_LETHAL,SURVIVE > ATTACK,,{},,CONTINUE,,HIGH,,survives lethal attack with 1 hp,survives lethal attack with 1 hp,survives lethal attack with 1 hp,10,{},unverified,"{""file"":""Cards-2.xml"",""xml_path"":""/project[1]/scenes[1]/scene[1]/variables[1]/variable[25]"",""snap_value_id"":""34441"",""variable"":""card_simulator_phase_registry"",""item_1"":11}"
10,10,11,0,90,POST_DAMAGE_TAKEN,ON_DAMAGE_TAKEN,MODIFY_DAMAGE,,"{""percent_values"":[25.0]}",,CONTINUE,,HIGH,,increase damage by 25 % each time attacked,increase damage by 25 % each time attacked,increase damage by 25 % each time attacked,11,"{""percent_values"":[25.0]}",unverified,"{""file"":""Cards-2.xml"",""xml_path"":""/project[1]/scenes[1]/scene[1]/variables[1]/variable[25]"",""snap_value_id"":""34441"",""variable"":""card_simulator_phase_registry"",""item_1"":12}"
11,11,12,0,0,CONTINUOUS,PASSIVE,SPECIAL,,"{""multipliers"":[2.0]}",,CONTINUE,,REVIEW,no reusable primitive confidently identified,2 x damage to undead,2 x damage to undead,2 x damage to undead,12,"{""multipliers"":[2.0]}",unverified,"{""file"":""Cards-2.xml"",""xml_path"":""/project[1]/scenes[1]/scene[1]/variables[1]/variable[25]"",""snap_value_id"":""34441"",""variable"":""card_simulator_phase_registry"",""item_1"":13}"
12,12,13,0,0,CONTINUOUS,PASSIVE,SPECIAL,,{},,CONTINUE,,REVIEW,no reusable primitive confidently identified,attacker loses hp equal to damage dealt,attacker loses hp equal to damage dealt,attacker loses hp equal to damage dealt,13,{},unverified,"{""file"":""Cards-2.xml"",""xml_path"":""/project[1]/scenes[1]/scene[1]/variables[1]/variable[25]"",""snap_value_id"":""34441"",""variable"":""card_simulator_phase_registry"",""item_1"":14}"
13,13,14,0,10,ENTRY,ON_ENTRY,ATTACK,,{},,CONTINUE,,HIGH,,half-damage attack on entry,half-damage attack on entry,half-damage attack on entry,14,{},unverified,"{""file"":""Cards-2.xml"",""xml_path"":""/project[1]/scenes[1]/scene[1]/variables[1]/variable[25]"",""snap_value_id"":""34441"",""variable"":""card_simulator_phase_registry"",""item_1"":15}"
14,14,15,0,0,CONTINUOUS,PASSIVE,RANDOM_ROLL > SKIP_TURN,ENEMY_ACTIVE,"{""probability"":0.3,""percent_values"":[30.0]}",,TURN_CONTROL,,MEDIUM,,30 % chance to skip enemy's turn,30 % chance to skip enemy's turn,30 % chance to skip enemy's turn,15,"{""probability"":0.3,""percent_values"":[30.0]}",unverified,"{""file"":""Cards-2.xml"",""xml_path"":""/project[1]/scenes[1]/scene[1]/variables[1]/variable[25]"",""snap_value_id"":""34441"",""variable"":""card_simulator_phase_registry"",""item_1"":16}"
15,15,16,0,0,CONTINUOUS,HP_THRESHOLD,EXTRA_TURN > MODIFY_STAT,,"{""percent_values"":[50.0],""duration_turns"":[2]}",if hp drops below 50 % | below 50 %,TURN_CONTROL,,HIGH,,gain 2 turns if hp drops below 50 %,gain 2 turns if hp drops below 50 %,gain 2 turns if hp drops below 50 %,16,"{""percent_values"":[50.0],""duration_turns"":[2]}",unverified,"{""file"":""Cards-2.xml"",""xml_path"":""/project[1]/scenes[1]/scene[1]/variables[1]/variable[25]"",""snap_value_id"":""34441"",""variable"":""card_simulator_phase_registry"",""item_1"":17}"
16,16,17,0,130,ON_KILL,ON_KILL,STEAL_STAT,,"{""percent_values"":[30.0]}",,CONTINUE,,HIGH,,steal 30 % hp and atk on kill,steal 30 % hp and atk on kill,steal 30 % hp and atk on kill,17,"{""percent_values"":[30.0]}",unverified,"{""file"":""Cards-2.xml"",""xml_path"":""/project[1]/scenes[1]/scene[1]/variables[1]/variable[25]"",""snap_value_id"":""34441"",""variable"":""card_simulator_phase_registry"",""item_1"":18}"
17,17,18,0,0,CONTINUOUS,PASSIVE,RANDOM_ROLL > DEAL_DAMAGE > MODIFY_DAMAGE,,"{""probability"":0.5,""percent_values"":[50.0]}",,CONTINUE,,MEDIUM,,50 % chance to deal double damage,50 % chance to deal double damage,50 % chance to deal double damage,18,"{""probability"":0.5,""percent_values"":[50.0]}",unverified,"{""file"":""Cards-2.xml"",""xml_path"":""/project[1]/scenes[1]/scene[1]/variables[1]/variable[25]"",""snap_value_id"":""34441"",""variable"":""card_simulator_phase_registry"",""item_1"":19}"
18,18,19,0,0,CONTINUOUS,PASSIVE,EXTRA_TURN,,{},,TURN_CONTROL,,MEDIUM,,gain an extra turn,gain an extra turn,gain an extra turn,19,{},unverified,"{""file"":""Cards-2.xml"",""xml_path"":""/project[1]/scenes[1]/scene[1]/variables[1]/variable[25]"",""snap_value_id"":""34441"",""variable"":""card_simulator_phase_registry"",""item_1"":20}"
19,19,20,0,60,DAMAGE_CALC,MODIFY_INCOMING_DAMAGE,DEAL_DAMAGE,,"{""multipliers"":[2.0]}",if border is rarer,CONTINUE,,HIGH,,"deal 2 x damage, take half if border is rarer","deal 2 x damage, take half if border is rarer","deal 2 x damage, take half if border is rarer",20,"{""multipliers"":[2.0]}",unverified,"{""file"":""Cards-2.xml"",""xml_path"":""/project[1]/scenes[1]/scene[1]/variables[1]/variable[25]"",""snap_value_id"":""34441"",""variable"":""card_simulator_phase_registry"",""item_1"":21}"
20,20,21,0,0,CONTINUOUS,PASSIVE,RANDOM_ROLL > APPLY_STATUS,ENEMY_ACTIVE,"{""probability"":0.5,""percent_values"":[50.0],""duration_turns"":[1]}",,CONTINUE,,MEDIUM,,50 % chance to freeze target for 1 turn,50 % chance to freeze target for 1 turn,50 % chance to freeze target for 1 turn,21,"{""probability"":0.5,""percent_values"":[50.0],""duration_turns"":[1]}",unverified,"{""file"":""Cards-2.xml"",""xml_path"":""/project[1]/scenes[1]/scene[1]/variables[1]/variable[25]"",""snap_value_id"":""34441"",""variable"":""card_simulator_phase_registry"",""item_1"":22}"
21,21,22,0,0,CONTINUOUS,PASSIVE,RANDOM_ROLL > REVIVE,,"{""probability"":0.5,""fractions"":[""1/2""],""percent_values"":[50.0]}",,ACTIVE_STATE_TRANSITION,,MEDIUM,,50 % chance to revive with 1 / 2 hp,50 % chance to revive with 1 / 2 hp,50 % chance to revive with 1 / 2 hp,22,"{""probability"":0.5,""fractions"":[""1/2""],""percent_values"":[50.0]}",unverified,"{""file"":""Cards-2.xml"",""xml_path"":""/project[1]/scenes[1]/scene[1]/variables[1]/variable[25]"",""snap_value_id"":""34441"",""variable"":""card_simulator_phase_registry"",""item_1"":23}"
22,22,23,0,40,ATTACK_DECLARE,ATTACK_ACTION,DEAL_DAMAGE > BYPASS_DEFENSE,,"{""percent_values"":[50.0]}",,CONTINUE,,HIGH,,deal 50 % more damage and bypass defenses,deal 50 % more damage and bypass defenses,deal 50 % more damage and bypass defenses,23,"{""percent_values"":[50.0]}",unverified,"{""file"":""Cards-2.xml"",""xml_path"":""/project[1]/scenes[1]/scene[1]/variables[1]/variable[25]"",""snap_value_id"":""34441"",""variable"":""card_simulator_phase_registry"",""item_1"":24}"
23,23,24,0,40,ATTACK_DECLARE,ATTACK_ACTION,DEAL_DAMAGE,,"{""multipliers"":[2.0]}",,CONTINUE,,HIGH,,"deal 2 x damage, 1 turn to recharge","deal 2 x damage, 1 turn to recharge","deal 2 x damage, 1 turn to recharge",24,"{""multipliers"":[2.0]}",unverified,"{""file"":""Cards-2.xml"",""xml_path"":""/project[1]/scenes[1]/scene[1]/variables[1]/variable[25]"",""snap_value_id"":""34441"",""variable"":""card_simulator_phase_registry"",""item_1"":25}"
24,24,25,0,40,ATTACK_DECLARE,ATTACK_ACTION,DEAL_DAMAGE,,"{""percent_values"":[70.0]}",,CONTINUE,,HIGH,,deal extra damage equal to 70 % of lost hp,deal extra damage equal to 70 % of lost hp,deal extra damage equal to 70 % of lost hp,25,"{""percent_values"":[70.0]}",unverified,"{""file"":""Cards-2.xml"",""xml_path"":""/project[1]/scenes[1]/scene[1]/variables[1]/variable[25]"",""snap_value_id"":""34441"",""variable"":""card_simulator_phase_registry"",""item_1"":26}"
25,25,26,0,120,DEATH,ON_DEATH,MODIFY_STAT,,"{""percent_values"":[20.0]}",,CONTINUE,,HIGH,,inflict max hp as damage on death and boost allies' stats by 20 %,inflict max hp as damage on death and boost allies' stats by 20 %,inflict max hp as damage on death and boost allies' stats by 20 %,26,"{""percent_values"":[20.0]}",unverified,"{""file"":""Cards-2.xml"",""xml_path"":""/project[1]/scenes[1]/scene[1]/variables[1]/variable[25]"",""snap_value_id"":""34441"",""variable"":""card_simulator_phase_registry"",""item_1"":27}"
26,26,27,0,120,DEATH,ON_DEATH,RANDOM_ROLL > DEAL_DAMAGE,,"{""probability"":0.5,""percent_values"":[50.0]}",,CONTINUE,,HIGH,,50 % chance to deal max hp damage on death,50 % chance to deal max hp damage on death,50 % chance to deal max hp damage on death,27,"{""probability"":0.5,""percent_values"":[50.0]}",unverified,"{""file"":""Cards-2.xml"",""xml_path"":""/project[1]/scenes[1]/scene[1]/variables[1]/variable[25]"",""snap_value_id"":""34441"",""variable"":""card_simulator_phase_registry"",""item_1"":28}"
27,27,28,0,0,CONTINUOUS,PASSIVE,SPECIAL,,"{""percent_values"":[25.0]}",,CONTINUE,,REVIEW,no reusable primitive confidently identified,boosts damage and hp by 25 %,boosts damage and hp by 25 %,boosts damage and hp by 25 %,28,"{""percent_values"":[25.0]}",unverified,"{""file"":""Cards-2.xml"",""xml_path"":""/project[1]/scenes[1]/scene[1]/variables[1]/variable[25]"",""snap_value_id"":""34441"",""variable"":""card_simulator_phase_registry"",""item_1"":29}"
28,28,29,0,50,PRE_HIT,ON_INCOMING_ATTACK,ATTACK > RANDOM_ROLL,ENEMY_ACTIVE|SELF,{},,CONTINUE,,REVIEW,formula must be specified numerically,enemy's hit chance is squared ratio of damage to self max hp,enemy's hit chance is squared ratio of damage to self max hp,enemy's hit chance is squared ratio of damage to self max hp,29,{},unverified,"{""file"":""Cards-2.xml"",""xml_path"":""/project[1]/scenes[1]/scene[1]/variables[1]/variable[25]"",""snap_value_id"":""34441"",""variable"":""card_simulator_phase_registry"",""item_1"":30}"
29,29,30,0,0,CONTINUOUS,PASSIVE,ATTACK,SELF,{},,CONTINUE,,MEDIUM,,enemies with status effects cannot hit self,enemies with status effects cannot hit self; max of 5 dodges,enemies with status effects cannot hit self; max of 5 dodges,30,{},unverified,"{""file"":""Cards-2.xml"",""xml_path"":""/project[1]/scenes[1]/scene[1]/variables[1]/variable[25]"",""snap_value_id"":""34441"",""variable"":""card_simulator_phase_registry"",""item_1"":31}"
30,29,30,1,0,CONTINUOUS,PASSIVE,LIMIT_CAP,,{},,CONTINUE,,MEDIUM,,max of 5 dodges,enemies with status effects cannot hit self; max of 5 dodges,enemies with status effects cannot hit self; max of 5 dodges,30,{},unverified,"{""file"":""Cards-2.xml"",""xml_path"":""/project[1]/scenes[1]/scene[1]/variables[1]/variable[25]"",""snap_value_id"":""34441"",""variable"":""card_simulator_phase_registry"",""item_1"":32}"
31,30,31,0,0,CONTINUOUS,PASSIVE,RANDOM_ROLL > REVIVE,,"{""probability"":0.5,""percent_values"":[50.0]}",,ACTIVE_STATE_TRANSITION,,MEDIUM,,50 % chance to revive with full hp,50 % chance to revive with full hp,50 % chance to revive with full hp,31,"{""probability"":0.5,""percent_values"":[50.0]}",unverified,"{""file"":""Cards-2.xml"",""xml_path"":""/project[1]/scenes[1]/scene[1]/variables[1]/variable[25]"",""snap_value_id"":""34441"",""variable"":""card_simulator_phase_registry"",""item_1"":33}"
32,31,32,0,0,CONTINUOUS,PASSIVE,RANDOM_ROLL > REVIVE > APPLY_STATUS,ENEMY_ACTIVE,"{""probability"":0.5,""percent_values"":[50.0]}",,ACTIVE_STATE_TRANSITION,,MEDIUM,,50 % chance to revive with full hp and freeze enemy,50 % chance to revive with full hp and freeze enemy,50 % chance to revive with full hp and freeze enemy,32,"{""probability"":0.5,""percent_values"":[50.0]}",unverified,"{""file"":""Cards-2.xml"",""xml_path"":""/project[1]/scenes[1]/scene[1]/variables[1]/variable[25]"",""snap_value_id"":""34441"",""variable"":""card_simulator_phase_registry"",""item_1"":34}"
33,32,33,0,10,ENTRY,ON_ENTRY,REMOVE_ABILITY,ENEMY_ACTIVE,{},,CONTINUE,,HIGH,,cut target's hp in half and remove their ability on entry,cut target's hp in half and remove their ability on entry,cut target's hp in half and remove their ability on entry,33,{},unverified,"{""file"":""Cards-2.xml"",""xml_path"":""/project[1]/scenes[1]/scene[1]/variables[1]/variable[25]"",""snap_value_id"":""34441"",""variable"":""card_simulator_phase_registry"",""item_1"":35}"
34,33,34,0,90,POST_DAMAGE_TAKEN,RETALIATE_ON_DAMAGE,DEAL_DAMAGE,SELF,"{""percent_values"":[75.0]}",,CONTINUE,,HIGH,,attacker takes damage equal to 75 % of self atk,attacker takes damage equal to 75 % of self atk,attacker takes damage equal to 75 % of self atk,34,"{""percent_values"":[75.0]}",unverified,"{""file"":""Cards-2.xml"",""xml_path"":""/project[1]/scenes[1]/scene[1]/variables[1]/variable[25]"",""snap_value_id"":""34441"",""variable"":""card_simulator_phase_registry"",""item_1"":36}"
35,34,35,0,10,ENTRY,ON_ENTRY,ATTACK,,"{""multipliers"":[2.5]}",,CONTINUE,,HIGH,,attack for 2.5 x damage on entry,attack for 2.5 x damage on entry,attack for 2.5 x damage on entry,35,"{""multipliers"":[2.5]}",unverified,"{""file"":""Cards-2.xml"",""xml_path"":""/project[1]/scenes[1]/scene[1]/variables[1]/variable[25]"",""snap_value_id"":""34441"",""variable"":""card_simulator_phase_registry"",""item_1"":37}"
36,35,36,0,10,ENTRY,ON_ENTRY,MODIFY_DAMAGE,ENEMY_ACTIVE,"{""percent_values"":[30.0]}",,CONTINUE,,HIGH,,reduce enemy's damage by 30 % on entry,reduce enemy's damage by 30 % on entry,reduce enemy's damage by 30 % on entry,36,"{""percent_values"":[30.0]}",unverified,"{""file"":""Cards-2.xml"",""xml_path"":""/project[1]/scenes[1]/scene[1]/variables[1]/variable[25]"",""snap_value_id"":""34441"",""variable"":""card_simulator_phase_registry"",""item_1"":38}"
37,36,37,0,10,ENTRY,ON_ENTRY,RANDOM_ROLL,,"{""counts"":[2]}",,CONTINUE,,REVIEW,requires explicit random pool/distribution,"on entry, gain 2 random abilities","on entry, gain 2 random abilities","on entry, gain 2 random abilities",37,"{""counts"":[2]}",unverified,"{""file"":""Cards-2.xml"",""xml_path"":""/project[1]/scenes[1]/scene[1]/variables[1]/variable[25]"",""snap_value_id"":""34441"",""variable"":""card_simulator_phase_registry"",""item_1"":39}"
38,37,38,0,60,DAMAGE_CALC,MODIFY_INCOMING_DAMAGE,MODIFY_DAMAGE,,"{""percent_values"":[75.0]}",,CONTINUE,,HIGH,,reduce damage taken by 75 %,reduce damage taken by 75 %,reduce damage taken by 75 %,38,"{""percent_values"":[75.0]}",unverified,"{""file"":""Cards-2.xml"",""xml_path"":""/project[1]/scenes[1]/scene[1]/variables[1]/variable[25]"",""snap_value_id"":""34441"",""variable"":""card_simulator_phase_registry"",""item_1"":40}"
39,38,39,0,80,POST_DAMAGE_DEALT,AFTER_DAMAGE_DEALT,STEAL_STAT,ENEMY_ACTIVE,"{""percent_values"":[10.0]}",,CONTINUE,,HIGH,,steal 10 % of enemy's hp and atk after damaging,steal 10 % of enemy's hp and atk after damaging,steal 10 % of enemy's hp and atk after damaging,39,"{""percent_values"":[10.0]}",unverified,"{""file"":""Cards-2.xml"",""xml_path"":""/project[1]/scenes[1]/scene[1]/variables[1]/variable[25]"",""snap_value_id"":""34441"",""variable"":""card_simulator_phase_registry"",""item_1"":41}"
40,39,40,0,120,DEATH,ON_DEATH,RANDOM_ROLL > TRANSFER_STAT,NEXT_ALLY,"{""probability"":0.5,""fractions"":[""1/2""],""percent_values"":[50.0]}",,CONTINUE,,HIGH,,50 % chance to transfer 1 / 2 stats to next card on death,50 % chance to transfer 1 / 2 stats to next card on death,50 % chance to transfer 1 / 2 stats to next card on death,40,"{""probability"":0.5,""fractions"":[""1/2""],""percent_values"":[50.0]}",unverified,"{""file"":""Cards-2.xml"",""xml_path"":""/project[1]/scenes[1]/scene[1]/variables[1]/variable[25]"",""snap_value_id"":""34441"",""variable"":""card_simulator_phase_registry"",""item_1"":42}"
41,40,41,0,10,ENTRY,ON_ENTRY,ATTACK > STEAL_STAT,ENEMY_ACTIVE,"{""percent_values"":[25.0]}",,CONTINUE,,HIGH,,attack and steal 25 % of enemy's damage on entry,attack and steal 25 % of enemy's damage on entry,attack and steal 25 % of enemy's damage on entry,41,"{""percent_values"":[25.0]}",unverified,"{""file"":""Cards-2.xml"",""xml_path"":""/project[1]/scenes[1]/scene[1]/variables[1]/variable[25]"",""snap_value_id"":""34441"",""variable"":""card_simulator_phase_registry"",""item_1"":43}"
42,41,42,0,40,ATTACK_DECLARE,ATTACK_ACTION,DEAL_DAMAGE,,"{""multipliers"":[2.5]}",,CONTINUE,,HIGH,,"deal 2.5 x damage, 1 turn to recharge","deal 2.5 x damage, 1 turn to recharge; bypasses defense abilities","deal 2.5 x damage, 1 turn to recharge; bypasses defense abilities",42,"{""multipliers"":[2.5]}",unverified,"{""file"":""Cards-2.xml"",""xml_path"":""/project[1]/scenes[1]/scene[1]/variables[1]/variable[25]"",""snap_value_id"":""34441"",""variable"":""card_simulator_phase_registry"",""item_1"":44}"
43,41,42,1,0,CONTINUOUS,PASSIVE,BYPASS_DEFENSE,,{},,CONTINUE,,MEDIUM,,bypasses defense abilities,"deal 2.5 x damage, 1 turn to recharge; bypasses defense abilities","deal 2.5 x damage, 1 turn to recharge; bypasses defense abilities",42,{},unverified,"{""file"":""Cards-2.xml"",""xml_path"":""/project[1]/scenes[1]/scene[1]/variables[1]/variable[25]"",""snap_value_id"":""34441"",""variable"":""card_simulator_phase_registry"",""item_1"":45}"
44,42,43,0,10,ENTRY,ON_ENTRY,STEAL_ABILITY,ENEMY_ACTIVE,{},,CONTINUE,,HIGH,,steal and randomize enemy's ability on entry,steal and randomize enemy's ability on entry,steal and randomize enemy's ability on entry,43,{},unverified,"{""file"":""Cards-2.xml"",""xml_path"":""/project[1]/scenes[1]/scene[1]/variables[1]/variable[25]"",""snap_value_id"":""34441"",""variable"":""card_simulator_phase_registry"",""item_1"":46}"
45,43,44,0,10,ENTRY,ON_ENTRY,MODIFY_DAMAGE > MODIFY_STAT,,"{""percent_values"":[40.0]}",,CONTINUE,,HIGH,,boost damage and hp by 40 % on entry,boost damage and hp by 40 % on entry,boost damage and hp by 40 % on entry,44,"{""percent_values"":[40.0]}",unverified,"{""file"":""Cards-2.xml"",""xml_path"":""/project[1]/scenes[1]/scene[1]/variables[1]/variable[25]"",""snap_value_id"":""34441"",""variable"":""card_simulator_phase_registry"",""item_1"":47}"
46,44,45,0,10,ENTRY,ON_ENTRY,ATTACK,,"{""multipliers"":[3.0]}",,CONTINUE,,HIGH,,on entry attack with 3 x damage,on entry attack with 3 x damage; + 10 % stats and damage reduction each turn,on entry attack with 3 x damage; + 10 % stats and damage reduction each turn,45,"{""multipliers"":[3.0]}",unverified,"{""file"":""Cards-2.xml"",""xml_path"":""/project[1]/scenes[1]/scene[1]/variables[1]/variable[25]"",""snap_value_id"":""34441"",""variable"":""card_simulator_phase_registry"",""item_1"":48}"
47,44,45,1,20,TURN_START,EACH_TURN,SPECIAL,,"{""percent_values"":[10.0]}",,CONTINUE,repeat each applicable turn,REVIEW,no reusable primitive confidently identified,+ 10 % stats and damage reduction each turn,on entry attack with 3 x damage; + 10 % stats and damage reduction each turn,on entry attack with 3 x damage; + 10 % stats and damage reduction each turn,45,"{""percent_values"":[10.0]}",unverified,"{""file"":""Cards-2.xml"",""xml_path"":""/project[1]/scenes[1]/scene[1]/variables[1]/variable[25]"",""snap_value_id"":""34441"",""variable"":""card_simulator_phase_registry"",""item_1"":49}"
48,45,46,0,10,ENTRY,ON_ENTRY,SPECIAL,ENEMY_ACTIVE,{},,CONTINUE,,REVIEW,no reusable primitive confidently identified,half enemy's stats on entry,half enemy's stats on entry,half enemy's stats on entry,46,{},unverified,"{""file"":""Cards-2.xml"",""xml_path"":""/project[1]/scenes[1]/scene[1]/variables[1]/variable[25]"",""snap_value_id"":""34441"",""variable"":""card_simulator_phase_registry"",""item_1"":50}"
49,46,47,0,10,ENTRY,ON_ENTRY,MODIFY_STAT,,"{""percent_values"":[200.0]}",,CONTINUE,,HIGH,,boost hp by 200 % on entry,boost hp by 200 % on entry,boost hp by 200 % on entry,47,"{""percent_values"":[200.0]}",unverified,"{""file"":""Cards-2.xml"",""xml_path"":""/project[1]/scenes[1]/scene[1]/variables[1]/variable[25]"",""snap_value_id"":""34441"",""variable"":""card_simulator_phase_registry"",""item_1"":51}"
50,47,48,0,10,ENTRY,ON_ENTRY,REMOVE_ABILITY,ENEMY_ACTIVE,{},,CONTINUE,,HIGH,,on entry open a domain and disable all enemy defense abilities,on entry open a domain and disable all enemy defense abilities; slashes enemy 2 - 5 times dealing 35 % damage each,on entry open a domain and disable all enemy defense abilities; slashes enemy 2 - 5 times dealing 35 % damage each,48,{},unverified,"{""file"":""Cards-2.xml"",""xml_path"":""/project[1]/scenes[1]/scene[1]/variables[1]/variable[25]"",""snap_value_id"":""34441"",""variable"":""card_simulator_phase_registry"",""item_1"":52}"
51,47,48,1,0,CONTINUOUS,PASSIVE,ATTACK,ENEMY_ACTIVE,"{""ranges"":[""2-5""],""percent_values"":[35.0]}",,CONTINUE,,MEDIUM,,slashes enemy 2 - 5 times dealing 35 % damage each,on entry open a domain and disable all enemy defense abilities; slashes enemy 2 - 5 times dealing 35 % damage each,on entry open a domain and disable all enemy defense abilities; slashes enemy 2 - 5 times dealing 35 % damage each,48,"{""ranges"":[""2-5""],""percent_values"":[35.0]}",unverified,"{""file"":""Cards-2.xml"",""xml_path"":""/project[1]/scenes[1]/scene[1]/variables[1]/variable[25]"",""snap_value_id"":""34441"",""variable"":""card_simulator_phase_registry"",""item_1"":53}"
52,48,49,0,0,CONTINUOUS,PASSIVE,COPY_ABILITY,,{},,CONTINUE,,MEDIUM,,copy fallen ally's ability,copy fallen ally's ability,copy fallen ally's ability,49,{},unverified,"{""file"":""Cards-2.xml"",""xml_path"":""/project[1]/scenes[1]/scene[1]/variables[1]/variable[25]"",""snap_value_id"":""34441"",""variable"":""card_simulator_phase_registry"",""item_1"":54}"
53,49,50,0,0,CONTINUOUS,PASSIVE,RANDOM_ROLL > DEAL_DAMAGE,,"{""probability"":0.5,""percent_values"":[50.0]}",,CONTINUE,,REVIEW,requires external card/class/named-rule definition,50 % chance to deal infinite damage,50 % chance to deal infinite damage; cannot dodge or gain shields,50 % chance to deal infinite damage; cannot dodge or gain shields,50,"{""probability"":0.5,""percent_values"":[50.0]}",unverified,"{""file"":""Cards-2.xml"",""xml_path"":""/project[1]/scenes[1]/scene[1]/variables[1]/variable[25]"",""snap_value_id"":""34441"",""variable"":""card_simulator_phase_registry"",""item_1"":55}"
54,49,50,1,0,CONTINUOUS,PASSIVE,DODGE,,{},,CONTINUE,,MEDIUM,,cannot dodge or gain shields,50 % chance to deal infinite damage; cannot dodge or gain shields,50 % chance to deal infinite damage; cannot dodge or gain shields,50,{},unverified,"{""file"":""Cards-2.xml"",""xml_path"":""/project[1]/scenes[1]/scene[1]/variables[1]/variable[25]"",""snap_value_id"":""34441"",""variable"":""card_simulator_phase_registry"",""item_1"":56}"
55,50,51,0,130,ON_KILL,ON_KILL,MODIFY_STAT,,"{""percent_values"":[25.0]}",,CONTINUE,,HIGH,,boost allies' stats by 25 % on kill,boost allies' stats by 25 % on kill; dodge normal attacks at the cost of 20 % hp,boost allies' stats by 25 % on kill; dodge normal attacks at the cost of 20 % hp,51,"{""percent_values"":[25.0]}",unverified,"{""file"":""Cards-2.xml"",""xml_path"":""/project[1]/scenes[1]/scene[1]/variables[1]/variable[25]"",""snap_value_id"":""34441"",""variable"":""card_simulator_phase_registry"",""item_1"":57}"
56,50,51,1,50,PRE_HIT,ON_INCOMING_ATTACK,DODGE,,"{""percent_values"":[20.0]}",,CONTINUE,,HIGH,,dodge normal attacks at the cost of 20 % hp,boost allies' stats by 25 % on kill; dodge normal attacks at the cost of 20 % hp,boost allies' stats by 25 % on kill; dodge normal attacks at the cost of 20 % hp,51,"{""percent_values"":[20.0]}",unverified,"{""file"":""Cards-2.xml"",""xml_path"":""/project[1]/scenes[1]/scene[1]/variables[1]/variable[25]"",""snap_value_id"":""34441"",""variable"":""card_simulator_phase_registry"",""item_1"":58}"
57,51,52,0,10,ENTRY,ON_ENTRY,APPLY_STATUS,ALL_ENEMIES,"{""percent_values"":[50.0],""duration_turns"":[2]}",,CONTINUE,,HIGH,,"on entry, poison all enemies at 50 % effectiveness for 2 turns","on entry, poison all enemies at 50 % effectiveness for 2 turns","on entry, poison all enemies at 50 % effectiveness for 2 turns",52,"{""percent_values"":[50.0],""duration_turns"":[2]}",unverified,"{""file"":""Cards-2.xml"",""xml_path"":""/project[1]/scenes[1]/scene[1]/variables[1]/variable[25]"",""snap_value_id"":""34441"",""variable"":""card_simulator_phase_registry"",""item_1"":59}"
58,52,53,0,0,CONTINUOUS,PASSIVE,RANDOM_ROLL,,"{""percent_values"":[50.0],""counts"":[4]}",,CONTINUE,,MEDIUM,,randomly attacks 4 enemies dealing 50 % damage to each,randomly attacks 4 enemies dealing 50 % damage to each,randomly attacks 4 enemies dealing 50 % damage to each,53,"{""percent_values"":[50.0],""counts"":[4]}",unverified,"{""file"":""Cards-2.xml"",""xml_path"":""/project[1]/scenes[1]/scene[1]/variables[1]/variable[25]"",""snap_value_id"":""34441"",""variable"":""card_simulator_phase_registry"",""item_1"":60}"
59,53,54,0,50,PRE_HIT,ON_INCOMING_ATTACK,DODGE > ATTACK,,{},,CONTINUE,,HIGH,,"dodge every other attack, starting first","dodge every other attack, starting first","dodge every other attack, starting first",54,{},unverified,"{""file"":""Cards-2.xml"",""xml_path"":""/project[1]/scenes[1]/scene[1]/variables[1]/variable[25]"",""snap_value_id"":""34441"",""variable"":""card_simulator_phase_registry"",""item_1"":61}"
60,54,55,0,10,ENTRY,ON_ENTRY,MODIFY_STAT,,"{""percent_values"":[75.0]}",,CONTINUE,,HIGH,,gain 75 % atk on entry,"gain 75 % atk on entry; when fighting a dragon: 2 x damage, 0.5 x enemy damage","gain 75 % atk on entry; when fighting a dragon: 2 x damage, 0.5 x enemy damage",55,"{""percent_values"":[75.0]}",unverified,"{""file"":""Cards-2.xml"",""xml_path"":""/project[1]/scenes[1]/scene[1]/variables[1]/variable[25]"",""snap_value_id"":""34441"",""variable"":""card_simulator_phase_registry"",""item_1"":62}"
61,54,55,1,0,CONTINUOUS,PASSIVE,SPECIAL,ENEMY_ACTIVE,"{""multipliers"":[2.0,0.5]}",when fighting a dragon: 2 x damage,CONTINUE,,REVIEW,no reusable primitive confidently identified,"when fighting a dragon: 2 x damage, 0.5 x enemy damage","gain 75 % atk on entry; when fighting a dragon: 2 x damage, 0.5 x enemy damage","gain 75 % atk on entry; when fighting a dragon: 2 x damage, 0.5 x enemy damage",55,"{""multipliers"":[2.0,0.5]}",unverified,"{""file"":""Cards-2.xml"",""xml_path"":""/project[1]/scenes[1]/scene[1]/variables[1]/variable[25]"",""snap_value_id"":""34441"",""variable"":""card_simulator_phase_registry"",""item_1"":63}"
62,55,56,0,0,CONTINUOUS,PASSIVE,ABILITY_SELECT,,{},,CONTINUE,,REVIEW,requires external card/class/named-rule definition,gain an ability based on the card's art,gain an ability based on the card's art,gain an ability based on the card's art,56,{},unverified,"{""file"":""Cards-2.xml"",""xml_path"":""/project[1]/scenes[1]/scene[1]/variables[1]/variable[25]"",""snap_value_id"":""34441"",""variable"":""card_simulator_phase_registry"",""item_1"":64}"
63,56,57,0,40,ATTACK_DECLARE,ATTACK_ACTION,DEAL_DAMAGE,,"{""multipliers"":[4.0]}",,CONTINUE,,HIGH,,"deal 4 x damage, 1 turn to recharge","deal 4 x damage, 1 turn to recharge; on entry burn all enemies for 3 turns","deal 4 x damage, 1 turn to recharge; on entry burn all enemies for 3 turns",57,"{""multipliers"":[4.0]}",unverified,"{""file"":""Cards-2.xml"",""xml_path"":""/project[1]/scenes[1]/scene[1]/variables[1]/variable[25]"",""snap_value_id"":""34441"",""variable"":""card_simulator_phase_registry"",""item_1"":65}"
64,56,57,1,10,ENTRY,ON_ENTRY,APPLY_STATUS,ALL_ENEMIES,"{""duration_turns"":[3]}",,CONTINUE,,HIGH,,on entry burn all enemies for 3 turns,"deal 4 x damage, 1 turn to recharge; on entry burn all enemies for 3 turns","deal 4 x damage, 1 turn to recharge; on entry burn all enemies for 3 turns",57,"{""duration_turns"":[3]}",unverified,"{""file"":""Cards-2.xml"",""xml_path"":""/project[1]/scenes[1]/scene[1]/variables[1]/variable[25]"",""snap_value_id"":""34441"",""variable"":""card_simulator_phase_registry"",""item_1"":66}"
65,57,58,0,20,TURN_START,ON_TURN_START,SPECIAL,ENEMY_ACTIVE,"{""percent_values"":[25.0]}",,CONTINUE,,REVIEW,no reusable primitive confidently identified,enemy loses 25 % of their damage turn start,enemy loses 25 % of their damage turn start,enemy loses 25 % of their damage turn start,58,"{""percent_values"":[25.0]}",unverified,"{""file"":""Cards-2.xml"",""xml_path"":""/project[1]/scenes[1]/scene[1]/variables[1]/variable[25]"",""snap_value_id"":""34441"",""variable"":""card_simulator_phase_registry"",""item_1"":67}"
66,58,59,0,60,DAMAGE_CALC,ON_INCOMING_DAMAGE,DAMAGE_CAP,,"{""fractions"":[""1/3""]}",,CONTINUE,,HIGH,,damage cannot exceed 1 / 3 of max hp,damage cannot exceed 1 / 3 of max hp,damage cannot exceed 1 / 3 of max hp,59,"{""fractions"":[""1/3""]}",unverified,"{""file"":""Cards-2.xml"",""xml_path"":""/project[1]/scenes[1]/scene[1]/variables[1]/variable[25]"",""snap_value_id"":""34441"",""variable"":""card_simulator_phase_registry"",""item_1"":68}"
67,59,60,0,100,AFTER_ATTACK,AFTER_ATTACK,DEAL_DAMAGE > ATTACK,,"{""multipliers"":[3.0],""percent_values"":[30.0]}",,CONTINUE,,HIGH,,"deal 3 x damage, lose 30 % atk after attack","deal 3 x damage, lose 30 % atk after attack","deal 3 x damage, lose 30 % atk after attack",60,"{""multipliers"":[3.0],""percent_values"":[30.0]}",unverified,"{""file"":""Cards-2.xml"",""xml_path"":""/project[1]/scenes[1]/scene[1]/variables[1]/variable[25]"",""snap_value_id"":""34441"",""variable"":""card_simulator_phase_registry"",""item_1"":69}"
68,60,61,0,0,CONTINUOUS,PASSIVE,HP_LOSS > MODIFY_DAMAGE > MODIFY_STAT,,"{""percent_values"":[15.0]}",,CONTINUE,,MEDIUM,,"reduce damage by 15 % of max hp, then halve","reduce damage by 15 % of max hp, then halve","reduce damage by 15 % of max hp, then halve",61,"{""percent_values"":[15.0]}",unverified,"{""file"":""Cards-2.xml"",""xml_path"":""/project[1]/scenes[1]/scene[1]/variables[1]/variable[25]"",""snap_value_id"":""34441"",""variable"":""card_simulator_phase_registry"",""item_1"":70}"
69,61,62,0,10,ENTRY,ON_ENTRY,ATTACK,,{},,CONTINUE,,HIGH,,"on entry, gain attack equal to combined total of all fallen allies attack","on entry, gain attack equal to combined total of all fallen allies attack; takes 1.5 x damage","on entry, gain attack equal to combined total of all fallen allies attack; takes 1.5 x damage",62,{},unverified,"{""file"":""Cards-2.xml"",""xml_path"":""/project[1]/scenes[1]/scene[1]/variables[1]/variable[25]"",""snap_value_id"":""34441"",""variable"":""card_simulator_phase_registry"",""item_1"":71}"
70,61,62,1,0,CONTINUOUS,PASSIVE,SPECIAL,,"{""multipliers"":[1.5]}",,CONTINUE,,REVIEW,no reusable primitive confidently identified,takes 1.5 x damage,"on entry, gain attack equal to combined total of all fallen allies attack; takes 1.5 x damage","on entry, gain attack equal to combined total of all fallen allies attack; takes 1.5 x damage",62,"{""multipliers"":[1.5]}",unverified,"{""file"":""Cards-2.xml"",""xml_path"":""/project[1]/scenes[1]/scene[1]/variables[1]/variable[25]"",""snap_value_id"":""34441"",""variable"":""card_simulator_phase_registry"",""item_1"":72}"
71,62,63,0,80,POST_DAMAGE_DEALT,ON_HIT,APPLY_STATUS,,{},,CONTINUE,,HIGH,,attacks inflict 2 turns of frostbite,attacks inflict 2 turns of frostbite; take 1 / 2 damage from enemies with frostbite,attacks inflict 2 turns of frostbite; take 1 / 2 damage from enemies with frostbite,63,{},unverified,"{""file"":""Cards-2.xml"",""xml_path"":""/project[1]/scenes[1]/scene[1]/variables[1]/variable[25]"",""snap_value_id"":""34441"",""variable"":""card_simulator_phase_registry"",""item_1"":73}"
72,62,63,1,60,DAMAGE_CALC,MODIFY_INCOMING_DAMAGE,APPLY_STATUS,,"{""fractions"":[""1/2""]}",,CONTINUE,,HIGH,,take 1 / 2 damage from enemies with frostbite,attacks inflict 2 turns of frostbite; take 1 / 2 damage from enemies with frostbite,attacks inflict 2 turns of frostbite; take 1 / 2 damage from enemies with frostbite,63,"{""fractions"":[""1/2""]}",unverified,"{""file"":""Cards-2.xml"",""xml_path"":""/project[1]/scenes[1]/scene[1]/variables[1]/variable[25]"",""snap_value_id"":""34441"",""variable"":""card_simulator_phase_registry"",""item_1"":74}"
73,63,64,0,10,ENTRY,ON_ENTRY,RANDOM_ROLL > MODIFY_STAT,ENEMY_ACTIVE,"{""probability"":0.7,""percent_values"":[70.0]}",,CONTINUE,,REVIEW,requires external card/class/named-rule definition,"on entry, 70 % chance to set enemy stats to its base borderless stats","on entry, 70 % chance to set enemy stats to its base borderless stats","on entry, 70 % chance to set enemy stats to its base borderless stats",64,"{""probability"":0.7,""percent_values"":[70.0]}",unverified,"{""file"":""Cards-2.xml"",""xml_path"":""/project[1]/scenes[1]/scene[1]/variables[1]/variable[25]"",""snap_value_id"":""34441"",""variable"":""card_simulator_phase_registry"",""item_1"":75}"
74,64,65,0,110,LETHAL_REPLACEMENT,ON_LETHAL,LIMIT_CAP > INSTANT_KILL,ENEMY_ACTIVE|SELF,{},if self would die,MAY_TERMINATE,,HIGH,,"once only, if self would die, the enemy dies instead","once only, if self would die, the enemy dies instead","once only, if self would die, the enemy dies instead",65,{},unverified,"{""file"":""Cards-2.xml"",""xml_path"":""/project[1]/scenes[1]/scene[1]/variables[1]/variable[25]"",""snap_value_id"":""34441"",""variable"":""card_simulator_phase_registry"",""item_1"":76}"
75,65,66,0,100,AFTER_ATTACK,AFTER_ATTACK,ATTACK,ENEMY_ACTIVE,"{""percent_values"":[10.0]}",,CONTINUE,,HIGH,,enemy atk drops 10 % after attack,enemy atk drops 10 % after attack,enemy atk drops 10 % after attack,66,"{""percent_values"":[10.0]}",unverified,"{""file"":""Cards-2.xml"",""xml_path"":""/project[1]/scenes[1]/scene[1]/variables[1]/variable[25]"",""snap_value_id"":""34441"",""variable"":""card_simulator_phase_registry"",""item_1"":77}"
76,66,67,0,40,ATTACK_DECLARE,ATTACK_ACTION,SPECIAL,,"{""multipliers"":[3.0],""percent_values"":[50.0]}",,CONTINUE,,REVIEW,no reusable primitive confidently identified,"3 x attacks, each dealing 50 % damage","3 x attacks, each dealing 50 % damage","3 x attacks, each dealing 50 % damage",67,"{""multipliers"":[3.0],""percent_values"":[50.0]}",unverified,"{""file"":""Cards-2.xml"",""xml_path"":""/project[1]/scenes[1]/scene[1]/variables[1]/variable[25]"",""snap_value_id"":""34441"",""variable"":""card_simulator_phase_registry"",""item_1"":78}"
77,67,68,0,0,CONTINUOUS,PASSIVE,MODIFY_DAMAGE > DEAL_DAMAGE,,"{""fractions"":[""1/2""]}",,CONTINUE,,REVIEW,requires external card/class/named-rule definition,cards of reduce rarity deal 1 / 2 damage,cards of reduce rarity deal 1 / 2 damage,cards of reduce rarity deal 1 / 2 damage,68,"{""fractions"":[""1/2""]}",unverified,"{""file"":""Cards-2.xml"",""xml_path"":""/project[1]/scenes[1]/scene[1]/variables[1]/variable[25]"",""snap_value_id"":""34441"",""variable"":""card_simulator_phase_registry"",""item_1"":79}"
78,68,69,0,0,CONTINUOUS,PASSIVE,SPECIAL,ENEMY_ACTIVE,{},,CONTINUE,,REVIEW,no reusable primitive confidently identified,enemy's rng abilities always fail,enemy's rng abilities always fail; 2 x damage to rng-based cards,enemy's rng abilities always fail; 2 x damage to rng-based cards,69,{},unverified,"{""file"":""Cards-2.xml"",""xml_path"":""/project[1]/scenes[1]/scene[1]/variables[1]/variable[25]"",""snap_value_id"":""34441"",""variable"":""card_simulator_phase_registry"",""item_1"":80}"
79,68,69,1,0,CONTINUOUS,PASSIVE,SPECIAL,,"{""multipliers"":[2.0]}",,CONTINUE,,REVIEW,no reusable primitive confidently identified,2 x damage to rng-based cards,enemy's rng abilities always fail; 2 x damage to rng-based cards,enemy's rng abilities always fail; 2 x damage to rng-based cards,69,"{""multipliers"":[2.0]}",unverified,"{""file"":""Cards-2.xml"",""xml_path"":""/project[1]/scenes[1]/scene[1]/variables[1]/variable[25]"",""snap_value_id"":""34441"",""variable"":""card_simulator_phase_registry"",""item_1"":81}"
80,69,70,0,90,POST_DAMAGE_TAKEN,ON_DAMAGE_TAKEN,LIFESTEAL > COUNTERATTACK,,"{""percent_values"":[50.0]}",when attacked,NESTED_ATTACK_LOOP,enqueue ATTACK_DECLARE with attacker/defender swapped,HIGH,,gain 50 % lifesteal and counterattack when attacked,gain 50 % lifesteal and counterattack when attacked,gain 50 % lifesteal and counterattack when attacked,70,"{""percent_values"":[50.0]}",unverified,"{""file"":""Cards-2.xml"",""xml_path"":""/project[1]/scenes[1]/scene[1]/variables[1]/variable[25]"",""snap_value_id"":""34441"",""variable"":""card_simulator_phase_registry"",""item_1"":82}"
81,70,71,0,0,CONTINUOUS,PASSIVE,MODIFY_STAT,,"{""multipliers"":[2.0]}",,CONTINUE,,MEDIUM,,"halve hp, 2 x atk","halve hp, 2 x atk","halve hp, 2 x atk",71,"{""multipliers"":[2.0]}",unverified,"{""file"":""Cards-2.xml"",""xml_path"":""/project[1]/scenes[1]/scene[1]/variables[1]/variable[25]"",""snap_value_id"":""34441"",""variable"":""card_simulator_phase_registry"",""item_1"":83}"
82,71,72,0,10,ENTRY,ON_ENTRY,ATTACK,,{},,CONTINUE,,HIGH,,attack on entry,attack on entry,attack on entry,72,{},unverified,"{""file"":""Cards-2.xml"",""xml_path"":""/project[1]/scenes[1]/scene[1]/variables[1]/variable[25]"",""snap_value_id"":""34441"",""variable"":""card_simulator_phase_registry"",""item_1"":84}"
83,72,73,0,50,PRE_HIT,ON_INCOMING_ATTACK,BLOCK > ATTACK,,{},,CONTINUE,,HIGH,,block first attack,block first attack,block first attack,73,{},unverified,"{""file"":""Cards-2.xml"",""xml_path"":""/project[1]/scenes[1]/scene[1]/variables[1]/variable[25]"",""snap_value_id"":""34441"",""variable"":""card_simulator_phase_registry"",""item_1"":85}"
84,73,74,0,60,DAMAGE_CALC,MODIFY_INCOMING_DAMAGE,HEAL,,"{""percent_values"":[70.0]}",,CONTINUE,,HIGH,,heal 70 % of damage taken,heal 70 % of damage taken,heal 70 % of damage taken,74,"{""percent_values"":[70.0]}",unverified,"{""file"":""Cards-2.xml"",""xml_path"":""/project[1]/scenes[1]/scene[1]/variables[1]/variable[25]"",""snap_value_id"":""34441"",""variable"":""card_simulator_phase_registry"",""item_1"":86}"
85,74,75,0,80,POST_DAMAGE_DEALT,AFTER_DAMAGE_DEALT,REMOVE_ABILITY,ENEMY_ACTIVE,{},,CONTINUE,,HIGH,,remove enemy's ability after dealing damage,remove enemy's ability after dealing damage,remove enemy's ability after dealing damage,75,{},unverified,"{""file"":""Cards-2.xml"",""xml_path"":""/project[1]/scenes[1]/scene[1]/variables[1]/variable[25]"",""snap_value_id"":""34441"",""variable"":""card_simulator_phase_registry"",""item_1"":87}"
86,75,76,0,120,DEATH,ON_ALLY_DEATH,REVIVE,,"{""fractions"":[""1/2""]}",if an ally dies,ACTIVE_STATE_TRANSITION,,HIGH,,revive at 1 / 2 hp if an ally dies,revive at 1 / 2 hp if an ally dies,revive at 1 / 2 hp if an ally dies,76,"{""fractions"":[""1/2""]}",unverified,"{""file"":""Cards-2.xml"",""xml_path"":""/project[1]/scenes[1]/scene[1]/variables[1]/variable[25]"",""snap_value_id"":""34441"",""variable"":""card_simulator_phase_registry"",""item_1"":88}"
87,76,77,0,0,CONTINUOUS,WHILE_ACTIVE,STATUS_IMMUNITY,ALL_ALLIES,{},when alive and in party,CONTINUE,,HIGH,,"when alive and in party, all allies become immune to status effects","when alive and in party, all allies become immune to status effects","when alive and in party, all allies become immune to status effects",77,{},unverified,"{""file"":""Cards-2.xml"",""xml_path"":""/project[1]/scenes[1]/scene[1]/variables[1]/variable[25]"",""snap_value_id"":""34441"",""variable"":""card_simulator_phase_registry"",""item_1"":89}"
88,77,78,0,120,DEATH,ON_DEATH,SHIELD > ATTACK,NEXT_ALLY,{},,CONTINUE,,HIGH,,"on death, shield the next card from one attack","on death, shield the next card from one attack","on death, shield the next card from one attack",78,{},unverified,"{""file"":""Cards-2.xml"",""xml_path"":""/project[1]/scenes[1]/scene[1]/variables[1]/variable[25]"",""snap_value_id"":""34441"",""variable"":""card_simulator_phase_registry"",""item_1"":90}"
89,78,79,0,0,CONTINUOUS,PASSIVE,SPECIAL,NEXT_ALLY,{},,CONTINUE,,REVIEW,no reusable primitive confidently identified,"damages the next card, ignoring its on-death ability","damages the next card, ignoring its on-death ability","damages the next card, ignoring its on-death ability",79,{},unverified,"{""file"":""Cards-2.xml"",""xml_path"":""/project[1]/scenes[1]/scene[1]/variables[1]/variable[25]"",""snap_value_id"":""34441"",""variable"":""card_simulator_phase_registry"",""item_1"":91}"
90,79,80,0,40,ATTACK_DECLARE,ATTACK_ACTION,ATTACK,,"{""percent_values"":[50.0]}",,NESTED_ATTACK_LOOP,enqueue additional ATTACK_DECLARE event(s),HIGH,,extra attack for 50 % damage bypassing defenses,extra attack for 50 % damage bypassing defenses,extra attack for 50 % damage bypassing defenses,80,"{""percent_values"":[50.0]}",unverified,"{""file"":""Cards-2.xml"",""xml_path"":""/project[1]/scenes[1]/scene[1]/variables[1]/variable[25]"",""snap_value_id"":""34441"",""variable"":""card_simulator_phase_registry"",""item_1"":92}"
91,80,81,0,90,POST_DAMAGE_TAKEN,ON_DAMAGE_TAKEN,APPLY_STATUS,ENEMY_ACTIVE,"{""duration_turns"":[3]}",when attacked,CONTINUE,,HIGH,,burn target for 3 turns when attacked,burn target for 3 turns when attacked,burn target for 3 turns when attacked,81,"{""duration_turns"":[3]}",unverified,"{""file"":""Cards-2.xml"",""xml_path"":""/project[1]/scenes[1]/scene[1]/variables[1]/variable[25]"",""snap_value_id"":""34441"",""variable"":""card_simulator_phase_registry"",""item_1"":93}"
92,81,82,0,0,CONTINUOUS,PASSIVE,MODIFY_STAT > LIMIT_CAP,,"{""percent_values"":[10.0]}",,CONTINUE,,MEDIUM,,increase stats by 10 % for the first 5 turns,increase stats by 10 % for the first 5 turns,increase stats by 10 % for the first 5 turns,82,"{""percent_values"":[10.0]}",unverified,"{""file"":""Cards-2.xml"",""xml_path"":""/project[1]/scenes[1]/scene[1]/variables[1]/variable[25]"",""snap_value_id"":""34441"",""variable"":""card_simulator_phase_registry"",""item_1"":94}"
93,82,83,0,100,AFTER_ATTACK,AFTER_ATTACK,ATTACK,,"{""percent_values"":[30.0]}",,CONTINUE,,HIGH,,"after attack, stats change by - 10 to + 30 %","after attack, stats change by - 10 to + 30 %","after attack, stats change by - 10 to + 30 %",83,"{""percent_values"":[30.0]}",unverified,"{""file"":""Cards-2.xml"",""xml_path"":""/project[1]/scenes[1]/scene[1]/variables[1]/variable[25]"",""snap_value_id"":""34441"",""variable"":""card_simulator_phase_registry"",""item_1"":95}"
94,83,84,0,10,ENTRY,ON_ENTRY,MODIFY_STAT,NEXT_ALLY,"{""percent_values"":[20.0]}",,CONTINUE,,HIGH,,boost next card's stats by 20 % on entry,boost next card's stats by 20 % on entry,boost next card's stats by 20 % on entry,84,"{""percent_values"":[20.0]}",unverified,"{""file"":""Cards-2.xml"",""xml_path"":""/project[1]/scenes[1]/scene[1]/variables[1]/variable[25]"",""snap_value_id"":""34441"",""variable"":""card_simulator_phase_registry"",""item_1"":96}"
95,84,85,0,10,ENTRY,ON_ENTRY,MODIFY_STAT,,"{""percent_values"":[20.0]}",,CONTINUE,,HIGH,,boost stats by 20 % on entry,boost stats by 20 % on entry; heal 10 % hp for each turn,boost stats by 20 % on entry; heal 10 % hp for each turn,85,"{""percent_values"":[20.0]}",unverified,"{""file"":""Cards-2.xml"",""xml_path"":""/project[1]/scenes[1]/scene[1]/variables[1]/variable[25]"",""snap_value_id"":""34441"",""variable"":""card_simulator_phase_registry"",""item_1"":97}"
96,84,85,1,20,TURN_START,EACH_TURN,HEAL,,"{""percent_values"":[10.0]}",,CONTINUE,repeat each applicable turn,HIGH,,heal 10 % hp for each turn,boost stats by 20 % on entry; heal 10 % hp for each turn,boost stats by 20 % on entry; heal 10 % hp for each turn,85,"{""percent_values"":[10.0]}",unverified,"{""file"":""Cards-2.xml"",""xml_path"":""/project[1]/scenes[1]/scene[1]/variables[1]/variable[25]"",""snap_value_id"":""34441"",""variable"":""card_simulator_phase_registry"",""item_1"":98}"
97,85,86,0,0,CONTINUOUS,PASSIVE,MODIFY_DAMAGE > MODIFY_STAT,ENEMY_ACTIVE,"{""percent_values"":[40.0]}",,CONTINUE,,MEDIUM,,reduce target's atk by 40 % of damage dealt,reduce target's atk by 40 % of damage dealt,reduce target's atk by 40 % of damage dealt,86,"{""percent_values"":[40.0]}",unverified,"{""file"":""Cards-2.xml"",""xml_path"":""/project[1]/scenes[1]/scene[1]/variables[1]/variable[25]"",""snap_value_id"":""34441"",""variable"":""card_simulator_phase_registry"",""item_1"":99}"
98,86,87,0,60,DAMAGE_CALC,ON_INCOMING_DAMAGE,DAMAGE_CAP,SELF,"{""percent_values"":[75.0]}",below 75 % of self atk,CONTINUE,,HIGH,,nullify damage below 75 % of self atk,nullify damage below 75 % of self atk,nullify damage below 75 % of self atk,87,"{""percent_values"":[75.0]}",unverified,"{""file"":""Cards-2.xml"",""xml_path"":""/project[1]/scenes[1]/scene[1]/variables[1]/variable[25]"",""snap_value_id"":""34441"",""variable"":""card_simulator_phase_registry"",""item_1"":100}"
99,87,88,0,0,CONTINUOUS,PASSIVE,SPECIAL,ENEMY_ACTIVE,"{""percent_values"":[40.0]}",,CONTINUE,,REVIEW,no reusable primitive confidently identified,each enemy loses hp equal to 40 % of damage dealt,each enemy loses hp equal to 30 % of damage dealt,each enemy loses hp equal to 40 % of damage dealt,88,"{""percent_values"":[40.0]}",unverified,"{""file"":""Cards-2.xml"",""xml_path"":""/project[1]/scenes[1]/scene[1]/variables[1]/variable[25]"",""snap_value_id"":""34441"",""variable"":""card_simulator_phase_registry"",""item_1"":101}"
100,88,89,0,0,CONTINUOUS,PASSIVE,SPECIAL,,{},,CONTINUE,,REVIEW,no reusable primitive confidently identified,"start with 2 turns, then gain 1 each cycle","start with 2 turns, then gain 1 each cycle","start with 2 turns, then gain 1 each cycle",89,{},unverified,"{""file"":""Cards-2.xml"",""xml_path"":""/project[1]/scenes[1]/scene[1]/variables[1]/variable[25]"",""snap_value_id"":""34441"",""variable"":""card_simulator_phase_registry"",""item_1"":102}"
101,89,90,0,0,CONTINUOUS,PASSIVE,CONVERT_ENEMY,SELF,{},,ACTIVE_STATE_TRANSITION,,MEDIUM,,defeated enemies fight on your side,defeated enemies fight on your side,defeated enemies fight on your side,90,{},unverified,"{""file"":""Cards-2.xml"",""xml_path"":""/project[1]/scenes[1]/scene[1]/variables[1]/variable[25]"",""snap_value_id"":""34441"",""variable"":""card_simulator_phase_registry"",""item_1"":103}"
102,90,91,0,0,CONTINUOUS,PASSIVE,STEAL_STAT,,{},,CONTINUE,,MEDIUM,,steal atk and hp equal to damage dealt,steal atk and hp equal to damage dealt,steal atk and hp equal to damage dealt,91,{},unverified,"{""file"":""Cards-2.xml"",""xml_path"":""/project[1]/scenes[1]/scene[1]/variables[1]/variable[25]"",""snap_value_id"":""34441"",""variable"":""card_simulator_phase_registry"",""item_1"":104}"
103,91,92,0,10,ENTRY,ON_ENTRY,APPLY_STATUS,ENEMY_ACTIVE,{},,CONTINUE,,HIGH,,slow target on entry,slow target on entry,slow target on entry,92,{},unverified,"{""file"":""Cards-2.xml"",""xml_path"":""/project[1]/scenes[1]/scene[1]/variables[1]/variable[25]"",""snap_value_id"":""34441"",""variable"":""card_simulator_phase_registry"",""item_1"":105}"
104,92,93,0,0,CONTINUOUS,PASSIVE,RANDOM_ROLL > DODGE,,"{""probability"":0.6,""percent_values"":[60.0]}",,CONTINUE,,MEDIUM,,60 % chance to dodge attacks,60 % chance to dodge attacks,60 % chance to dodge attacks,93,"{""probability"":0.6,""percent_values"":[60.0]}",unverified,"{""file"":""Cards-2.xml"",""xml_path"":""/project[1]/scenes[1]/scene[1]/variables[1]/variable[25]"",""snap_value_id"":""34441"",""variable"":""card_simulator_phase_registry"",""item_1"":106}"
105,93,94,0,20,TURN_START,EACH_TURN,HEAL,,"{""percent_values"":[35.0]}",,CONTINUE,repeat each applicable turn,HIGH,,heal 35 % hp each turn,heal 35 % hp each turn,heal 35 % hp each turn,94,"{""percent_values"":[35.0]}",unverified,"{""file"":""Cards-2.xml"",""xml_path"":""/project[1]/scenes[1]/scene[1]/variables[1]/variable[25]"",""snap_value_id"":""34441"",""variable"":""card_simulator_phase_registry"",""item_1"":107}"
106,94,95,0,40,ATTACK_DECLARE,ATTACK_ACTION,DEAL_DAMAGE,,"{""multipliers"":[2.0,4.0]}",,CONTINUE,,HIGH,,deal 2 x damage then 4 x with a meteor,deal 2 x damage then 4 x with a meteor,deal 2 x damage then 4 x with a meteor,95,"{""multipliers"":[2.0,4.0]}",unverified,"{""file"":""Cards-2.xml"",""xml_path"":""/project[1]/scenes[1]/scene[1]/variables[1]/variable[25]"",""snap_value_id"":""34441"",""variable"":""card_simulator_phase_registry"",""item_1"":108}"
107,95,96,0,40,ATTACK_DECLARE,ATTACK_ACTION,DEAL_DAMAGE > SKIP_TURN,,"{""multipliers"":[3.0]}",,TURN_CONTROL,,HIGH,,"deal 3 x damage, skip next turn","deal 3 x damage, skip next turn","deal 3 x damage, skip next turn",96,"{""multipliers"":[3.0]}",unverified,"{""file"":""Cards-2.xml"",""xml_path"":""/project[1]/scenes[1]/scene[1]/variables[1]/variable[25]"",""snap_value_id"":""34441"",""variable"":""card_simulator_phase_registry"",""item_1"":109}"
108,96,97,0,0,CONTINUOUS,PASSIVE,EXTRA_TURN,,{},,TURN_CONTROL,,MEDIUM,,"take 3 turns, then 1","take 3 turns, then 1","take 3 turns, then 1",97,{},unverified,"{""file"":""Cards-2.xml"",""xml_path"":""/project[1]/scenes[1]/scene[1]/variables[1]/variable[25]"",""snap_value_id"":""34441"",""variable"":""card_simulator_phase_registry"",""item_1"":110}"
109,97,98,0,50,PRE_HIT,ON_INCOMING_ATTACK,ATTACK > RANDOM_ROLL,ENEMY_ACTIVE|SELF,{},,CONTINUE,,REVIEW,formula must be specified numerically,enemy's hit chance is squared ratio of damage to self max hp,enemy's hit chance is squared ratio of damage to self max hp; on first death awaken instead,enemy's hit chance is squared ratio of damage to self max hp; on first death awaken instead,98,{},unverified,"{""file"":""Cards-2.xml"",""xml_path"":""/project[1]/scenes[1]/scene[1]/variables[1]/variable[25]"",""snap_value_id"":""34441"",""variable"":""card_simulator_phase_registry"",""item_1"":111}"
110,97,98,1,0,CONTINUOUS,PASSIVE,TRANSFORM,,{},,ACTIVE_STATE_TRANSITION,,MEDIUM,,on first death awaken instead,enemy's hit chance is squared ratio of damage to self max hp; on first death awaken instead,enemy's hit chance is squared ratio of damage to self max hp; on first death awaken instead,98,{},unverified,"{""file"":""Cards-2.xml"",""xml_path"":""/project[1]/scenes[1]/scene[1]/variables[1]/variable[25]"",""snap_value_id"":""34441"",""variable"":""card_simulator_phase_registry"",""item_1"":112}"
111,98,99,0,0,CONTINUOUS,PASSIVE,STEAL_STAT > MOVE_CARD,CARD_BEHIND|SELF,"{""percent_values"":[75.0]}",,ACTIVE_STATE_TRANSITION,,MEDIUM,,steal 75 % of the stats from the card behind self and banishes it,steal 75 % of the stats from the card behind self and banishes it; counterattacks,steal 75 % of the stats from the card behind self and banishes it; counterattacks,99,"{""percent_values"":[75.0]}",unverified,"{""file"":""Cards-2.xml"",""xml_path"":""/project[1]/scenes[1]/scene[1]/variables[1]/variable[25]"",""snap_value_id"":""34441"",""variable"":""card_simulator_phase_registry"",""item_1"":113}"
112,98,99,1,90,POST_DAMAGE_TAKEN,COUNTER_ON_DAMAGE,COUNTERATTACK,,{},,NESTED_ATTACK_LOOP,enqueue ATTACK_DECLARE with attacker/defender swapped,HIGH,,counterattacks,steal 75 % of the stats from the card behind self and banishes it; counterattacks,steal 75 % of the stats from the card behind self and banishes it; counterattacks,99,{},unverified,"{""file"":""Cards-2.xml"",""xml_path"":""/project[1]/scenes[1]/scene[1]/variables[1]/variable[25]"",""snap_value_id"":""34441"",""variable"":""card_simulator_phase_registry"",""item_1"":114}"
113,99,100,0,10,ENTRY,ON_ENTRY,APPLY_STATUS,,"{""duration_turns"":[3]}",,CONTINUE,,HIGH,,inflict confusion for 3 turns on entry,inflict confusion for 3 turns on entry; fails if enemy's atk is 400 % higher,inflict confusion for 3 turns on entry; fails if enemy's atk is 400 % higher,100,"{""duration_turns"":[3]}",unverified,"{""file"":""Cards-2.xml"",""xml_path"":""/project[1]/scenes[1]/scene[1]/variables[1]/variable[25]"",""snap_value_id"":""34441"",""variable"":""card_simulator_phase_registry"",""item_1"":115}"
114,99,100,1,0,CONTINUOUS,PASSIVE,SPECIAL,ENEMY_ACTIVE,"{""percent_values"":[400.0]}",if enemy's atk is 400 % higher,CONTINUE,,REVIEW,no reusable primitive confidently identified,fails if enemy's atk is 400 % higher,inflict confusion for 3 turns on entry; fails if enemy's atk is 400 % higher,inflict confusion for 3 turns on entry; fails if enemy's atk is 400 % higher,100,"{""percent_values"":[400.0]}",unverified,"{""file"":""Cards-2.xml"",""xml_path"":""/project[1]/scenes[1]/scene[1]/variables[1]/variable[25]"",""snap_value_id"":""34441"",""variable"":""card_simulator_phase_registry"",""item_1"":116}"
115,100,101,0,110,LETHAL_REPLACEMENT,ON_LETHAL,DODGE,,{},,CONTINUE,,HIGH,,dodge lethal and switch with an ally,dodge lethal and switch with an ally,dodge lethal and switch with an ally,101,{},unverified,"{""file"":""Cards-2.xml"",""xml_path"":""/project[1]/scenes[1]/scene[1]/variables[1]/variable[25]"",""snap_value_id"":""34441"",""variable"":""card_simulator_phase_registry"",""item_1"":117}"
116,101,102,0,50,PRE_HIT,ON_INCOMING_ATTACK,DODGE > ATTACK > BYPASS_DEFENSE,,{},,CONTINUE,,HIGH,,"dodge first attack, bypass defenses","dodge first attack, bypass defenses","dodge first attack, bypass defenses",102,{},unverified,"{""file"":""Cards-2.xml"",""xml_path"":""/project[1]/scenes[1]/scene[1]/variables[1]/variable[25]"",""snap_value_id"":""34441"",""variable"":""card_simulator_phase_registry"",""item_1"":118}"
117,102,103,0,5,ENCOUNTER,ON_ENCOUNTER,DELAYED_DEATH,,"{""duration_turns"":[2]}",,MAY_TERMINATE,,HIGH,,enemies you see die after 2 turns,enemies you see die after 2 turns,enemies you see die after 2 turns,103,"{""duration_turns"":[2]}",unverified,"{""file"":""Cards-2.xml"",""xml_path"":""/project[1]/scenes[1]/scene[1]/variables[1]/variable[25]"",""snap_value_id"":""34441"",""variable"":""card_simulator_phase_registry"",""item_1"":119}"
118,103,104,0,110,LETHAL_REPLACEMENT,ON_LETHAL,ATTACK > SWAP,CARD_AHEAD|SELF,"{""multipliers"":[2.0]}",if card ahead would take lethal attack: self takes its place,ACTIVE_STATE_TRANSITION,,HIGH,,"if card ahead would take lethal attack: self takes its place, blocks attack, and gains 2 x stats","if card ahead would take lethal attack: self takes its place, blocks attack, and gains 2 x stats","if card ahead would take lethal attack: self takes its place, blocks attack, and gains 2 x stats",104,"{""multipliers"":[2.0]}",unverified,"{""file"":""Cards-2.xml"",""xml_path"":""/project[1]/scenes[1]/scene[1]/variables[1]/variable[25]"",""snap_value_id"":""34441"",""variable"":""card_simulator_phase_registry"",""item_1"":120}"
119,104,105,0,10,ENTRY,ON_ENTRY,DEAL_DAMAGE,,"{""multipliers"":[2.0]}",if an ally is dead,CONTINUE,,HIGH,,deal 2 x damage on entry if an ally is dead,deal 2 x damage on entry if an ally is dead,deal 2 x damage on entry if an ally is dead,105,"{""multipliers"":[2.0]}",unverified,"{""file"":""Cards-2.xml"",""xml_path"":""/project[1]/scenes[1]/scene[1]/variables[1]/variable[25]"",""snap_value_id"":""34441"",""variable"":""card_simulator_phase_registry"",""item_1"":121}"
120,105,106,0,0,CONTINUOUS,WHILE_ACTIVE,REMOVE_ABILITY,,{},while in play,CONTINUE,,HIGH,,cancel all abilities while in play,cancel all abilities while in play,cancel all abilities while in play,106,{},unverified,"{""file"":""Cards-2.xml"",""xml_path"":""/project[1]/scenes[1]/scene[1]/variables[1]/variable[25]"",""snap_value_id"":""34441"",""variable"":""card_simulator_phase_registry"",""item_1"":122}"
121,106,107,0,120,DEATH,ON_DEATH,DEAL_DAMAGE,,"{""percent_values"":[300.0]}",,CONTINUE,,HIGH,,"deal 300 % damage after 5 moves, even on death","deal 300 % damage after 5 moves, even on death","deal 300 % damage after 5 moves, even on death",107,"{""percent_values"":[300.0]}",unverified,"{""file"":""Cards-2.xml"",""xml_path"":""/project[1]/scenes[1]/scene[1]/variables[1]/variable[25]"",""snap_value_id"":""34441"",""variable"":""card_simulator_phase_registry"",""item_1"":123}"
122,107,108,0,20,TURN_START,EACH_TURN,MODIFY_STAT,,"{""percent_values"":[20.0],""duration_turns"":[9]}",,CONTINUE,repeat each applicable turn,HIGH,,gain 20 % stats each turn for 9 turns,gain 20 % stats each turn for 9 turns,gain 20 % stats each turn for 9 turns,108,"{""percent_values"":[20.0],""duration_turns"":[9]}",unverified,"{""file"":""Cards-2.xml"",""xml_path"":""/project[1]/scenes[1]/scene[1]/variables[1]/variable[25]"",""snap_value_id"":""34441"",""variable"":""card_simulator_phase_registry"",""item_1"":124}"
123,108,109,0,0,CONTINUOUS,PASSIVE,MODIFY_STAT,,"{""percent_values"":[40.0]}",,CONTINUE,,REVIEW,requires external card/class/named-rule definition,gain 40 % stats for each unique friendship card,gain 40 % stats for each unique friendship card,gain 40 % stats for each unique friendship card,109,"{""percent_values"":[40.0]}",unverified,"{""file"":""Cards-2.xml"",""xml_path"":""/project[1]/scenes[1]/scene[1]/variables[1]/variable[25]"",""snap_value_id"":""34441"",""variable"":""card_simulator_phase_registry"",""item_1"":125}"
124,109,110,0,0,CONTINUOUS,PASSIVE,MODIFY_STAT,,"{""percent_values"":[40.0]}",,CONTINUE,,REVIEW,requires external card/class/named-rule definition,gain 40 % stats for each unique friendship card,gain 40 % stats for each unique friendship card,gain 40 % stats for each unique friendship card,110,"{""percent_values"":[40.0]}",unverified,"{""file"":""Cards-2.xml"",""xml_path"":""/project[1]/scenes[1]/scene[1]/variables[1]/variable[25]"",""snap_value_id"":""34441"",""variable"":""card_simulator_phase_registry"",""item_1"":126}"
125,110,111,0,130,ON_KILL,ON_KILL,DEAL_DAMAGE > MODIFY_STAT > EXTRA_TURN,,"{""multipliers"":[2.0],""percent_values"":[20.0]}",,TURN_CONTROL,,HIGH,,"deal 2 x damage, gain extra turn, and + 20 % stats on kill","deal 2 x damage, gain extra turn, and + 20 % stats on kill","deal 2 x damage, gain extra turn, and + 20 % stats on kill",111,"{""multipliers"":[2.0],""percent_values"":[20.0]}",unverified,"{""file"":""Cards-2.xml"",""xml_path"":""/project[1]/scenes[1]/scene[1]/variables[1]/variable[25]"",""snap_value_id"":""34441"",""variable"":""card_simulator_phase_registry"",""item_1"":127}"
126,111,112,0,20,TURN_START,EACH_TURN,HP_LOSS,ENEMY_ACTIVE,"{""percent_values"":[20.0]}",,CONTINUE,repeat each applicable turn,HIGH,,enemy loses 20 % max hp each turn,enemy loses 20 % max hp each turn,enemy loses 20 % max hp each turn,112,"{""percent_values"":[20.0]}",unverified,"{""file"":""Cards-2.xml"",""xml_path"":""/project[1]/scenes[1]/scene[1]/variables[1]/variable[25]"",""snap_value_id"":""34441"",""variable"":""card_simulator_phase_registry"",""item_1"":128}"
127,112,113,0,110,LETHAL_REPLACEMENT,ON_LETHAL,DODGE > ATTACK,,"{""multipliers"":[2.0]}",,CONTINUE,,HIGH,,dodge first lethal hit then 2 x damage,dodge first lethal hit then 2 x damage,dodge first lethal hit then 2 x damage,113,"{""multipliers"":[2.0]}",unverified,"{""file"":""Cards-2.xml"",""xml_path"":""/project[1]/scenes[1]/scene[1]/variables[1]/variable[25]"",""snap_value_id"":""34441"",""variable"":""card_simulator_phase_registry"",""item_1"":129}"
128,113,114,0,0,CONTINUOUS,PASSIVE,INVINCIBLE,,"{""duration_turns"":[3]}",,MAY_TERMINATE,,MEDIUM,,invincible for 3 turns then dies,invincible for 3 turns then dies,invincible for 3 turns then dies,114,"{""duration_turns"":[3]}",unverified,"{""file"":""Cards-2.xml"",""xml_path"":""/project[1]/scenes[1]/scene[1]/variables[1]/variable[25]"",""snap_value_id"":""34441"",""variable"":""card_simulator_phase_registry"",""item_1"":130}"
129,114,115,0,90,POST_DAMAGE_TAKEN,ON_DAMAGE_TAKEN,SPECIAL,,"{""fractions"":[""1/8""]}",when damaged,CONTINUE,,REVIEW,no reusable primitive confidently identified,lose 1 / 8 stats when damaged,lose 1 / 8 stats when damaged,lose 1 / 8 stats when damaged,115,"{""fractions"":[""1/8""]}",unverified,"{""file"":""Cards-2.xml"",""xml_path"":""/project[1]/scenes[1]/scene[1]/variables[1]/variable[25]"",""snap_value_id"":""34441"",""variable"":""card_simulator_phase_registry"",""item_1"":131}"
130,115,116,0,20,TURN_START,TURN_PERIODIC,SKIP_TURN > MODIFY_DAMAGE,,"{""percent_values"":[100.0],""period_turns"":[3]}",,TURN_CONTROL,run every 3 owner turns,HIGH,,"every 3 turns, enemies rests and you gain 100 % damage","every 3 turns, enemies rests and you gain 100 % damage","every 3 turns, enemies rests and you gain 100 % damage",116,"{""percent_values"":[100.0],""period_turns"":[3]}",unverified,"{""file"":""Cards-2.xml"",""xml_path"":""/project[1]/scenes[1]/scene[1]/variables[1]/variable[25]"",""snap_value_id"":""34441"",""variable"":""card_simulator_phase_registry"",""item_1"":132}"
131,116,117,0,20,TURN_START,TURN_PERIODIC,SPECIAL,ENEMY_ACTIVE,"{""period_turns"":[2]}",,CONTINUE,run every 2 owner turns,REVIEW,no reusable primitive confidently identified,"every other turn, enemy damages themselves","every other turn, enemy damages themselves","every other turn, enemy damages themselves",117,"{""period_turns"":[2]}",unverified,"{""file"":""Cards-2.xml"",""xml_path"":""/project[1]/scenes[1]/scene[1]/variables[1]/variable[25]"",""snap_value_id"":""34441"",""variable"":""card_simulator_phase_registry"",""item_1"":133}"
132,117,118,0,50,PRE_HIT,ON_INCOMING_ATTACK,ATTACK > HEAL,,"{""percent_values"":[80.0]}",,CONTINUE,,HIGH,,nullify every other attack and heal 80 % of its damage,nullify every other attack and heal 80 % of its damage,nullify every other attack and heal 80 % of its damage,118,"{""percent_values"":[80.0]}",unverified,"{""file"":""Cards-2.xml"",""xml_path"":""/project[1]/scenes[1]/scene[1]/variables[1]/variable[25]"",""snap_value_id"":""34441"",""variable"":""card_simulator_phase_registry"",""item_1"":134}"
133,118,119,0,10,ENTRY,ON_ENTRY,APPLY_STATUS,,{},,CONTINUE,,HIGH,,inflicts confusion on entry,"inflicts confusion on entry; if the enemy self-hits: - 20 % atk; else, confusion persists","inflicts confusion on entry; if the enemy self-hits: - 20 % atk; else, confusion persists",119,{},unverified,"{""file"":""Cards-2.xml"",""xml_path"":""/project[1]/scenes[1]/scene[1]/variables[1]/variable[25]"",""snap_value_id"":""34441"",""variable"":""card_simulator_phase_registry"",""item_1"":135}"
134,118,119,1,0,CONTINUOUS,PASSIVE,SPECIAL,ENEMY_ACTIVE|SELF,"{""percent_values"":[20.0]}",if the enemy self-hits: - 20 % atk,CONTINUE,,REVIEW,no reusable primitive confidently identified,if the enemy self-hits: - 20 % atk,"inflicts confusion on entry; if the enemy self-hits: - 20 % atk; else, confusion persists","inflicts confusion on entry; if the enemy self-hits: - 20 % atk; else, confusion persists",119,"{""percent_values"":[20.0]}",unverified,"{""file"":""Cards-2.xml"",""xml_path"":""/project[1]/scenes[1]/scene[1]/variables[1]/variable[25]"",""snap_value_id"":""34441"",""variable"":""card_simulator_phase_registry"",""item_1"":136}"
135,118,119,2,0,CONTINUOUS,PASSIVE,APPLY_STATUS,,{},,CONTINUE,,MEDIUM,,"else, confusion persists","inflicts confusion on entry; if the enemy self-hits: - 20 % atk; else, confusion persists","inflicts confusion on entry; if the enemy self-hits: - 20 % atk; else, confusion persists",119,{},unverified,"{""file"":""Cards-2.xml"",""xml_path"":""/project[1]/scenes[1]/scene[1]/variables[1]/variable[25]"",""snap_value_id"":""34441"",""variable"":""card_simulator_phase_registry"",""item_1"":137}"
136,119,120,0,0,CONTINUOUS,PASSIVE,SPECIAL,,"{""percent_values"":[30.0],""duration_turns"":[2]}",,CONTINUE,,REVIEW,no reusable primitive confidently identified,stats increase by 30 % for 2 turns,stats increase by 30 % for 2 turns; awaken after 2 turns,stats increase by 30 % for 2 turns; awaken on the 3rd turn,120,"{""percent_values"":[30.0],""duration_turns"":[2]}",unverified,"{""file"":""Cards-2.xml"",""xml_path"":""/project[1]/scenes[1]/scene[1]/variables[1]/variable[25]"",""snap_value_id"":""34441"",""variable"":""card_simulator_phase_registry"",""item_1"":138}"
137,119,120,1,0,CONTINUOUS,PASSIVE,TRANSFORM,,{},,ACTIVE_STATE_TRANSITION,,MEDIUM,,awaken on the 3rd turn,stats increase by 30 % for 2 turns; awaken after 2 turns,stats increase by 30 % for 2 turns; awaken on the 3rd turn,120,{},unverified,"{""file"":""Cards-2.xml"",""xml_path"":""/project[1]/scenes[1]/scene[1]/variables[1]/variable[25]"",""snap_value_id"":""34441"",""variable"":""card_simulator_phase_registry"",""item_1"":139}"
138,120,121,0,140,TURN_END,ON_TURN_END,MODIFY_STAT,,"{""percent_values"":[30.0]}",,CONTINUE,repeat each applicable turn,HIGH,,gain 30 % atk each turn end,gain 30 % atk each turn end,gain 30 % atk each turn end,121,"{""percent_values"":[30.0]}",unverified,"{""file"":""Cards-2.xml"",""xml_path"":""/project[1]/scenes[1]/scene[1]/variables[1]/variable[25]"",""snap_value_id"":""34441"",""variable"":""card_simulator_phase_registry"",""item_1"":140}"
139,121,122,0,0,CONTINUOUS,PASSIVE,RANDOM_ROLL > SWAP > DEAL_DAMAGE,ENEMY_ACTIVE,"{""probability"":0.5,""multipliers"":[3.0],""percent_values"":[50.0]}",,ACTIVE_STATE_TRANSITION,,MEDIUM,,50 % chance to swap the enemy's current card and deal 3 x damage,50 % chance to swap the enemy's current card and deal 3 x damage,50 % chance to swap the enemy's current card and deal 3 x damage,122,"{""probability"":0.5,""multipliers"":[3.0],""percent_values"":[50.0]}",unverified,"{""file"":""Cards-2.xml"",""xml_path"":""/project[1]/scenes[1]/scene[1]/variables[1]/variable[25]"",""snap_value_id"":""34441"",""variable"":""card_simulator_phase_registry"",""item_1"":141}"
140,122,123,0,130,ON_KILL,ON_KILL,HEAL,,{},,CONTINUE,,HIGH,,heal to full hp on kill,heal to full hp on kill,heal to full hp on kill,123,{},unverified,"{""file"":""Cards-2.xml"",""xml_path"":""/project[1]/scenes[1]/scene[1]/variables[1]/variable[25]"",""snap_value_id"":""34441"",""variable"":""card_simulator_phase_registry"",""item_1"":142}"
141,123,124,0,60,DAMAGE_CALC,MODIFY_INCOMING_DAMAGE,SPECIAL,,"{""fractions"":[""1/3""]}",,CONTINUE,,REVIEW,no reusable primitive confidently identified,take 1 / 3 less damage from demons,take 1 / 3 less damage from demons,take 1 / 3 less damage from demons,124,"{""fractions"":[""1/3""]}",unverified,"{""file"":""Cards-2.xml"",""xml_path"":""/project[1]/scenes[1]/scene[1]/variables[1]/variable[25]"",""snap_value_id"":""34441"",""variable"":""card_simulator_phase_registry"",""item_1"":143}"
142,124,125,0,150,DELAYED,DELAYED,HEAL > EXTRA_TURN,,{},,TURN_CONTROL,,HIGH,,heal by max hp after allies take 3 turns,heal by max hp after allies take 3 turns,heal by max hp after allies take 3 turns,125,{},unverified,"{""file"":""Cards-2.xml"",""xml_path"":""/project[1]/scenes[1]/scene[1]/variables[1]/variable[25]"",""snap_value_id"":""34441"",""variable"":""card_simulator_phase_registry"",""item_1"":144}"
143,125,126,0,0,CONTINUOUS,PASSIVE,MODIFY_STAT > TRANSFORM,,"{""percent_values"":[30.0],""duration_turns"":[2]}",,ACTIVE_STATE_TRANSITION,,MEDIUM,,gain 30 % stats for 2 turns and awaken on the third,gain 30 % stats for 2 turns and awaken on the third,gain 30 % stats for 2 turns and awaken on the third,126,"{""percent_values"":[30.0],""duration_turns"":[2]}",unverified,"{""file"":""Cards-2.xml"",""xml_path"":""/project[1]/scenes[1]/scene[1]/variables[1]/variable[25]"",""snap_value_id"":""34441"",""variable"":""card_simulator_phase_registry"",""item_1"":145}"
144,126,127,0,20,TURN_START,ON_TURN_START,HP_LOSS,ENEMY_ACTIVE,"{""percent_values"":[30.0]}",,CONTINUE,,HIGH,,enemy loses 30 % of their current hp turn start,enemy loses 30 % of their current hp turn start,enemy loses 30 % of their current hp turn start,127,"{""percent_values"":[30.0]}",unverified,"{""file"":""Cards-2.xml"",""xml_path"":""/project[1]/scenes[1]/scene[1]/variables[1]/variable[25]"",""snap_value_id"":""34441"",""variable"":""card_simulator_phase_registry"",""item_1"":146}"
145,127,128,0,0,CONTINUOUS,PASSIVE,MODIFY_DAMAGE,,"{""percent_values"":[35.0]}",,CONTINUE,,MEDIUM,,reduce damage by 35 %,reduce damage by 35 %; boost allies' stats by 10 % each turn,reduce damage by 35 %; boost allies' stats by 10 % each turn,128,"{""percent_values"":[35.0]}",unverified,"{""file"":""Cards-2.xml"",""xml_path"":""/project[1]/scenes[1]/scene[1]/variables[1]/variable[25]"",""snap_value_id"":""34441"",""variable"":""card_simulator_phase_registry"",""item_1"":147}"
146,127,128,1,20,TURN_START,EACH_TURN,MODIFY_STAT,,"{""percent_values"":[10.0]}",,CONTINUE,repeat each applicable turn,HIGH,,boost allies' stats by 10 % each turn,reduce damage by 35 %; boost allies' stats by 10 % each turn,reduce damage by 35 %; boost allies' stats by 10 % each turn,128,"{""percent_values"":[10.0]}",unverified,"{""file"":""Cards-2.xml"",""xml_path"":""/project[1]/scenes[1]/scene[1]/variables[1]/variable[25]"",""snap_value_id"":""34441"",""variable"":""card_simulator_phase_registry"",""item_1"":148}"
147,128,129,0,10,ENTRY,ON_ENTRY,ABILITY_SELECT,,{},,CONTINUE,,REVIEW,requires external card/class/named-rule definition,"on entry, manifest 1 of 6 weapons, gaining its unique ability","on entry, manifest 1 of 6 weapons, gaining its unique ability","on entry, manifest 1 of 6 weapons, gaining its unique ability",129,{},unverified,"{""file"":""Cards-2.xml"",""xml_path"":""/project[1]/scenes[1]/scene[1]/variables[1]/variable[25]"",""snap_value_id"":""34441"",""variable"":""card_simulator_phase_registry"",""item_1"":149}"
148,129,130,0,0,CONTINUOUS,PASSIVE,SUMMON > RANDOM_ROLL > MOVE_CARD,RANDOM_ENEMY|SELF,{},,ACTIVE_STATE_TRANSITION,,REVIEW,requires explicit random pool/distribution,create a random card with self stats and place it at the end of ally deck,create a random card with self stats and place it at the end of ally deck,create a random card with self stats and place it at the end of ally deck,130,{},unverified,"{""file"":""Cards-2.xml"",""xml_path"":""/project[1]/scenes[1]/scene[1]/variables[1]/variable[25]"",""snap_value_id"":""34441"",""variable"":""card_simulator_phase_registry"",""item_1"":150}"
149,130,131,0,10,ENTRY,ON_ENTRY,MODIFY_STAT,,"{""percent_values"":[65.0]}",,CONTINUE,,HIGH,,boost stats by 65 % on entry,boost stats by 65 % on entry,boost stats by 65 % on entry,131,"{""percent_values"":[65.0]}",unverified,"{""file"":""Cards-2.xml"",""xml_path"":""/project[1]/scenes[1]/scene[1]/variables[1]/variable[25]"",""snap_value_id"":""34441"",""variable"":""card_simulator_phase_registry"",""item_1"":151}"
150,131,132,0,10,ENTRY,ON_ENTRY,MODIFY_DAMAGE > MODIFY_STAT,,"{""percent_values"":[200.0]}",,CONTINUE,,HIGH,,"gain 200 % atk on entry, lose atk equal to damage taken","gain 200 % atk on entry, lose atk equal to damage taken; heal 35 % and gain 35 % atk on kill","gain 200 % atk on entry, lose atk equal to damage taken; heal 35 % and gain 35 % atk on kill",132,"{""percent_values"":[200.0]}",unverified,"{""file"":""Cards-2.xml"",""xml_path"":""/project[1]/scenes[1]/scene[1]/variables[1]/variable[25]"",""snap_value_id"":""34441"",""variable"":""card_simulator_phase_registry"",""item_1"":152}"
151,131,132,1,130,ON_KILL,ON_KILL,HEAL > MODIFY_STAT,,"{""percent_values"":[35.0,35.0]}",,CONTINUE,,HIGH,,heal 35 % and gain 35 % atk on kill,"gain 200 % atk on entry, lose atk equal to damage taken; heal 35 % and gain 35 % atk on kill","gain 200 % atk on entry, lose atk equal to damage taken; heal 35 % and gain 35 % atk on kill",132,"{""percent_values"":[35.0,35.0]}",unverified,"{""file"":""Cards-2.xml"",""xml_path"":""/project[1]/scenes[1]/scene[1]/variables[1]/variable[25]"",""snap_value_id"":""34441"",""variable"":""card_simulator_phase_registry"",""item_1"":153}"
152,132,133,0,60,DAMAGE_CALC,MODIFY_INCOMING_DAMAGE,REDIRECT_DAMAGE,SELF,"{""percent_values"":[50.0]}",,CONTINUE,,HIGH,,redirect 50 % of damage taken by allies to self,redirect 50 % of damage taken by allies to self,redirect 50 % of damage taken by allies to self,133,"{""percent_values"":[50.0]}",unverified,"{""file"":""Cards-2.xml"",""xml_path"":""/project[1]/scenes[1]/scene[1]/variables[1]/variable[25]"",""snap_value_id"":""34441"",""variable"":""card_simulator_phase_registry"",""item_1"":154}"
153,133,134,0,10,ENTRY,ON_ENTRY,DEAL_DAMAGE,,"{""percent_values"":[150.0]}",,CONTINUE,,HIGH,,"deal 150 % damage on entry, ignoring defenses","deal 150 % damage on entry, ignoring defenses","deal 150 % damage on entry, ignoring defenses",134,"{""percent_values"":[150.0]}",unverified,"{""file"":""Cards-2.xml"",""xml_path"":""/project[1]/scenes[1]/scene[1]/variables[1]/variable[25]"",""snap_value_id"":""34441"",""variable"":""card_simulator_phase_registry"",""item_1"":155}"
154,134,135,0,110,LETHAL_REPLACEMENT,ON_LETHAL,REVIVE,,"{""multipliers"":[2.0],""fractions"":[""1/2""]}",,ACTIVE_STATE_TRANSITION,,HIGH,,revive with 1 / 2 hp and 2 x atk,revive with 1 / 2 hp and 2 x atk; burn attackers for 2 turns,revive with 1 / 2 hp and 2 x atk; burn attackers for 2 turns,135,"{""multipliers"":[2.0],""fractions"":[""1/2""]}",unverified,"{""file"":""Cards-2.xml"",""xml_path"":""/project[1]/scenes[1]/scene[1]/variables[1]/variable[25]"",""snap_value_id"":""34441"",""variable"":""card_simulator_phase_registry"",""item_1"":156}"
155,134,135,1,0,CONTINUOUS,PASSIVE,APPLY_STATUS,,"{""duration_turns"":[2]}",,CONTINUE,,MEDIUM,,burn attackers for 2 turns,revive with 1 / 2 hp and 2 x atk; burn attackers for 2 turns,revive with 1 / 2 hp and 2 x atk; burn attackers for 2 turns,135,"{""duration_turns"":[2]}",unverified,"{""file"":""Cards-2.xml"",""xml_path"":""/project[1]/scenes[1]/scene[1]/variables[1]/variable[25]"",""snap_value_id"":""34441"",""variable"":""card_simulator_phase_registry"",""item_1"":157}"
156,135,136,0,20,TURN_START,EACH_TURN,HEAL > RANDOM_ROLL > MODIFY_STAT,,"{""probability"":0.5,""percent_values"":[20.0,50.0,30.0]}",,CONTINUE,repeat each applicable turn,HIGH,,"heal 20 % hp each turn, with 50 % chance to gain 30 % atk","heal 20 % hp each turn, with 50 % chance to gain 30 % atk","heal 20 % hp each turn, with 50 % chance to gain 30 % atk",136,"{""probability"":0.5,""percent_values"":[20.0,50.0,30.0]}",unverified,"{""file"":""Cards-2.xml"",""xml_path"":""/project[1]/scenes[1]/scene[1]/variables[1]/variable[25]"",""snap_value_id"":""34441"",""variable"":""card_simulator_phase_registry"",""item_1"":158}"
157,136,137,0,0,CONTINUOUS,PASSIVE,ABILITY_LOCK,ENEMY_ACTIVE,"{""duration_turns"":[3]}",,CONTINUE,,MEDIUM,,enemy's cards cannot use abilities for 3 turns,enemy's cards cannot use abilities for 3 turns,enemy's cards cannot use abilities for 3 turns,137,"{""duration_turns"":[3]}",unverified,"{""file"":""Cards-2.xml"",""xml_path"":""/project[1]/scenes[1]/scene[1]/variables[1]/variable[25]"",""snap_value_id"":""34441"",""variable"":""card_simulator_phase_registry"",""item_1"":159}"
158,137,138,0,0,CONTINUOUS,HP_THRESHOLD,TRANSFORM,,"{""percent_values"":[50.0]}",when hp falls below 50 % | below 50 %,ACTIVE_STATE_TRANSITION,,HIGH,,transform when hp falls below 50 %,transform when hp falls below 50 %,transform when hp falls below 50 %,138,"{""percent_values"":[50.0]}",unverified,"{""file"":""Cards-2.xml"",""xml_path"":""/project[1]/scenes[1]/scene[1]/variables[1]/variable[25]"",""snap_value_id"":""34441"",""variable"":""card_simulator_phase_registry"",""item_1"":160}"
159,138,139,0,30,PRE_ACTION,ACTION_REPLACEMENT,REVIVE > HEAL,,"{""percent_values"":[50.0]}",,ACTIVE_STATE_TRANSITION,,HIGH,,revive a dead ally or heal a living one by 50 % instead of attacking,revive a dead ally or heal a living one by 50 % instead of attacking; move to end of deck if fully healed,revive a dead ally or heal a living one by 50 % instead of attacking; move to end of deck if fully healed,139,"{""percent_values"":[50.0]}",unverified,"{""file"":""Cards-2.xml"",""xml_path"":""/project[1]/scenes[1]/scene[1]/variables[1]/variable[25]"",""snap_value_id"":""34441"",""variable"":""card_simulator_phase_registry"",""item_1"":161}"
160,138,139,1,0,CONTINUOUS,PASSIVE,MOVE_CARD,,{},if fully healed,ACTIVE_STATE_TRANSITION,,MEDIUM,,move to end of deck if fully healed,revive a dead ally or heal a living one by 50 % instead of attacking; move to end of deck if fully healed,revive a dead ally or heal a living one by 50 % instead of attacking; move to end of deck if fully healed,139,{},unverified,"{""file"":""Cards-2.xml"",""xml_path"":""/project[1]/scenes[1]/scene[1]/variables[1]/variable[25]"",""snap_value_id"":""34441"",""variable"":""card_simulator_phase_registry"",""item_1"":162}"
161,139,140,0,20,TURN_START,TURN_PERIODIC,SPECIAL,,"{""multipliers"":[2.0],""period_turns"":[3]}",,CONTINUE,run every 3 owner turns,REVIEW,no reusable primitive confidently identified,2 x hp and atk every 3 turns,2 x hp and atk every 3 turns,2 x hp and atk every 3 turns,140,"{""multipliers"":[2.0],""period_turns"":[3]}",unverified,"{""file"":""Cards-2.xml"",""xml_path"":""/project[1]/scenes[1]/scene[1]/variables[1]/variable[25]"",""snap_value_id"":""34441"",""variable"":""card_simulator_phase_registry"",""item_1"":163}"
162,140,141,0,120,DEATH,ON_DEATH,SPECIAL,,{},,CONTINUE,,REVIEW,no reusable primitive confidently identified,"on death, gain 3 fossils","on death, gain 3 fossils","on death, gain 3 fossils",141,{},unverified,"{""file"":""Cards-2.xml"",""xml_path"":""/project[1]/scenes[1]/scene[1]/variables[1]/variable[25]"",""snap_value_id"":""34441"",""variable"":""card_simulator_phase_registry"",""item_1"":164}"
163,141,142,0,20,TURN_START,TURN_PERIODIC,SHIELD,,"{""period_turns"":[2]}",,CONTINUE,run every 2 owner turns,HIGH,,"every other turn, gain a shield","every other turn, gain a shield","every other turn, gain a shield",142,"{""period_turns"":[2]}",unverified,"{""file"":""Cards-2.xml"",""xml_path"":""/project[1]/scenes[1]/scene[1]/variables[1]/variable[25]"",""snap_value_id"":""34441"",""variable"":""card_simulator_phase_registry"",""item_1"":165}"
164,142,143,0,40,ATTACK_DECLARE,ATTACK_ACTION,ATTACK > RANDOM_ROLL,RANDOM_ENEMY|ENEMY_ACTIVE,{},,CONTINUE,,HIGH,,attack a random living card in the enemy deck,attack a random living card in the enemy deck,attack a random living card in the enemy deck,143,{},unverified,"{""file"":""Cards-2.xml"",""xml_path"":""/project[1]/scenes[1]/scene[1]/variables[1]/variable[25]"",""snap_value_id"":""34441"",""variable"":""card_simulator_phase_registry"",""item_1"":166}"
165,143,144,0,10,ENTRY,ON_ENTRY,ATTACK,,{},,CONTINUE,,HIGH,,attack on entry,attack on entry; excess damage from kill carries over to the next card,attack on entry; excess damage from kill carries over to the next card,144,{},unverified,"{""file"":""Cards-2.xml"",""xml_path"":""/project[1]/scenes[1]/scene[1]/variables[1]/variable[25]"",""snap_value_id"":""34441"",""variable"":""card_simulator_phase_registry"",""item_1"":167}"
166,143,144,1,0,CONTINUOUS,PASSIVE,SPECIAL,NEXT_ALLY,{},,CONTINUE,,REVIEW,no reusable primitive confidently identified,excess damage from kill carries over to the next card,attack on entry; excess damage from kill carries over to the next card,attack on entry; excess damage from kill carries over to the next card,144,{},unverified,"{""file"":""Cards-2.xml"",""xml_path"":""/project[1]/scenes[1]/scene[1]/variables[1]/variable[25]"",""snap_value_id"":""34441"",""variable"":""card_simulator_phase_registry"",""item_1"":168}"
167,144,145,0,20,TURN_START,TURN_PERIODIC,ATTACK,,"{""period_turns"":[2]}",,CONTINUE,run every 2 owner turns,HIGH,,"attack every other turn, dodges attack on turns it does not","attack every other turn, dodges attack on turns it does not; 1.5 x damage","attack every other turn, dodges attack on turns it does not; 1.5 x damage",145,"{""period_turns"":[2]}",unverified,"{""file"":""Cards-2.xml"",""xml_path"":""/project[1]/scenes[1]/scene[1]/variables[1]/variable[25]"",""snap_value_id"":""34441"",""variable"":""card_simulator_phase_registry"",""item_1"":169}"
168,144,145,1,0,CONTINUOUS,PASSIVE,SPECIAL,,"{""multipliers"":[1.5]}",,CONTINUE,,REVIEW,no reusable primitive confidently identified,1.5 x damage,"attack every other turn, dodges attack on turns it does not; 1.5 x damage","attack every other turn, dodges attack on turns it does not; 1.5 x damage",145,"{""multipliers"":[1.5]}",unverified,"{""file"":""Cards-2.xml"",""xml_path"":""/project[1]/scenes[1]/scene[1]/variables[1]/variable[25]"",""snap_value_id"":""34441"",""variable"":""card_simulator_phase_registry"",""item_1"":170}"
169,145,146,0,10,ENTRY,ON_ENTRY,ATTACK > APPLY_STATUS,,{},,CONTINUE,,HIGH,,"on entry, attack and apply poison","on entry, attack and apply poison; dodge the first lethal attack and swap with the next ally","on entry, attack and apply poison; dodge the first lethal attack and swap with the next ally",146,{},unverified,"{""file"":""Cards-2.xml"",""xml_path"":""/project[1]/scenes[1]/scene[1]/variables[1]/variable[25]"",""snap_value_id"":""34441"",""variable"":""card_simulator_phase_registry"",""item_1"":171}"
170,145,146,1,110,LETHAL_REPLACEMENT,ON_LETHAL,DODGE > ATTACK > SWAP,NEXT_ALLY,{},,ACTIVE_STATE_TRANSITION,,HIGH,,dodge the first lethal attack and swap with the next ally,"on entry, attack and apply poison; dodge the first lethal attack and swap with the next ally","on entry, attack and apply poison; dodge the first lethal attack and swap with the next ally",146,{},unverified,"{""file"":""Cards-2.xml"",""xml_path"":""/project[1]/scenes[1]/scene[1]/variables[1]/variable[25]"",""snap_value_id"":""34441"",""variable"":""card_simulator_phase_registry"",""item_1"":172}"
171,146,147,0,10,ENTRY,ON_ENTRY,APPLY_STATUS,ENEMY_ACTIVE,{},,CONTINUE,,HIGH,,on entry freeze the enemy,on entry freeze the enemy; attacks twice,on entry freeze the enemy; attacks twice,147,{},unverified,"{""file"":""Cards-2.xml"",""xml_path"":""/project[1]/scenes[1]/scene[1]/variables[1]/variable[25]"",""snap_value_id"":""34441"",""variable"":""card_simulator_phase_registry"",""item_1"":173}"
172,146,147,1,40,ATTACK_DECLARE,ATTACK_ACTION,MULTI_ATTACK,,{},,NESTED_ATTACK_LOOP,enqueue additional ATTACK_DECLARE event(s),HIGH,,attacks twice,on entry freeze the enemy; attacks twice,on entry freeze the enemy; attacks twice,147,{},unverified,"{""file"":""Cards-2.xml"",""xml_path"":""/project[1]/scenes[1]/scene[1]/variables[1]/variable[25]"",""snap_value_id"":""34441"",""variable"":""card_simulator_phase_registry"",""item_1"":174}"
173,147,148,0,0,CONTINUOUS,PASSIVE,RANDOM_ROLL > DODGE,,"{""probability"":0.4,""percent_values"":[40.0]}",,CONTINUE,,MEDIUM,,40 % chance to dodge attacks,"40 % chance to dodge attacks; if it does, next attack deals 2 x damage","40 % chance to dodge attacks; if it does, next attack deals 2 x damage",148,"{""probability"":0.4,""percent_values"":[40.0]}",unverified,"{""file"":""Cards-2.xml"",""xml_path"":""/project[1]/scenes[1]/scene[1]/variables[1]/variable[25]"",""snap_value_id"":""34441"",""variable"":""card_simulator_phase_registry"",""item_1"":175}"
174,147,148,1,0,CONTINUOUS,PASSIVE,ATTACK > DEAL_DAMAGE,,"{""multipliers"":[2.0]}",if it does,CONTINUE,,MEDIUM,,"if it does, next attack deals 2 x damage","40 % chance to dodge attacks; if it does, next attack deals 2 x damage","40 % chance to dodge attacks; if it does, next attack deals 2 x damage",148,"{""multipliers"":[2.0]}",unverified,"{""file"":""Cards-2.xml"",""xml_path"":""/project[1]/scenes[1]/scene[1]/variables[1]/variable[25]"",""snap_value_id"":""34441"",""variable"":""card_simulator_phase_registry"",""item_1"":176}"
175,148,149,0,0,CONTINUOUS,PASSIVE,BYPASS_DEFENSE,,{},,CONTINUE,,MEDIUM,,ignores defense abilities,ignores defense abilities,ignores defense abilities,149,{},unverified,"{""file"":""Cards-2.xml"",""xml_path"":""/project[1]/scenes[1]/scene[1]/variables[1]/variable[25]"",""snap_value_id"":""34441"",""variable"":""card_simulator_phase_registry"",""item_1"":177}"
176,149,150,0,20,TURN_START,EACH_TURN,RANDOM_ROLL > HEAL,,"{""probability"":0.4,""percent_values"":[40.0]}",,CONTINUE,repeat each applicable turn,HIGH,,40 % chance each turn to heal to full,40 % chance each turn to heal to full,40 % chance each turn to heal to full,150,"{""probability"":0.4,""percent_values"":[40.0]}",unverified,"{""file"":""Cards-2.xml"",""xml_path"":""/project[1]/scenes[1]/scene[1]/variables[1]/variable[25]"",""snap_value_id"":""34441"",""variable"":""card_simulator_phase_registry"",""item_1"":178}"
177,150,151,0,40,ATTACK_DECLARE,ATTACK_ACTION,DEATH_STATE,,"{""multipliers"":[10.0]}",,MAY_TERMINATE,,HIGH,,attacks with 10 x damage and dies,"attacks with 10 x damage and dies; on death, + 2 fossils","attacks with 10 x damage and dies; on death, + 2 fossils",151,"{""multipliers"":[10.0]}",unverified,"{""file"":""Cards-2.xml"",""xml_path"":""/project[1]/scenes[1]/scene[1]/variables[1]/variable[25]"",""snap_value_id"":""34441"",""variable"":""card_simulator_phase_registry"",""item_1"":179}"
178,150,151,1,120,DEATH,ON_DEATH,SPECIAL,,{},,CONTINUE,,REVIEW,no reusable primitive confidently identified,"on death, + 2 fossils","attacks with 10 x damage and dies; on death, + 2 fossils","attacks with 10 x damage and dies; on death, + 2 fossils",151,{},unverified,"{""file"":""Cards-2.xml"",""xml_path"":""/project[1]/scenes[1]/scene[1]/variables[1]/variable[25]"",""snap_value_id"":""34441"",""variable"":""card_simulator_phase_registry"",""item_1"":180}"
179,151,152,0,10,ENTRY,ON_ENTRY,RANDOM_ROLL,ENEMY_ACTIVE,"{""probability"":0.5,""percent_values"":[50.0]}",,CONTINUE,,REVIEW,requires external card/class/named-rule definition,"on entry, 50 % chance to negate the enemy's blue aura card","on entry, 50 % chance to negate the enemy's blue aura card; cannot be killed by abilities","on entry, 50 % chance to negate the enemy's blue aura card; cannot be killed by abilities",152,"{""probability"":0.5,""percent_values"":[50.0]}",unverified,"{""file"":""Cards-2.xml"",""xml_path"":""/project[1]/scenes[1]/scene[1]/variables[1]/variable[25]"",""snap_value_id"":""34441"",""variable"":""card_simulator_phase_registry"",""item_1"":181}"
180,151,152,1,0,CONTINUOUS,PASSIVE,SPECIAL,,{},,CONTINUE,,REVIEW,no reusable primitive confidently identified,cannot be killed by abilities,"on entry, 50 % chance to negate the enemy's blue aura card; cannot be killed by abilities","on entry, 50 % chance to negate the enemy's blue aura card; cannot be killed by abilities",152,{},unverified,"{""file"":""Cards-2.xml"",""xml_path"":""/project[1]/scenes[1]/scene[1]/variables[1]/variable[25]"",""snap_value_id"":""34441"",""variable"":""card_simulator_phase_registry"",""item_1"":182}"
181,152,153,0,60,DAMAGE_CALC,MODIFY_INCOMING_DAMAGE,SPECIAL,,"{""percent_values"":[25.0]}",,CONTINUE,,REVIEW,no reusable primitive confidently identified,takes 25 % less damage,takes 25 % less damage; when attacked the enemy bleeds; counterattacks,takes 25 % less damage; when attacked the enemy bleeds; counterattacks,153,"{""percent_values"":[25.0]}",unverified,"{""file"":""Cards-2.xml"",""xml_path"":""/project[1]/scenes[1]/scene[1]/variables[1]/variable[25]"",""snap_value_id"":""34441"",""variable"":""card_simulator_phase_registry"",""item_1"":183}"
182,152,153,1,90,POST_DAMAGE_TAKEN,ON_DAMAGE_TAKEN,SPECIAL,ENEMY_ACTIVE,{},when attacked the enemy bleeds,CONTINUE,,REVIEW,no reusable primitive confidently identified,when attacked the enemy bleeds,takes 25 % less damage; when attacked the enemy bleeds; counterattacks,takes 25 % less damage; when attacked the enemy bleeds; counterattacks,153,{},unverified,"{""file"":""Cards-2.xml"",""xml_path"":""/project[1]/scenes[1]/scene[1]/variables[1]/variable[25]"",""snap_value_id"":""34441"",""variable"":""card_simulator_phase_registry"",""item_1"":184}"
183,152,153,2,90,POST_DAMAGE_TAKEN,COUNTER_ON_DAMAGE,COUNTERATTACK,,{},,NESTED_ATTACK_LOOP,enqueue ATTACK_DECLARE with attacker/defender swapped,HIGH,,counterattacks,takes 25 % less damage; when attacked the enemy bleeds; counterattacks,takes 25 % less damage; when attacked the enemy bleeds; counterattacks,153,{},unverified,"{""file"":""Cards-2.xml"",""xml_path"":""/project[1]/scenes[1]/scene[1]/variables[1]/variable[25]"",""snap_value_id"":""34441"",""variable"":""card_simulator_phase_registry"",""item_1"":185}"
184,153,154,0,90,POST_DAMAGE_TAKEN,ON_DAMAGE_TAKEN,INSTANT_KILL > RESOURCE > LIMIT_CAP,,{},,MAY_TERMINATE,,HIGH,,on damage inflict death in: 5 - fossil count (max 2) turns,on damage inflict death in: 5 - fossil count (max 2) turns,on damage inflict death in: 5 - fossil count (max 2) turns,154,{},unverified,"{""file"":""Cards-2.xml"",""xml_path"":""/project[1]/scenes[1]/scene[1]/variables[1]/variable[25]"",""snap_value_id"":""34441"",""variable"":""card_simulator_phase_registry"",""item_1"":186}"
185,154,155,0,30,PRE_ACTION,BEFORE_ATTACK,ATTACK,,{},,CONTINUE,,HIGH,,charges for one turn before attack,charges for one turn before attack; deals 75 % damage; damages fossil count + 1 enemies in the deck (max of 3),charges for one turn before attack; deals 75 % damage; damages fossil count + 1 enemies in the deck (max of 3),155,{},unverified,"{""file"":""Cards-2.xml"",""xml_path"":""/project[1]/scenes[1]/scene[1]/variables[1]/variable[25]"",""snap_value_id"":""34441"",""variable"":""card_simulator_phase_registry"",""item_1"":187}"
186,154,155,1,40,ATTACK_DECLARE,ATTACK_ACTION,DEAL_DAMAGE,,"{""percent_values"":[75.0]}",,CONTINUE,,HIGH,,deals 75 % damage,charges for one turn before attack; deals 75 % damage; damages fossil count + 1 enemies in the deck (max of 3),charges for one turn before attack; deals 75 % damage; damages fossil count + 1 enemies in the deck (max of 3),155,"{""percent_values"":[75.0]}",unverified,"{""file"":""Cards-2.xml"",""xml_path"":""/project[1]/scenes[1]/scene[1]/variables[1]/variable[25]"",""snap_value_id"":""34441"",""variable"":""card_simulator_phase_registry"",""item_1"":188}"
187,154,155,2,0,CONTINUOUS,PASSIVE,RESOURCE > LIMIT_CAP,,"{""counts"":[1]}",,CONTINUE,,MEDIUM,,damages fossil count + 1 enemies in the deck (max of 3),charges for one turn before attack; deals 75 % damage; damages fossil count + 1 enemies in the deck (max of 3),charges for one turn before attack; deals 75 % damage; damages fossil count + 1 enemies in the deck (max of 3),155,"{""counts"":[1]}",unverified,"{""file"":""Cards-2.xml"",""xml_path"":""/project[1]/scenes[1]/scene[1]/variables[1]/variable[25]"",""snap_value_id"":""34441"",""variable"":""card_simulator_phase_registry"",""item_1"":189}"
188,155,156,0,40,ATTACK_DECLARE,ATTACK_ACTION,DEAL_DAMAGE,ENEMY_ACTIVE,"{""multipliers"":[2.0],""percent_values"":[50.0]}",if the enemy has 50 % or less hp,CONTINUE,,HIGH,,deal 2 x damage if the enemy has 50 % or less hp,deal 2 x damage if the enemy has 50 % or less hp; + 100 % atk on kill,deal 2 x damage if the enemy has 50 % or less hp; + 100 % atk on kill,156,"{""multipliers"":[2.0],""percent_values"":[50.0]}",unverified,"{""file"":""Cards-2.xml"",""xml_path"":""/project[1]/scenes[1]/scene[1]/variables[1]/variable[25]"",""snap_value_id"":""34441"",""variable"":""card_simulator_phase_registry"",""item_1"":190}"
189,155,156,1,130,ON_KILL,ON_KILL,SPECIAL,,"{""percent_values"":[100.0]}",,CONTINUE,,REVIEW,no reusable primitive confidently identified,+ 100 % atk on kill,deal 2 x damage if the enemy has 50 % or less hp; + 100 % atk on kill,deal 2 x damage if the enemy has 50 % or less hp; + 100 % atk on kill,156,"{""percent_values"":[100.0]}",unverified,"{""file"":""Cards-2.xml"",""xml_path"":""/project[1]/scenes[1]/scene[1]/variables[1]/variable[25]"",""snap_value_id"":""34441"",""variable"":""card_simulator_phase_registry"",""item_1"":191}"
190,156,157,0,0,CONTINUOUS,PASSIVE,SPECIAL,,"{""fractions"":[""1/2""]}",,CONTINUE,,REVIEW,no reusable primitive confidently identified,takes 1 / 2 damage,"takes 1 / 2 damage; deals 50 % more damage; if fossil count > 2, counterattacks","takes 1 / 2 damage; deals 50 % more damage; if fossil count > 2, counterattacks",157,"{""fractions"":[""1/2""]}",unverified,"{""file"":""Cards-2.xml"",""xml_path"":""/project[1]/scenes[1]/scene[1]/variables[1]/variable[25]"",""snap_value_id"":""34441"",""variable"":""card_simulator_phase_registry"",""item_1"":192}"
191,156,157,1,40,ATTACK_DECLARE,ATTACK_ACTION,DEAL_DAMAGE,,"{""percent_values"":[50.0]}",,CONTINUE,,HIGH,,deals 50 % more damage,"takes 1 / 2 damage; deals 50 % more damage; if fossil count > 2, counterattacks","takes 1 / 2 damage; deals 50 % more damage; if fossil count > 2, counterattacks",157,"{""percent_values"":[50.0]}",unverified,"{""file"":""Cards-2.xml"",""xml_path"":""/project[1]/scenes[1]/scene[1]/variables[1]/variable[25]"",""snap_value_id"":""34441"",""variable"":""card_simulator_phase_registry"",""item_1"":193}"
192,156,157,2,90,POST_DAMAGE_TAKEN,COUNTER_ON_DAMAGE,RESOURCE > COUNTERATTACK,,{},if fossil count > 2,NESTED_ATTACK_LOOP,enqueue ATTACK_DECLARE with attacker/defender swapped,HIGH,,"if fossil count > 2, counterattacks","takes 1 / 2 damage; deals 50 % more damage; if fossil count > 2, counterattacks","takes 1 / 2 damage; deals 50 % more damage; if fossil count > 2, counterattacks",157,{},unverified,"{""file"":""Cards-2.xml"",""xml_path"":""/project[1]/scenes[1]/scene[1]/variables[1]/variable[25]"",""snap_value_id"":""34441"",""variable"":""card_simulator_phase_registry"",""item_1"":194}"
193,157,158,0,0,CONTINUOUS,PASSIVE,ATTACK,ENEMY_ACTIVE|SELF,{},,CONTINUE,,MEDIUM,,add the enemy's attack to self damage,add the enemy's attack to self damage,add the enemy's attack to self damage,158,{},unverified,"{""file"":""Cards-2.xml"",""xml_path"":""/project[1]/scenes[1]/scene[1]/variables[1]/variable[25]"",""snap_value_id"":""34441"",""variable"":""card_simulator_phase_registry"",""item_1"":195}"
194,158,159,0,10,ENTRY,ON_ENTRY,RESOURCE,,"{""multipliers"":[1.5]}",for every fossil,CONTINUE,,HIGH,,"on entry, for every fossil, 1.5 x damage","on entry, for every fossil, 1.5 x damage","on entry, for every fossil, 1.5 x damage",159,"{""multipliers"":[1.5]}",unverified,"{""file"":""Cards-2.xml"",""xml_path"":""/project[1]/scenes[1]/scene[1]/variables[1]/variable[25]"",""snap_value_id"":""34441"",""variable"":""card_simulator_phase_registry"",""item_1"":196}"
195,159,160,0,20,TURN_START,EACH_TURN,SPECIAL,SELF,"{""percent_values"":[30.0]}",,CONTINUE,repeat each applicable turn,REVIEW,no reusable primitive confidently identified,self gains + 30 % damage each turn,self gains + 30 % damage each turn,self gains + 30 % damage each turn,160,"{""percent_values"":[30.0]}",unverified,"{""file"":""Cards-2.xml"",""xml_path"":""/project[1]/scenes[1]/scene[1]/variables[1]/variable[25]"",""snap_value_id"":""34441"",""variable"":""card_simulator_phase_registry"",""item_1"":197}"
196,160,161,0,40,ATTACK_DECLARE,ATTACK_ACTION,LIMIT_CAP,,"{""percent_values"":[15.0]}",,CONTINUE,,HIGH,,attacks convert 15 % max hp into damage,attacks convert 15 % max hp into damage,attacks convert 15 % max hp into damage,161,"{""percent_values"":[15.0]}",unverified,"{""file"":""Cards-2.xml"",""xml_path"":""/project[1]/scenes[1]/scene[1]/variables[1]/variable[25]"",""snap_value_id"":""34441"",""variable"":""card_simulator_phase_registry"",""item_1"":198}"
197,161,162,0,40,ATTACK_DECLARE,ATTACK_ACTION,DEAL_DAMAGE,,"{""multipliers"":[1.0,1.0]}",,CONTINUE,,HIGH,,deal 1 x damage and take 1 x damage,deal 1 x damage and take 1 x damage,deal 1 x damage and take 1 x damage,162,"{""multipliers"":[1.0,1.0]}",unverified,"{""file"":""Cards-2.xml"",""xml_path"":""/project[1]/scenes[1]/scene[1]/variables[1]/variable[25]"",""snap_value_id"":""34441"",""variable"":""card_simulator_phase_registry"",""item_1"":199}"
198,162,163,0,10,ENTRY,ON_ENTRY,HP_LOSS > MODIFY_STAT,ENEMY_ACTIVE,"{""percent_values"":[15.0]}",,CONTINUE,,HIGH,,reduce enemy's hp by 15 % on entry,reduce enemy's hp by 15 % on entry,reduce enemy's hp by 15 % on entry,163,"{""percent_values"":[15.0]}",unverified,"{""file"":""Cards-2.xml"",""xml_path"":""/project[1]/scenes[1]/scene[1]/variables[1]/variable[25]"",""snap_value_id"":""34441"",""variable"":""card_simulator_phase_registry"",""item_1"":200}"
199,163,164,0,110,LETHAL_REPLACEMENT,ON_LETHAL,DODGE > ATTACK,NEXT_ALLY,{},,CONTINUE,,HIGH,,the next card will dodge a lethal attack,"on death, the next card will dodge an attack",the next card will dodge a lethal attack,164,{},unverified,"{""file"":""Cards-2.xml"",""xml_path"":""/project[1]/scenes[1]/scene[1]/variables[1]/variable[25]"",""snap_value_id"":""34441"",""variable"":""card_simulator_phase_registry"",""item_1"":201}"
200,164,165,0,60,DAMAGE_CALC,MODIFY_INCOMING_DAMAGE,SPECIAL,,"{""multipliers"":[1.5]}",,CONTINUE,,REVIEW,no reusable primitive confidently identified,take 1.5 x damage,take 1.5 x damage; deal 1.5 x damage,take 1.5 x damage; deal 1.5 x damage,165,"{""multipliers"":[1.5]}",unverified,"{""file"":""Cards-2.xml"",""xml_path"":""/project[1]/scenes[1]/scene[1]/variables[1]/variable[25]"",""snap_value_id"":""34441"",""variable"":""card_simulator_phase_registry"",""item_1"":202}"
201,164,165,1,40,ATTACK_DECLARE,ATTACK_ACTION,DEAL_DAMAGE,,"{""multipliers"":[1.5]}",,CONTINUE,,HIGH,,deal 1.5 x damage,take 1.5 x damage; deal 1.5 x damage,take 1.5 x damage; deal 1.5 x damage,165,"{""multipliers"":[1.5]}",unverified,"{""file"":""Cards-2.xml"",""xml_path"":""/project[1]/scenes[1]/scene[1]/variables[1]/variable[25]"",""snap_value_id"":""34441"",""variable"":""card_simulator_phase_registry"",""item_1"":203}"
202,165,166,0,40,ATTACK_DECLARE,ATTACK_ACTION,SPECIAL,,"{""multipliers"":[5.0],""fractions"":[""1/4""]}",,CONTINUE,,REVIEW,no reusable primitive confidently identified,"5 x attacks, each dealing 1 / 4 damage","5 x attacks, each dealing 1 / 4 damage","5 x attacks, each dealing 1 / 4 damage",166,"{""multipliers"":[5.0],""fractions"":[""1/4""]}",unverified,"{""file"":""Cards-2.xml"",""xml_path"":""/project[1]/scenes[1]/scene[1]/variables[1]/variable[25]"",""snap_value_id"":""34441"",""variable"":""card_simulator_phase_registry"",""item_1"":204}"
203,166,167,0,90,POST_DAMAGE_TAKEN,ON_DAMAGE_TAKEN,APPLY_STATUS,ENEMY_ACTIVE,"{""duration_turns"":[5]}",when attacked,CONTINUE,,HIGH,,burn enemy for 5 turns when attacked,burn enemy for 5 turns when attacked,burn enemy for 5 turns when attacked,167,"{""duration_turns"":[5]}",unverified,"{""file"":""Cards-2.xml"",""xml_path"":""/project[1]/scenes[1]/scene[1]/variables[1]/variable[25]"",""snap_value_id"":""34441"",""variable"":""card_simulator_phase_registry"",""item_1"":205}"
204,167,168,0,0,CONTINUOUS,PASSIVE,MODIFY_DAMAGE,ALL_ALLIES,"{""percent_values"":[20.0]}",,CONTINUE,,MEDIUM,,boost all cards' damage 20 %,boost all cards' damage 20 %,boost all cards' damage 20 %,168,"{""percent_values"":[20.0]}",unverified,"{""file"":""Cards-2.xml"",""xml_path"":""/project[1]/scenes[1]/scene[1]/variables[1]/variable[25]"",""snap_value_id"":""34441"",""variable"":""card_simulator_phase_registry"",""item_1"":206}"
205,168,169,0,0,CONTINUOUS,PASSIVE,DEATH_STATE,SELF,{},,MAY_TERMINATE,,MEDIUM,,self must be defeated 3 times before it can die,self must be defeated 3 times before it can die,self must be defeated 3 times before it can die,169,{},unverified,"{""file"":""Cards-2.xml"",""xml_path"":""/project[1]/scenes[1]/scene[1]/variables[1]/variable[25]"",""snap_value_id"":""34441"",""variable"":""card_simulator_phase_registry"",""item_1"":207}"
206,169,170,0,40,ATTACK_DECLARE,ATTACK_ACTION,DEAL_DAMAGE,ENEMY_ACTIVE,"{""percent_values"":[50.0]}",,CONTINUE,,HIGH,,deals damage equal to 50 % of target's current hp,deals damage equal to 50 % of target's current hp; loses 25 % hp after attack,deals damage equal to 50 % of target's current hp; loses 25 % hp after attack,170,"{""percent_values"":[50.0]}",unverified,"{""file"":""Cards-2.xml"",""xml_path"":""/project[1]/scenes[1]/scene[1]/variables[1]/variable[25]"",""snap_value_id"":""34441"",""variable"":""card_simulator_phase_registry"",""item_1"":208}"
207,169,170,1,100,AFTER_ATTACK,AFTER_ATTACK,HP_LOSS > ATTACK,,"{""percent_values"":[25.0]}",,CONTINUE,,HIGH,,loses 25 % hp after attack,deals damage equal to 50 % of target's current hp; loses 25 % hp after attack,deals damage equal to 50 % of target's current hp; loses 25 % hp after attack,170,"{""percent_values"":[25.0]}",unverified,"{""file"":""Cards-2.xml"",""xml_path"":""/project[1]/scenes[1]/scene[1]/variables[1]/variable[25]"",""snap_value_id"":""34441"",""variable"":""card_simulator_phase_registry"",""item_1"":209}"
208,170,171,0,20,TURN_START,EACH_TURN,HP_LOSS,ENEMY_ACTIVE,"{""percent_values"":[25.0]}",,CONTINUE,repeat each applicable turn,HIGH,,the enemy loses 25 % of its hp each turn,the enemy loses 25 % of its hp each turn,the enemy loses 25 % of its hp each turn,171,"{""percent_values"":[25.0]}",unverified,"{""file"":""Cards-2.xml"",""xml_path"":""/project[1]/scenes[1]/scene[1]/variables[1]/variable[25]"",""snap_value_id"":""34441"",""variable"":""card_simulator_phase_registry"",""item_1"":210}"
209,171,172,0,10,ENTRY,ON_ENTRY,ATTACK,ALL_ENEMIES,"{""percent_values"":[25.0]}",,CONTINUE,,HIGH,,"on entry, attack all enemies with 25 % of damage","on entry, attack all enemies with 25 % of damage","on entry, attack all enemies with 25 % of damage",172,"{""percent_values"":[25.0]}",unverified,"{""file"":""Cards-2.xml"",""xml_path"":""/project[1]/scenes[1]/scene[1]/variables[1]/variable[25]"",""snap_value_id"":""34441"",""variable"":""card_simulator_phase_registry"",""item_1"":211}"
210,172,173,0,0,CONTINUOUS,PASSIVE,MODIFY_STAT,,"{""percent_values"":[30.0]}",,CONTINUE,,MEDIUM,,gain 30 % stats for each fallen ally,"gain 30 % stats for each fallen ally; below 25 % hp, damage taken is halved","gain 30 % stats for each fallen ally; below 25 % hp, damage taken is halved",173,"{""percent_values"":[30.0]}",unverified,"{""file"":""Cards-2.xml"",""xml_path"":""/project[1]/scenes[1]/scene[1]/variables[1]/variable[25]"",""snap_value_id"":""34441"",""variable"":""card_simulator_phase_registry"",""item_1"":212}"
211,172,173,1,0,CONTINUOUS,HP_THRESHOLD,SPECIAL,,"{""percent_values"":[25.0],""hp_threshold_percent"":[25.0]}",below 25 % hp,CONTINUE,,REVIEW,no reusable primitive confidently identified,"below 25 % hp, damage taken is halved","gain 30 % stats for each fallen ally; below 25 % hp, damage taken is halved","gain 30 % stats for each fallen ally; below 25 % hp, damage taken is halved",173,"{""percent_values"":[25.0],""hp_threshold_percent"":[25.0]}",unverified,"{""file"":""Cards-2.xml"",""xml_path"":""/project[1]/scenes[1]/scene[1]/variables[1]/variable[25]"",""snap_value_id"":""34441"",""variable"":""card_simulator_phase_registry"",""item_1"":213}"
212,173,174,0,0,CONTINUOUS,PASSIVE,HEAL,,"{""percent_values"":[50.0]}",,CONTINUE,,MEDIUM,,heal 50 % of the damage dealt,heal 50 % of the damage dealt,heal 50 % of the damage dealt,174,"{""percent_values"":[50.0]}",unverified,"{""file"":""Cards-2.xml"",""xml_path"":""/project[1]/scenes[1]/scene[1]/variables[1]/variable[25]"",""snap_value_id"":""34441"",""variable"":""card_simulator_phase_registry"",""item_1"":214}"
213,174,175,0,10,ENTRY,ON_ENTRY,CLEAR_MODIFIERS,ENEMY_ACTIVE,{},,CONTINUE,,HIGH,,clear enemy stat changes on entry,clear enemy stat changes on entry; enemy turn end; heal by and subtract 20 % target's atk,clear enemy stat changes on entry; enemy turn end; heal by and subtract 20 % target's atk,175,{},unverified,"{""file"":""Cards-2.xml"",""xml_path"":""/project[1]/scenes[1]/scene[1]/variables[1]/variable[25]"",""snap_value_id"":""34441"",""variable"":""card_simulator_phase_registry"",""item_1"":215}"
214,174,175,1,140,TURN_END,ON_ENEMY_TURN_END,SPECIAL,ENEMY_ACTIVE,{},,CONTINUE,,REVIEW,no reusable primitive confidently identified; clause is a trigger fragment; effect is in adjacent clause,enemy turn end,clear enemy stat changes on entry; enemy turn end; heal by and subtract 20 % target's atk,clear enemy stat changes on entry; enemy turn end; heal by and subtract 20 % target's atk,175,{},unverified,"{""file"":""Cards-2.xml"",""xml_path"":""/project[1]/scenes[1]/scene[1]/variables[1]/variable[25]"",""snap_value_id"":""34441"",""variable"":""card_simulator_phase_registry"",""item_1"":216}"
215,174,175,2,0,CONTINUOUS,PASSIVE,HEAL,ENEMY_ACTIVE,"{""percent_values"":[20.0]}",,CONTINUE,,MEDIUM,,heal by and subtract 20 % target's atk,clear enemy stat changes on entry; enemy turn end; heal by and subtract 20 % target's atk,clear enemy stat changes on entry; enemy turn end; heal by and subtract 20 % target's atk,175,"{""percent_values"":[20.0]}",unverified,"{""file"":""Cards-2.xml"",""xml_path"":""/project[1]/scenes[1]/scene[1]/variables[1]/variable[25]"",""snap_value_id"":""34441"",""variable"":""card_simulator_phase_registry"",""item_1"":217}"
216,175,176,0,100,AFTER_ATTACK,AFTER_ATTACK,HEAL,,"{""percent_values"":[25.0]}",,CONTINUE,,HIGH,,heal 25 % hp after attacked,heal 25 % hp after attacked,heal 25 % hp after attacked,176,"{""percent_values"":[25.0]}",unverified,"{""file"":""Cards-2.xml"",""xml_path"":""/project[1]/scenes[1]/scene[1]/variables[1]/variable[25]"",""snap_value_id"":""34441"",""variable"":""card_simulator_phase_registry"",""item_1"":218}"
217,176,177,0,60,DAMAGE_CALC,MODIFY_INCOMING_DAMAGE,SPECIAL,SELF,"{""percent_values"":[25.0,800.0]}",,CONTINUE,,REVIEW,no reusable primitive confidently identified,reflects 25 % of ability damage taken (up to 800 % of self's damage),reflects 25 % of ability damage taken (up to 800 % of self's damage),reflects 25 % of ability damage taken (up to 800 % of self's damage),177,"{""percent_values"":[25.0,800.0]}",unverified,"{""file"":""Cards-2.xml"",""xml_path"":""/project[1]/scenes[1]/scene[1]/variables[1]/variable[25]"",""snap_value_id"":""34441"",""variable"":""card_simulator_phase_registry"",""item_1"":219}"
218,177,178,0,110,LETHAL_REPLACEMENT,ON_LETHAL,SURVIVE,,{},,CONTINUE,,HIGH,,survive for two turns once hp reaches zero,"survive for two turns once hp reaches zero; after attack, poison the target for 15 % of their max hp","survive for two turns once hp reaches zero; after attack, poison the target for 15 % of their max hp",178,{},unverified,"{""file"":""Cards-2.xml"",""xml_path"":""/project[1]/scenes[1]/scene[1]/variables[1]/variable[25]"",""snap_value_id"":""34441"",""variable"":""card_simulator_phase_registry"",""item_1"":220}"
219,177,178,1,100,AFTER_ATTACK,AFTER_ATTACK,ATTACK > APPLY_STATUS,ENEMY_ACTIVE,"{""percent_values"":[15.0]}",,CONTINUE,,HIGH,,"after attack, poison the target for 15 % of their max hp","survive for two turns once hp reaches zero; after attack, poison the target for 15 % of their max hp","survive for two turns once hp reaches zero; after attack, poison the target for 15 % of their max hp",178,"{""percent_values"":[15.0]}",unverified,"{""file"":""Cards-2.xml"",""xml_path"":""/project[1]/scenes[1]/scene[1]/variables[1]/variable[25]"",""snap_value_id"":""34441"",""variable"":""card_simulator_phase_registry"",""item_1"":221}"
220,178,179,0,0,CONTINUOUS,HP_THRESHOLD,INSTANT_KILL,,"{""percent_values"":[25.0],""hp_threshold_percent"":[25.0]}",below 25 % hp will kill | against enemies below 25 % hp will kill,MAY_TERMINATE,,HIGH,,attacks against enemies below 25 % hp will kill,attacks against enemies below 25 % hp will kill,attacks against enemies below 25 % hp will kill,179,"{""percent_values"":[25.0],""hp_threshold_percent"":[25.0]}",unverified,"{""file"":""Cards-2.xml"",""xml_path"":""/project[1]/scenes[1]/scene[1]/variables[1]/variable[25]"",""snap_value_id"":""34441"",""variable"":""card_simulator_phase_registry"",""item_1"":222}"
221,179,180,0,10,ENTRY,ON_ENTRY,SPECIAL,,{},,CONTINUE,,REVIEW,no reusable primitive confidently identified,attacks on entry,attacks on entry; attacks reduce the target's damage by 10 %,attacks on entry; attacks reduce the target's damage by 30 %,180,{},unverified,"{""file"":""Cards-2.xml"",""xml_path"":""/project[1]/scenes[1]/scene[1]/variables[1]/variable[25]"",""snap_value_id"":""34441"",""variable"":""card_simulator_phase_registry"",""item_1"":223}"
222,179,180,1,40,ATTACK_DECLARE,ATTACK_ACTION,MODIFY_DAMAGE,ENEMY_ACTIVE,"{""percent_values"":[30.0]}",,CONTINUE,,HIGH,,attacks reduce the target's damage by 30 %,attacks on entry; attacks reduce the target's damage by 10 %,attacks on entry; attacks reduce the target's damage by 30 %,180,"{""percent_values"":[30.0]}",unverified,"{""file"":""Cards-2.xml"",""xml_path"":""/project[1]/scenes[1]/scene[1]/variables[1]/variable[25]"",""snap_value_id"":""34441"",""variable"":""card_simulator_phase_registry"",""item_1"":224}"
223,180,181,0,0,CONTINUOUS,PASSIVE,SPECIAL,,{},,CONTINUE,,REVIEW,no reusable primitive confidently identified,+ 3 turns,+ 3 turns; fades below 50 % hp,+ 3 turns; fades below 50 % hp,181,{},unverified,"{""file"":""Cards-2.xml"",""xml_path"":""/project[1]/scenes[1]/scene[1]/variables[1]/variable[25]"",""snap_value_id"":""34441"",""variable"":""card_simulator_phase_registry"",""item_1"":225}"
224,180,181,1,0,CONTINUOUS,HP_THRESHOLD,REMOVE_TEMP_BUFF,,"{""percent_values"":[50.0],""hp_threshold_percent"":[50.0]}",below 50 % hp,CONTINUE,,HIGH,,fades below 50 % hp,+ 3 turns; fades below 50 % hp,+ 3 turns; fades below 50 % hp,181,"{""percent_values"":[50.0],""hp_threshold_percent"":[50.0]}",unverified,"{""file"":""Cards-2.xml"",""xml_path"":""/project[1]/scenes[1]/scene[1]/variables[1]/variable[25]"",""snap_value_id"":""34441"",""variable"":""card_simulator_phase_registry"",""item_1"":226}"
225,181,182,0,10,ENTRY,ON_ENTRY,MODIFY_DAMAGE,ENEMY_ACTIVE,"{""percent_values"":[40.0]}",,CONTINUE,,HIGH,,reduce enemy's damage by 40 % on entry,reduce enemy's damage by 40 % on entry,reduce enemy's damage by 40 % on entry,182,"{""percent_values"":[40.0]}",unverified,"{""file"":""Cards-2.xml"",""xml_path"":""/project[1]/scenes[1]/scene[1]/variables[1]/variable[25]"",""snap_value_id"":""34441"",""variable"":""card_simulator_phase_registry"",""item_1"":227}"
226,182,183,0,100,AFTER_ATTACK,AFTER_ATTACK,ATTACK > BLOCK,SELF,{},,CONTINUE,,HIGH,,"after attack, place block in front of self","after attack, place block in front of self; each block absorbs 40 % self max hp damage; max 3 blocks","after attack, place block in front of self; each block absorbs 40 % self max hp damage; max 3 blocks",183,{},unverified,"{""file"":""Cards-2.xml"",""xml_path"":""/project[1]/scenes[1]/scene[1]/variables[1]/variable[25]"",""snap_value_id"":""34441"",""variable"":""card_simulator_phase_registry"",""item_1"":228}"
227,182,183,1,0,CONTINUOUS,PASSIVE,BLOCK,SELF,"{""percent_values"":[40.0]}",,CONTINUE,,MEDIUM,,each block absorbs 40 % self max hp damage,"after attack, place block in front of self; each block absorbs 40 % self max hp damage; max 3 blocks","after attack, place block in front of self; each block absorbs 40 % self max hp damage; max 3 blocks",183,"{""percent_values"":[40.0]}",unverified,"{""file"":""Cards-2.xml"",""xml_path"":""/project[1]/scenes[1]/scene[1]/variables[1]/variable[25]"",""snap_value_id"":""34441"",""variable"":""card_simulator_phase_registry"",""item_1"":229}"
228,182,183,2,0,CONTINUOUS,PASSIVE,LIMIT_CAP,,{},,CONTINUE,,MEDIUM,,max 3 blocks,"after attack, place block in front of self; each block absorbs 40 % self max hp damage; max 3 blocks","after attack, place block in front of self; each block absorbs 40 % self max hp damage; max 3 blocks",183,{},unverified,"{""file"":""Cards-2.xml"",""xml_path"":""/project[1]/scenes[1]/scene[1]/variables[1]/variable[25]"",""snap_value_id"":""34441"",""variable"":""card_simulator_phase_registry"",""item_1"":230}"
229,183,184,0,20,TURN_START,EACH_TURN,RESOURCE,,{},,CONTINUE,repeat each applicable turn,HIGH,,each turn gain 1 void stack,"each turn gain 1 void stack; at 3 void, consume them to make the next attack deal 100 % increased damage and heal 25 % max hp","each turn gain 1 void stack; at 3 void, consume them to make the next attack deal 100 % increased damage and heal 25 % max hp",184,{},unverified,"{""file"":""Cards-2.xml"",""xml_path"":""/project[1]/scenes[1]/scene[1]/variables[1]/variable[25]"",""snap_value_id"":""34441"",""variable"":""card_simulator_phase_registry"",""item_1"":231}"
230,183,184,1,0,CONTINUOUS,PASSIVE,RESOURCE > ATTACK > DEAL_DAMAGE > MODIFY_DAMAGE > HEAL,,"{""percent_values"":[100.0,25.0]}",,CONTINUE,,MEDIUM,,"at 3 void, consume them to make the next attack deal 100 % increased damage and heal 25 % max hp","each turn gain 1 void stack; at 3 void, consume them to make the next attack deal 100 % increased damage and heal 25 % max hp","each turn gain 1 void stack; at 3 void, consume them to make the next attack deal 100 % increased damage and heal 25 % max hp",184,"{""percent_values"":[100.0,25.0]}",unverified,"{""file"":""Cards-2.xml"",""xml_path"":""/project[1]/scenes[1]/scene[1]/variables[1]/variable[25]"",""snap_value_id"":""34441"",""variable"":""card_simulator_phase_registry"",""item_1"":232}"
231,184,185,0,130,ON_KILL,ON_KILL,HEAL,ENEMY_ACTIVE,"{""percent_values"":[50.0]}",,CONTINUE,,HIGH,,"defeating an enemy fully restores hp and permanently increases damage by 50 %, stacking with each kill","defeating an enemy fully restores hp and permanently increases damage by 50 %, stacking with each kill","defeating an enemy fully restores hp and permanently increases damage by 50 %, stacking with each kill",185,"{""percent_values"":[50.0]}",unverified,"{""file"":""Cards-2.xml"",""xml_path"":""/project[1]/scenes[1]/scene[1]/variables[1]/variable[25]"",""snap_value_id"":""34441"",""variable"":""card_simulator_phase_registry"",""item_1"":233}"
232,185,186,0,10,ENTRY,ON_ENTRY,RANDOM_ROLL > MODIFY_DAMAGE > MODIFY_STAT,,"{""ranges"":[""1-50%"",""1-50%"",""1-30%""],""percent_values"":[50.0,50.0,30.0]}",,CONTINUE,,HIGH,,"on entry, roll the d6 to randomly gain 1 - 50 % damage, 1 - 50 % max hp, and 1 - 30 % damage reduction for battle","on entry, roll the d6 to randomly gain 1 - 50 % damage, 1 - 50 % max hp, and 1 - 30 % damage reduction for battle","on entry, roll the d6 to randomly gain 1 - 50 % damage, 1 - 50 % max hp, and 1 - 30 % damage reduction for battle",186,"{""ranges"":[""1-50%"",""1-50%"",""1-30%""],""percent_values"":[50.0,50.0,30.0]}",unverified,"{""file"":""Cards-2.xml"",""xml_path"":""/project[1]/scenes[1]/scene[1]/variables[1]/variable[25]"",""snap_value_id"":""34441"",""variable"":""card_simulator_phase_registry"",""item_1"":234}"
233,186,187,0,40,ATTACK_DECLARE,ON_ATTACK,ATTACK > DEAL_DAMAGE > MODIFY_DAMAGE > BYPASS_DEFENSE,ENEMY_ACTIVE,"{""percent_values"":[100.0]}",against each enemy deals 100 % increased damage and ignores defense abilities,CONTINUE,,HIGH,,the first attack against each enemy deals 100 % increased damage and ignores defense abilities,the first attack against each enemy deals 100 % increased damage and ignores defense abilities,the first attack against each enemy deals 100 % increased damage and ignores defense abilities,187,"{""percent_values"":[100.0]}",unverified,"{""file"":""Cards-2.xml"",""xml_path"":""/project[1]/scenes[1]/scene[1]/variables[1]/variable[25]"",""snap_value_id"":""34441"",""variable"":""card_simulator_phase_registry"",""item_1"":235}"
234,187,188,0,0,CONTINUOUS,PASSIVE,MODIFY_DAMAGE,,"{""percent_values"":[1.0,1.0]}",for every 1 % of max hp lost,CONTINUE,,MEDIUM,,"for every 1 % of max hp lost, gain 1 % increased damage","for every 1 % of max hp lost, gain 1 % increased damage; additionally, gain 0.5 % lifesteal for every 1 % of max hp lost","for every 1 % of max hp lost, gain 1 % increased damage; additionally, gain 0.5 % lifesteal for every 1 % of max hp lost",188,"{""percent_values"":[1.0,1.0]}",unverified,"{""file"":""Cards-2.xml"",""xml_path"":""/project[1]/scenes[1]/scene[1]/variables[1]/variable[25]"",""snap_value_id"":""34441"",""variable"":""card_simulator_phase_registry"",""item_1"":236}"
235,187,188,1,80,POST_DAMAGE_DEALT,ON_DAMAGE_DEALT,MODIFY_STAT > LIFESTEAL,,"{""percent_values"":[0.5,1.0]}",for every 1 % of max hp lost,CONTINUE,,HIGH,,"additionally, gain 0.5 % lifesteal for every 1 % of max hp lost","for every 1 % of max hp lost, gain 1 % increased damage; additionally, gain 0.5 % lifesteal for every 1 % of max hp lost","for every 1 % of max hp lost, gain 1 % increased damage; additionally, gain 0.5 % lifesteal for every 1 % of max hp lost",188,"{""percent_values"":[0.5,1.0]}",unverified,"{""file"":""Cards-2.xml"",""xml_path"":""/project[1]/scenes[1]/scene[1]/variables[1]/variable[25]"",""snap_value_id"":""34441"",""variable"":""card_simulator_phase_registry"",""item_1"":237}"
236,188,189,0,40,ATTACK_DECLARE,ATTACK_ACTION,HEAL,,"{""percent_values"":[25.0]}",,CONTINUE,,HIGH,,attacks restore hp equal to 25 % of damage dealt,"attacks restore hp equal to 25 % of damage dealt; every third attack performs waterfowl dance, striking 3 times for 50 % damage each","attacks restore hp equal to 25 % of damage dealt; every third attack performs waterfowl dance, striking 3 times for 50 % damage each",189,"{""percent_values"":[25.0]}",unverified,"{""file"":""Cards-2.xml"",""xml_path"":""/project[1]/scenes[1]/scene[1]/variables[1]/variable[25]"",""snap_value_id"":""34441"",""variable"":""card_simulator_phase_registry"",""item_1"":238}"
237,188,189,1,0,CONTINUOUS,PASSIVE,ATTACK,,"{""percent_values"":[50.0]}",,CONTINUE,,MEDIUM,,"every third attack performs waterfowl dance, striking 3 times for 50 % damage each","attacks restore hp equal to 25 % of damage dealt; every third attack performs waterfowl dance, striking 3 times for 50 % damage each","attacks restore hp equal to 25 % of damage dealt; every third attack performs waterfowl dance, striking 3 times for 50 % damage each",189,"{""percent_values"":[50.0]}",unverified,"{""file"":""Cards-2.xml"",""xml_path"":""/project[1]/scenes[1]/scene[1]/variables[1]/variable[25]"",""snap_value_id"":""34441"",""variable"":""card_simulator_phase_registry"",""item_1"":239}"
238,189,190,0,30,PRE_ACTION,BEFORE_ATTACK,ATTACK > MODIFY_DAMAGE,,"{""percent_values"":[15.0,30.0]}",,CONTINUE,,HIGH,,"before attack, sacrifice 15 % of current hp to gain 30 % increased damage","before attack, sacrifice 15 % of current hp to gain 30 % increased damage; defeating an enemy restores 20 % of max hp","before attack, sacrifice 15 % of current hp to gain 30 % increased damage; defeating an enemy restores 20 % of max hp",190,"{""percent_values"":[15.0,30.0]}",unverified,"{""file"":""Cards-2.xml"",""xml_path"":""/project[1]/scenes[1]/scene[1]/variables[1]/variable[25]"",""snap_value_id"":""34441"",""variable"":""card_simulator_phase_registry"",""item_1"":240}"
239,189,190,1,130,ON_KILL,ON_KILL,LIMIT_CAP,ENEMY_ACTIVE,"{""percent_values"":[20.0]}",,CONTINUE,,HIGH,,defeating an enemy restores 20 % of max hp,"before attack, sacrifice 15 % of current hp to gain 30 % increased damage; defeating an enemy restores 20 % of max hp","before attack, sacrifice 15 % of current hp to gain 30 % increased damage; defeating an enemy restores 20 % of max hp",190,"{""percent_values"":[20.0]}",unverified,"{""file"":""Cards-2.xml"",""xml_path"":""/project[1]/scenes[1]/scene[1]/variables[1]/variable[25]"",""snap_value_id"":""34441"",""variable"":""card_simulator_phase_registry"",""item_1"":241}"
240,190,191,0,110,LETHAL_REPLACEMENT,ON_LETHAL,LIMIT_CAP,SELF,{},,MAY_TERMINATE,,HIGH,,first time self would die: black box overloads,first time self would die: black box overloads; survive at 1 hp and deal 50 % self max hp damage to enemy,first time self would die: black box overloads; survive at 1 hp and deal 50 % self max hp damage to enemy,191,{},unverified,"{""file"":""Cards-2.xml"",""xml_path"":""/project[1]/scenes[1]/scene[1]/variables[1]/variable[25]"",""snap_value_id"":""34441"",""variable"":""card_simulator_phase_registry"",""item_1"":242}"
241,190,191,1,0,CONTINUOUS,PASSIVE,SURVIVE > DEAL_DAMAGE,ENEMY_ACTIVE|SELF,"{""percent_values"":[50.0]}",,CONTINUE,,MEDIUM,,survive at 1 hp and deal 50 % self max hp damage to enemy,first time self would die: black box overloads; survive at 1 hp and deal 50 % self max hp damage to enemy,first time self would die: black box overloads; survive at 1 hp and deal 50 % self max hp damage to enemy,191,"{""percent_values"":[50.0]}",unverified,"{""file"":""Cards-2.xml"",""xml_path"":""/project[1]/scenes[1]/scene[1]/variables[1]/variable[25]"",""snap_value_id"":""34441"",""variable"":""card_simulator_phase_registry"",""item_1"":243}"
242,191,192,0,0,CONTINUOUS,WHILE_ACTIVE,APPLY_STATUS,ENEMY_ACTIVE,{},while active,CONTINUE,,HIGH,,"while active, freeze each enemy on their first turn","while active, freeze each enemy on their first turn; deal 100 % increased damage to frozen enemies","while active, freeze each enemy on their first turn; deal 100 % increased damage to frozen enemies",192,{},unverified,"{""file"":""Cards-2.xml"",""xml_path"":""/project[1]/scenes[1]/scene[1]/variables[1]/variable[25]"",""snap_value_id"":""34441"",""variable"":""card_simulator_phase_registry"",""item_1"":244}"
243,191,192,1,40,ATTACK_DECLARE,ATTACK_ACTION,DEAL_DAMAGE > MODIFY_DAMAGE,,"{""percent_values"":[100.0]}",,CONTINUE,,HIGH,,deal 100 % increased damage to frozen enemies,"while active, freeze each enemy on their first turn; deal 100 % increased damage to frozen enemies","while active, freeze each enemy on their first turn; deal 100 % increased damage to frozen enemies",192,"{""percent_values"":[100.0]}",unverified,"{""file"":""Cards-2.xml"",""xml_path"":""/project[1]/scenes[1]/scene[1]/variables[1]/variable[25]"",""snap_value_id"":""34441"",""variable"":""card_simulator_phase_registry"",""item_1"":245}"
244,192,193,0,0,CONTINUOUS,HP_THRESHOLD,DEAL_DAMAGE > MODIFY_DAMAGE,,"{""percent_values"":[75.0]}",while above the enemys hp | above the enemys hp,CONTINUE,,HIGH,,deal 75 % increased damage while above the enemys hp,deal 75 % increased damage while above the enemys hp; while below the enemys hp take 45 % reduced damage instead,deal 75 % increased damage while above the enemys hp; while below the enemys hp take 45 % reduced damage instead,193,"{""percent_values"":[75.0]}",unverified,"{""file"":""Cards-2.xml"",""xml_path"":""/project[1]/scenes[1]/scene[1]/variables[1]/variable[25]"",""snap_value_id"":""34441"",""variable"":""card_simulator_phase_registry"",""item_1"":246}"
245,192,193,1,0,CONTINUOUS,HP_THRESHOLD,SPECIAL,,"{""percent_values"":[45.0]}",while below the enemys hp take 45 % reduced damage instead | below the enemys hp take 45 % reduced damage instead,CONTINUE,,REVIEW,no reusable primitive confidently identified,while below the enemys hp take 45 % reduced damage instead,deal 75 % increased damage while above the enemys hp; while below the enemys hp take 45 % reduced damage instead,deal 75 % increased damage while above the enemys hp; while below the enemys hp take 45 % reduced damage instead,193,"{""percent_values"":[45.0]}",unverified,"{""file"":""Cards-2.xml"",""xml_path"":""/project[1]/scenes[1]/scene[1]/variables[1]/variable[25]"",""snap_value_id"":""34441"",""variable"":""card_simulator_phase_registry"",""item_1"":247}"
246,193,194,0,0,CONTINUOUS,PASSIVE,RANDOM_ROLL > MODIFY_DAMAGE,,"{""probability"":0.3,""percent_values"":[30.0,50.0]}",,CONTINUE,,MEDIUM,,"30 % chance to critically strike, dealing 50 % increased damage","30 % chance to critically strike, dealing 50 % increased damage; critical strikes immediately trigger a follow-up attack dealing 50 % damage","30 % chance to critically strike, dealing 50 % increased damage; critical strikes immediately trigger a follow-up attack dealing 50 % damage",194,"{""probability"":0.3,""percent_values"":[30.0,50.0]}",unverified,"{""file"":""Cards-2.xml"",""xml_path"":""/project[1]/scenes[1]/scene[1]/variables[1]/variable[25]"",""snap_value_id"":""34441"",""variable"":""card_simulator_phase_registry"",""item_1"":248}"
247,193,194,1,0,CONTINUOUS,PASSIVE,ATTACK,,"{""percent_values"":[50.0]}",,NESTED_ATTACK_LOOP,enqueue additional ATTACK_DECLARE event(s),MEDIUM,,critical strikes immediately trigger a follow-up attack dealing 50 % damage,"30 % chance to critically strike, dealing 50 % increased damage; critical strikes immediately trigger a follow-up attack dealing 50 % damage","30 % chance to critically strike, dealing 50 % increased damage; critical strikes immediately trigger a follow-up attack dealing 50 % damage",194,"{""percent_values"":[50.0]}",unverified,"{""file"":""Cards-2.xml"",""xml_path"":""/project[1]/scenes[1]/scene[1]/variables[1]/variable[25]"",""snap_value_id"":""34441"",""variable"":""card_simulator_phase_registry"",""item_1"":249}"
248,194,195,0,10,ENTRY,ON_ENTRY,SUMMON > MOVE_CARD,SELF,{},,ACTIVE_STATE_TRANSITION,,HIGH,,"on entry, summon two copies of self to the back of ally deck","on entry, summon two copies of self to the back of ally deck; each copy has 35 % of self's stats","on entry, summon two copies of self to the back of ally deck; each copy has 35 % of self's stats",195,{},unverified,"{""file"":""Cards-2.xml"",""xml_path"":""/project[1]/scenes[1]/scene[1]/variables[1]/variable[25]"",""snap_value_id"":""34441"",""variable"":""card_simulator_phase_registry"",""item_1"":250}"
249,194,195,1,0,CONTINUOUS,PASSIVE,SPECIAL,SELF,"{""percent_values"":[35.0]}",,CONTINUE,,REVIEW,no reusable primitive confidently identified,each copy has 35 % of self's stats,"on entry, summon two copies of self to the back of ally deck; each copy has 35 % of self's stats","on entry, summon two copies of self to the back of ally deck; each copy has 35 % of self's stats",195,"{""percent_values"":[35.0]}",unverified,"{""file"":""Cards-2.xml"",""xml_path"":""/project[1]/scenes[1]/scene[1]/variables[1]/variable[25]"",""snap_value_id"":""34441"",""variable"":""card_simulator_phase_registry"",""item_1"":251}"
250,195,196,0,140,TURN_END,ON_ALLY_TURN_END,MODIFY_DAMAGE > MODIFY_STAT,,"{""percent_values"":[10.0]}",while not the active card,CONTINUE,,HIGH,,"while not the active card, gain 10 % damage and max hp after each allied turn","while not the active card, gain 10 % damage and max hp after each allied turn; max of 300 % base","while not the active card, gain 10 % damage and max hp after each allied turn; max of 300 % base",196,"{""percent_values"":[10.0]}",unverified,"{""file"":""Cards-2.xml"",""xml_path"":""/project[1]/scenes[1]/scene[1]/variables[1]/variable[25]"",""snap_value_id"":""34441"",""variable"":""card_simulator_phase_registry"",""item_1"":252}"
251,195,196,1,0,CONTINUOUS,PASSIVE,LIMIT_CAP,,"{""percent_values"":[300.0]}",,CONTINUE,,MEDIUM,,max of 300 % base,"while not the active card, gain 10 % damage and max hp after each allied turn; max of 300 % base","while not the active card, gain 10 % damage and max hp after each allied turn; max of 300 % base",196,"{""percent_values"":[300.0]}",unverified,"{""file"":""Cards-2.xml"",""xml_path"":""/project[1]/scenes[1]/scene[1]/variables[1]/variable[25]"",""snap_value_id"":""34441"",""variable"":""card_simulator_phase_registry"",""item_1"":253}"
252,196,197,0,120,DEATH,ON_DEATH,TRANSFER_STAT > SHIELD,NEXT_ALLY,"{""percent_values"":[25.0]}",,CONTINUE,,HIGH,,"on death, give 25 % stats to next ally and 1 turn shield","on death, give 25 % stats to next ally and 1 turn shield","on death, give 25 % stats to next ally and 1 turn shield",197,"{""percent_values"":[25.0]}",unverified,"{""file"":""Cards-2.xml"",""xml_path"":""/project[1]/scenes[1]/scene[1]/variables[1]/variable[25]"",""snap_value_id"":""34441"",""variable"":""card_simulator_phase_registry"",""item_1"":254}"
253,197,198,0,90,POST_DAMAGE_TAKEN,COUNTER_ON_DAMAGE,COUNTERATTACK > APPLY_STATUS,ENEMY_ACTIVE,{},,NESTED_ATTACK_LOOP,enqueue ATTACK_DECLARE with attacker/defender swapped,HIGH,,counterattacks and sets enemy on fire,counterattacks and sets enemy on fire,counterattacks and sets enemy on fire,198,{},unverified,"{""file"":""Cards-2.xml"",""xml_path"":""/project[1]/scenes[1]/scene[1]/variables[1]/variable[25]"",""snap_value_id"":""34441"",""variable"":""card_simulator_phase_registry"",""item_1"":255}"
254,198,199,0,10,ENTRY,ON_ENTRY,MOVE_CARD,,{},,ACTIVE_STATE_TRANSITION,,HIGH,,"on entry, shuffle the lineup","on entry, shuffle the lineup","on entry, shuffle the lineup",199,{},unverified,"{""file"":""Cards-2.xml"",""xml_path"":""/project[1]/scenes[1]/scene[1]/variables[1]/variable[25]"",""snap_value_id"":""34441"",""variable"":""card_simulator_phase_registry"",""item_1"":256}"
255,199,200,0,110,LETHAL_REPLACEMENT,ON_LETHAL,DODGE > ATTACK > HEAL,,"{""percent_values"":[50.0]}",,CONTINUE,,HIGH,,dodge first lethal attack and heal 50 % max hp,dodge first lethal attack and heal 50 % max hp,dodge first lethal attack and heal 50 % max hp,200,"{""percent_values"":[50.0]}",unverified,"{""file"":""Cards-2.xml"",""xml_path"":""/project[1]/scenes[1]/scene[1]/variables[1]/variable[25]"",""snap_value_id"":""34441"",""variable"":""card_simulator_phase_registry"",""item_1"":257}"
256,200,201,0,90,POST_DAMAGE_TAKEN,ON_DAMAGE_TAKEN,DODGE > RANDOM_ROLL > ATTACK,,"{""percent_values"":[20.0,10.0,50.0]}",,CONTINUE,,HIGH,,gain 20 % dodge chance and every hit taken increases the chance by 10 % up to 50 %,gain 20 % dodge chance and every hit taken increases the chance by 10 % up to 50 %,gain 20 % dodge chance and every hit taken increases the chance by 10 % up to 50 %,201,"{""percent_values"":[20.0,10.0,50.0]}",unverified,"{""file"":""Cards-2.xml"",""xml_path"":""/project[1]/scenes[1]/scene[1]/variables[1]/variable[25]"",""snap_value_id"":""34441"",""variable"":""card_simulator_phase_registry"",""item_1"":258}"
257,201,202,0,0,CONTINUOUS,PASSIVE,MODIFY_STAT > ATTACK,ENEMY_ACTIVE|SELF,"{""percent_values"":[30.0]}",,NESTED_ATTACK_LOOP,enqueue additional ATTACK_DECLARE event(s),MEDIUM,,"whenever an enemy is defeated by self, permanently gain 30 % stats of defeated card and immediately extra attack","whenever an enemy is defeated by self, permanently gain 30 % stats of defeated card and immediately extra attack","whenever an enemy is defeated by self, permanently gain 30 % stats of defeated card and immediately extra attack",202,"{""percent_values"":[30.0]}",unverified,"{""file"":""Cards-2.xml"",""xml_path"":""/project[1]/scenes[1]/scene[1]/variables[1]/variable[25]"",""snap_value_id"":""34441"",""variable"":""card_simulator_phase_registry"",""item_1"":259}"
258,202,203,0,0,CONTINUOUS,WHILE_ACTIVE,FIELD_EFFECT > ATTACK,,"{""percent_values"":[25.0]}",,CONTINUE,,HIGH,,field: attack alongside active card for 25 % damage,field: attack alongside active card for 25 % damage,field: attack alongside active card for 25 % damage,203,"{""percent_values"":[25.0]}",unverified,"{""file"":""Cards-2.xml"",""xml_path"":""/project[1]/scenes[1]/scene[1]/variables[1]/variable[25]"",""snap_value_id"":""34441"",""variable"":""card_simulator_phase_registry"",""item_1"":260}"
259,203,204,0,10,ENTRY,ON_ENTRY,ATTACK,ALL_ENEMIES,"{""ranges"":[""1-8""],""percent_values"":[10.0]}",,CONTINUE,,HIGH,,"on entry, attack all enemies 1 - 8 times, dealing 10 % damage per hit","on entry, attack all enemies 1 - 8 times, dealing 10 % damage per hit","on entry, attack all enemies 1 - 8 times, dealing 10 % damage per hit",204,"{""ranges"":[""1-8""],""percent_values"":[10.0]}",unverified,"{""file"":""Cards-2.xml"",""xml_path"":""/project[1]/scenes[1]/scene[1]/variables[1]/variable[25]"",""snap_value_id"":""34441"",""variable"":""card_simulator_phase_registry"",""item_1"":261}"
260,204,205,0,10,ENTRY,ON_ENEMY_ENTRY,STEAL_STAT,ENEMY_ACTIVE,"{""percent_values"":[10.0]}",,CONTINUE,,HIGH,,steal 10 % of enemy's atk and hp on their entry,steal 10 % of enemy's atk and hp on their entry,steal 10 % of enemy's atk and hp on their entry,205,"{""percent_values"":[10.0]}",unverified,"{""file"":""Cards-2.xml"",""xml_path"":""/project[1]/scenes[1]/scene[1]/variables[1]/variable[25]"",""snap_value_id"":""34441"",""variable"":""card_simulator_phase_registry"",""item_1"":262}"
261,205,206,0,60,DAMAGE_CALC,MODIFY_INCOMING_DAMAGE,SPECIAL,,"{""percent_values"":[50.0,30.0]}",,CONTINUE,,REVIEW,no reusable primitive confidently identified,"+ 50 % damage, - 30 % damage taken","+ 50 % damage, - 30 % damage taken; fades below 1 / 2 hp; heal and gain damage by 20 % on kill","+ 50 % damage, - 30 % damage taken; fades below 1 / 2 hp; heal and gain damage by 20 % on kill",206,"{""percent_values"":[50.0,30.0]}",unverified,"{""file"":""Cards-2.xml"",""xml_path"":""/project[1]/scenes[1]/scene[1]/variables[1]/variable[25]"",""snap_value_id"":""34441"",""variable"":""card_simulator_phase_registry"",""item_1"":263}"
262,205,206,1,0,CONTINUOUS,HP_THRESHOLD,REMOVE_TEMP_BUFF,,"{""fractions"":[""1/2""]}",below 1 / 2 hp,CONTINUE,,HIGH,,fades below 1 / 2 hp,"+ 50 % damage, - 30 % damage taken; fades below 1 / 2 hp; heal and gain damage by 20 % on kill","+ 50 % damage, - 30 % damage taken; fades below 1 / 2 hp; heal and gain damage by 20 % on kill",206,"{""fractions"":[""1/2""]}",unverified,"{""file"":""Cards-2.xml"",""xml_path"":""/project[1]/scenes[1]/scene[1]/variables[1]/variable[25]"",""snap_value_id"":""34441"",""variable"":""card_simulator_phase_registry"",""item_1"":264}"
263,205,206,2,130,ON_KILL,ON_KILL,HEAL > MODIFY_DAMAGE,,"{""percent_values"":[20.0]}",,CONTINUE,,HIGH,,heal and gain damage by 20 % on kill,"+ 50 % damage, - 30 % damage taken; fades below 1 / 2 hp; heal and gain damage by 20 % on kill","+ 50 % damage, - 30 % damage taken; fades below 1 / 2 hp; heal and gain damage by 20 % on kill",206,"{""percent_values"":[20.0]}",unverified,"{""file"":""Cards-2.xml"",""xml_path"":""/project[1]/scenes[1]/scene[1]/variables[1]/variable[25]"",""snap_value_id"":""34441"",""variable"":""card_simulator_phase_registry"",""item_1"":265}"
264,206,207,0,130,ON_KILL,ON_KILL,HEAL > MODIFY_DAMAGE,,"{""percent_values"":[20.0]}",,CONTINUE,,HIGH,,heal and gain damage by 20 % on kill,heal and gain damage by 20 % on kill,heal and gain damage by 20 % on kill,207,"{""percent_values"":[20.0]}",unverified,"{""file"":""Cards-2.xml"",""xml_path"":""/project[1]/scenes[1]/scene[1]/variables[1]/variable[25]"",""snap_value_id"":""34441"",""variable"":""card_simulator_phase_registry"",""item_1"":266}"
265,207,208,0,0,CONTINUOUS,PASSIVE,LIMIT_CAP,ENEMY_ACTIVE,"{""percent_values"":[35.0]}",,CONTINUE,,MEDIUM,,enemy's first 3 attacks drop its atk by 35 %,enemy's first 3 attacks drop its atk by 35 %,enemy's first 3 attacks drop its atk by 35 %,208,"{""percent_values"":[35.0]}",unverified,"{""file"":""Cards-2.xml"",""xml_path"":""/project[1]/scenes[1]/scene[1]/variables[1]/variable[25]"",""snap_value_id"":""34441"",""variable"":""card_simulator_phase_registry"",""item_1"":267}"
266,208,209,0,20,TURN_START,EACH_TURN,HEAL,,"{""percent_values"":[200.0,10.0]}",,CONTINUE,repeat each applicable turn,HIGH,,"heal 200 % of atk as hp each turn, lose 10 % atk","heal 200 % of atk as hp each turn, lose 10 % atk","heal 200 % of atk as hp each turn, lose 10 % atk",209,"{""percent_values"":[200.0,10.0]}",unverified,"{""file"":""Cards-2.xml"",""xml_path"":""/project[1]/scenes[1]/scene[1]/variables[1]/variable[25]"",""snap_value_id"":""34441"",""variable"":""card_simulator_phase_registry"",""item_1"":268}"
267,209,210,0,90,POST_DAMAGE_TAKEN,ON_DAMAGE_TAKEN,COUNTERATTACK,,{},when damaged,NESTED_ATTACK_LOOP,enqueue ATTACK_DECLARE with attacker/defender swapped,HIGH,,counterattack when damaged,counterattack when damaged,counterattack when damaged,210,{},unverified,"{""file"":""Cards-2.xml"",""xml_path"":""/project[1]/scenes[1]/scene[1]/variables[1]/variable[25]"",""snap_value_id"":""34441"",""variable"":""card_simulator_phase_registry"",""item_1"":269}"
268,210,211,0,0,CONTINUOUS,PASSIVE,ABILITY_REDIRECT,ENEMY_ACTIVE,{},,CONTINUE,,MEDIUM,,enemy abilities apply to you instead,enemy abilities apply to you instead,enemy abilities apply to you instead,211,{},unverified,"{""file"":""Cards-2.xml"",""xml_path"":""/project[1]/scenes[1]/scene[1]/variables[1]/variable[25]"",""snap_value_id"":""34441"",""variable"":""card_simulator_phase_registry"",""item_1"":270}"
269,211,212,0,20,TURN_START,EACH_TURN,STEAL_STAT,ENEMY_ACTIVE,"{""percent_values"":[15.0]}",,CONTINUE,repeat each applicable turn,HIGH,,steal 15 % of enemy stats each turn,steal 15 % of enemy stats each turn; steal enemies ability on the first kill,steal 15 % of enemy stats each turn; steal enemies ability on the first kill,212,"{""percent_values"":[15.0]}",unverified,"{""file"":""Cards-2.xml"",""xml_path"":""/project[1]/scenes[1]/scene[1]/variables[1]/variable[25]"",""snap_value_id"":""34441"",""variable"":""card_simulator_phase_registry"",""item_1"":271}"
270,211,212,1,0,CONTINUOUS,PASSIVE,STEAL_ABILITY,,{},,CONTINUE,,MEDIUM,,steal enemies ability on the first kill,steal 15 % of enemy stats each turn; steal enemies ability on the first kill,steal 15 % of enemy stats each turn; steal enemies ability on the first kill,212,{},unverified,"{""file"":""Cards-2.xml"",""xml_path"":""/project[1]/scenes[1]/scene[1]/variables[1]/variable[25]"",""snap_value_id"":""34441"",""variable"":""card_simulator_phase_registry"",""item_1"":272}"
271,212,213,0,0,CONTINUOUS,PASSIVE,SPECIAL,,"{""multipliers"":[100.0]}",,CONTINUE,,REVIEW,no reusable primitive confidently identified,hp boosted by 100 x,hp boosted by 100 x; when attacked counterattack at 10 % damage,hp boosted by 100 x; when attacked counterattack at 10 % damage,213,"{""multipliers"":[100.0]}",unverified,"{""file"":""Cards-2.xml"",""xml_path"":""/project[1]/scenes[1]/scene[1]/variables[1]/variable[25]"",""snap_value_id"":""34441"",""variable"":""card_simulator_phase_registry"",""item_1"":273}"
272,212,213,1,90,POST_DAMAGE_TAKEN,ON_DAMAGE_TAKEN,COUNTERATTACK,,"{""percent_values"":[10.0]}",when attacked counterattack at 10 % damage,NESTED_ATTACK_LOOP,enqueue ATTACK_DECLARE with attacker/defender swapped,HIGH,,when attacked counterattack at 10 % damage,hp boosted by 100 x; when attacked counterattack at 10 % damage,hp boosted by 100 x; when attacked counterattack at 10 % damage,213,"{""percent_values"":[10.0]}",unverified,"{""file"":""Cards-2.xml"",""xml_path"":""/project[1]/scenes[1]/scene[1]/variables[1]/variable[25]"",""snap_value_id"":""34441"",""variable"":""card_simulator_phase_registry"",""item_1"":274}"
273,213,214,0,0,CONTINUOUS,HP_THRESHOLD,TRANSFORM > HEAL,,"{""percent_values"":[65.0]}",when hp drops below 65 % | below 65 %,ACTIVE_STATE_TRANSITION,,HIGH,,transform and heal when hp drops below 65 %,transform and heal when hp drops below 65 %,transform and heal when hp drops below 65 %,214,"{""percent_values"":[65.0]}",unverified,"{""file"":""Cards-2.xml"",""xml_path"":""/project[1]/scenes[1]/scene[1]/variables[1]/variable[25]"",""snap_value_id"":""34441"",""variable"":""card_simulator_phase_registry"",""item_1"":275}"
274,214,215,0,100,AFTER_ATTACK,AFTER_ATTACK,ATTACK,NEXT_ALLY,"{""percent_values"":[400.0]}",,MAY_TERMINATE,,HIGH,,"buff next card's damage by 400 %, but it dies after attack","buff next card's damage by 400 %, but it dies after attack","buff next card's damage by 400 %, but it dies after attack",215,"{""percent_values"":[400.0]}",unverified,"{""file"":""Cards-2.xml"",""xml_path"":""/project[1]/scenes[1]/scene[1]/variables[1]/variable[25]"",""snap_value_id"":""34441"",""variable"":""card_simulator_phase_registry"",""item_1"":276}"
275,215,216,0,40,ATTACK_DECLARE,ATTACK_ACTION,DEAL_DAMAGE > RANDOM_ROLL,,"{""multipliers"":[5.0],""ranges"":[""1-5x""]}",,CONTINUE,,HIGH,,deal 1 - 5 x damage at random,deal 1 - 5 x damage at random,deal 1 - 5 x damage at random,216,"{""multipliers"":[5.0],""ranges"":[""1-5x""]}",unverified,"{""file"":""Cards-2.xml"",""xml_path"":""/project[1]/scenes[1]/scene[1]/variables[1]/variable[25]"",""snap_value_id"":""34441"",""variable"":""card_simulator_phase_registry"",""item_1"":277}"
276,216,217,0,60,DAMAGE_CALC,MODIFY_INCOMING_DAMAGE,SPECIAL,,"{""percent_values"":[200.0,50.0]}",,CONTINUE,,REVIEW,no reusable primitive confidently identified,"+ 200 % damage, - 50 % damage taken","+ 200 % damage, - 50 % damage taken; fades below 25 % hp","+ 200 % damage, - 50 % damage taken; fades below 25 % hp",217,"{""percent_values"":[200.0,50.0]}",unverified,"{""file"":""Cards-2.xml"",""xml_path"":""/project[1]/scenes[1]/scene[1]/variables[1]/variable[25]"",""snap_value_id"":""34441"",""variable"":""card_simulator_phase_registry"",""item_1"":278}"
277,216,217,1,0,CONTINUOUS,HP_THRESHOLD,REMOVE_TEMP_BUFF,,"{""percent_values"":[25.0],""hp_threshold_percent"":[25.0]}",below 25 % hp,CONTINUE,,HIGH,,fades below 25 % hp,"+ 200 % damage, - 50 % damage taken; fades below 25 % hp","+ 200 % damage, - 50 % damage taken; fades below 25 % hp",217,"{""percent_values"":[25.0],""hp_threshold_percent"":[25.0]}",unverified,"{""file"":""Cards-2.xml"",""xml_path"":""/project[1]/scenes[1]/scene[1]/variables[1]/variable[25]"",""snap_value_id"":""34441"",""variable"":""card_simulator_phase_registry"",""item_1"":279}"
278,217,218,0,90,POST_DAMAGE_TAKEN,ON_DAMAGE_TAKEN,RANDOM_ROLL,,{},,CONTINUE,,REVIEW,formula must be specified numerically,chance to kill based on damage to hp ratio,"chance to kill based on damage to hp ratio; 50 % chance to self destruct on death, inflicting max hp as damage","chance to kill based on damage to hp ratio; 50 % chance to self destruct on death, inflicting max hp as damage",218,{},unverified,"{""file"":""Cards-2.xml"",""xml_path"":""/project[1]/scenes[1]/scene[1]/variables[1]/variable[25]"",""snap_value_id"":""34441"",""variable"":""card_simulator_phase_registry"",""item_1"":280}"
279,217,218,1,120,DEATH,ON_DEATH,RANDOM_ROLL,SELF,"{""probability"":0.5,""percent_values"":[50.0]}",,CONTINUE,,HIGH,,"50 % chance to self destruct on death, inflicting max hp as damage","chance to kill based on damage to hp ratio; 50 % chance to self destruct on death, inflicting max hp as damage","chance to kill based on damage to hp ratio; 50 % chance to self destruct on death, inflicting max hp as damage",218,"{""probability"":0.5,""percent_values"":[50.0]}",unverified,"{""file"":""Cards-2.xml"",""xml_path"":""/project[1]/scenes[1]/scene[1]/variables[1]/variable[25]"",""snap_value_id"":""34441"",""variable"":""card_simulator_phase_registry"",""item_1"":281}"
280,218,219,0,10,ENTRY,ON_ENTRY,SPECIAL,,"{""multipliers"":[2.0],""percent_values"":[15.0]}",,CONTINUE,repeat each applicable turn,REVIEW,no reusable primitive confidently identified,2 x hp/atk on entry but lose 15 % each turn,2 x hp/atk on entry but lose 15 % each turn,2 x hp/atk on entry but lose 15 % each turn,219,"{""multipliers"":[2.0],""percent_values"":[15.0]}",unverified,"{""file"":""Cards-2.xml"",""xml_path"":""/project[1]/scenes[1]/scene[1]/variables[1]/variable[25]"",""snap_value_id"":""34441"",""variable"":""card_simulator_phase_registry"",""item_1"":282}"
281,219,220,0,0,CONTINUOUS,PASSIVE,RANDOM_ROLL > DODGE > MODIFY_DAMAGE,,"{""probability"":0.4,""percent_values"":[40.0,20.0]}",,CONTINUE,,MEDIUM,,"40 % chance to dodge attacks, increase damage by 20 % on dodge","40 % chance to dodge attacks, increase damage by 20 % on dodge","40 % chance to dodge attacks, increase damage by 20 % on dodge",220,"{""probability"":0.4,""percent_values"":[40.0,20.0]}",unverified,"{""file"":""Cards-2.xml"",""xml_path"":""/project[1]/scenes[1]/scene[1]/variables[1]/variable[25]"",""snap_value_id"":""34441"",""variable"":""card_simulator_phase_registry"",""item_1"":283}"
282,220,221,0,40,ATTACK_DECLARE,ATTACK_ACTION,ATTACK,,"{""multipliers"":[0.5,1.0,2.0],""counts"":[3]}",,CONTINUE,enqueue additional ATTACK_DECLARE event(s),HIGH,,"attack 3 times at 0.5 x, 1 x, and 2 x damage","attack 3 times at 0.5 x, 1 x, and 2 x damage","attack 3 times at 0.5 x, 1 x, and 2 x damage",221,"{""multipliers"":[0.5,1.0,2.0],""counts"":[3]}",unverified,"{""file"":""Cards-2.xml"",""xml_path"":""/project[1]/scenes[1]/scene[1]/variables[1]/variable[25]"",""snap_value_id"":""34441"",""variable"":""card_simulator_phase_registry"",""item_1"":284}"
283,221,222,0,120,DEATH,ON_DEATH,MODIFY_STAT,NEXT_ALLY,"{""fractions"":[""1/2""]}",,CONTINUE,,HIGH,,add 1 / 2 stats to next card on death,add 1 / 2 stats to next card on death,add 1 / 2 stats to next card on death,222,"{""fractions"":[""1/2""]}",unverified,"{""file"":""Cards-2.xml"",""xml_path"":""/project[1]/scenes[1]/scene[1]/variables[1]/variable[25]"",""snap_value_id"":""34441"",""variable"":""card_simulator_phase_registry"",""item_1"":285}"
284,222,223,0,40,ATTACK_DECLARE,ATTACK_ACTION,DEAL_DAMAGE,,"{""percent_values"":[100.0]}",,CONTINUE,,REVIEW,requires external card/class/named-rule definition,deals 100 % more damage to younger cards,deals 100 % more damage to younger cards,deals 100 % more damage to younger cards,223,"{""percent_values"":[100.0]}",unverified,"{""file"":""Cards-2.xml"",""xml_path"":""/project[1]/scenes[1]/scene[1]/variables[1]/variable[25]"",""snap_value_id"":""34441"",""variable"":""card_simulator_phase_registry"",""item_1"":286}"
285,223,224,0,0,CONTINUOUS,PASSIVE,SWAP,SELF,"{""multipliers"":[1.5]}",when piccolo uses its ability to swap with self,ACTIVE_STATE_TRANSITION,,REVIEW,requires external card/class/named-rule definition,"when piccolo uses its ability to swap with self, piccolo gains 1.5 x stats","when piccolo uses its ability to swap with self, piccolo gains 1.5 x stats","when piccolo uses its ability to swap with self, piccolo gains 1.5 x stats",224,"{""multipliers"":[1.5]}",unverified,"{""file"":""Cards-2.xml"",""xml_path"":""/project[1]/scenes[1]/scene[1]/variables[1]/variable[25]"",""snap_value_id"":""34441"",""variable"":""card_simulator_phase_registry"",""item_1"":287}"
286,224,225,0,0,CONTINUOUS,PASSIVE,TRANSFER_STAT,,{},,MAY_TERMINATE,,REVIEW,requires external card/class/named-rule definition,dies and transfer stats to dad cards,dies and transfer stats to dad cards,dies and transfer stats to dad cards,225,{},unverified,"{""file"":""Cards-2.xml"",""xml_path"":""/project[1]/scenes[1]/scene[1]/variables[1]/variable[25]"",""snap_value_id"":""34441"",""variable"":""card_simulator_phase_registry"",""item_1"":288}"
287,225,226,0,120,DEATH,ON_DEATH,LIMIT_CAP,NEXT_ALLY|SELF,{},,CONTINUE,,HIGH,,self max hp gets added to next ally's on death,self max hp gets added to next ally's on death,self max hp gets added to next ally's on death,226,{},unverified,"{""file"":""Cards-2.xml"",""xml_path"":""/project[1]/scenes[1]/scene[1]/variables[1]/variable[25]"",""snap_value_id"":""34441"",""variable"":""card_simulator_phase_registry"",""item_1"":289}"
288,226,227,0,0,CONTINUOUS,PASSIVE,ATTACK,,{},,CONTINUE,,MEDIUM,,does not attack,does not attack; all damage taken at 1.5 x is added to next card's attack,does not attack; all damage taken at 1.5 x is added to next card's attack,227,{},unverified,"{""file"":""Cards-2.xml"",""xml_path"":""/project[1]/scenes[1]/scene[1]/variables[1]/variable[25]"",""snap_value_id"":""34441"",""variable"":""card_simulator_phase_registry"",""item_1"":290}"
289,226,227,1,60,DAMAGE_CALC,MODIFY_INCOMING_DAMAGE,ATTACK,NEXT_ALLY,"{""multipliers"":[1.5]}",,CONTINUE,,HIGH,,all damage taken at 1.5 x is added to next card's attack,does not attack; all damage taken at 1.5 x is added to next card's attack,does not attack; all damage taken at 1.5 x is added to next card's attack,227,"{""multipliers"":[1.5]}",unverified,"{""file"":""Cards-2.xml"",""xml_path"":""/project[1]/scenes[1]/scene[1]/variables[1]/variable[25]"",""snap_value_id"":""34441"",""variable"":""card_simulator_phase_registry"",""item_1"":291}"
290,227,228,0,0,CONTINUOUS,PASSIVE,DODGE,,"{""percent_values"":[40.0,10.0,20.0]}",,CONTINUE,,MEDIUM,,"grants allies 40 % evasion, decreasing by 10 % per successful dodge to 20 %","grants allies 40 % evasion, decreasing by 10 % per successful dodge to 20 %; max 2 per card; gain 10 % of prevented damage; 200 % cap","grants allies 40 % evasion, decreasing by 10 % per successful dodge to 20 %; max 2 per card; gain 10 % of prevented damage; 200 % cap",228,"{""percent_values"":[40.0,10.0,20.0]}",unverified,"{""file"":""Cards-2.xml"",""xml_path"":""/project[1]/scenes[1]/scene[1]/variables[1]/variable[25]"",""snap_value_id"":""34441"",""variable"":""card_simulator_phase_registry"",""item_1"":292}"
291,227,228,1,0,CONTINUOUS,PASSIVE,LIMIT_CAP,,{},,CONTINUE,,MEDIUM,,max 2 per card,"grants allies 40 % evasion, decreasing by 10 % per successful dodge to 20 %; max 2 per card; gain 10 % of prevented damage; 200 % cap","grants allies 40 % evasion, decreasing by 10 % per successful dodge to 20 %; max 2 per card; gain 10 % of prevented damage; 200 % cap",228,{},unverified,"{""file"":""Cards-2.xml"",""xml_path"":""/project[1]/scenes[1]/scene[1]/variables[1]/variable[25]"",""snap_value_id"":""34441"",""variable"":""card_simulator_phase_registry"",""item_1"":293}"
292,227,228,2,0,CONTINUOUS,PASSIVE,MODIFY_DAMAGE,,"{""percent_values"":[10.0]}",,CONTINUE,,MEDIUM,,gain 10 % of prevented damage,"grants allies 40 % evasion, decreasing by 10 % per successful dodge to 20 %; max 2 per card; gain 10 % of prevented damage; 200 % cap","grants allies 40 % evasion, decreasing by 10 % per successful dodge to 20 %; max 2 per card; gain 10 % of prevented damage; 200 % cap",228,"{""percent_values"":[10.0]}",unverified,"{""file"":""Cards-2.xml"",""xml_path"":""/project[1]/scenes[1]/scene[1]/variables[1]/variable[25]"",""snap_value_id"":""34441"",""variable"":""card_simulator_phase_registry"",""item_1"":294}"
293,227,228,3,0,CONTINUOUS,PASSIVE,LIMIT_CAP,,"{""percent_values"":[200.0]}",,CONTINUE,,MEDIUM,,200 % cap,"grants allies 40 % evasion, decreasing by 10 % per successful dodge to 20 %; max 2 per card; gain 10 % of prevented damage; 200 % cap","grants allies 40 % evasion, decreasing by 10 % per successful dodge to 20 %; max 2 per card; gain 10 % of prevented damage; 200 % cap",228,"{""percent_values"":[200.0]}",unverified,"{""file"":""Cards-2.xml"",""xml_path"":""/project[1]/scenes[1]/scene[1]/variables[1]/variable[25]"",""snap_value_id"":""34441"",""variable"":""card_simulator_phase_registry"",""item_1"":295}"
294,228,229,0,130,ON_KILL,ON_KILL,STEAL_STAT > HEAL,ENEMY_ACTIVE,"{""percent_values"":[50.0,30.0]}",when defeating them,CONTINUE,,HIGH,,steal 50 % of the enemy's stats and heal 30 % hp when defeating them,steal 50 % of the enemy's stats and heal 30 % hp when defeating them,steal 50 % of the enemy's stats and heal 30 % hp when defeating them,229,"{""percent_values"":[50.0,30.0]}",unverified,"{""file"":""Cards-2.xml"",""xml_path"":""/project[1]/scenes[1]/scene[1]/variables[1]/variable[25]"",""snap_value_id"":""34441"",""variable"":""card_simulator_phase_registry"",""item_1"":296}"
295,229,230,0,120,DEATH,ON_DEATH,SUMMON,,{},,ACTIVE_STATE_TRANSITION,,HIGH,,"on death, split into joy and sorrow","on death, split into joy and sorrow; each inherits 50 % of max hp and 60 % of damage, entering battle one after another","on death, split into joy and sorrow; each inherits 50 % of max hp and 60 % of damage, entering battle one after another",230,{},unverified,"{""file"":""Cards-2.xml"",""xml_path"":""/project[1]/scenes[1]/scene[1]/variables[1]/variable[25]"",""snap_value_id"":""34441"",""variable"":""card_simulator_phase_registry"",""item_1"":297}"
296,229,230,1,10,ENTRY,ON_ENTRY,LIMIT_CAP,,"{""percent_values"":[50.0,60.0]}",,CONTINUE,,HIGH,,"each inherits 50 % of max hp and 60 % of damage, entering battle one after another","on death, split into joy and sorrow; each inherits 50 % of max hp and 60 % of damage, entering battle one after another","on death, split into joy and sorrow; each inherits 50 % of max hp and 60 % of damage, entering battle one after another",230,"{""percent_values"":[50.0,60.0]}",unverified,"{""file"":""Cards-2.xml"",""xml_path"":""/project[1]/scenes[1]/scene[1]/variables[1]/variable[25]"",""snap_value_id"":""34441"",""variable"":""card_simulator_phase_registry"",""item_1"":298}"
297,230,231,0,0,CONTINUOUS,PASSIVE,ATTACK,,{},,CONTINUE,,MEDIUM,,does not attack,does not attack; all damage taken at 1.25 x is added to ally party attack,does not attack; all damage taken at 1.25 x is added to ally party attack,231,{},unverified,"{""file"":""Cards-2.xml"",""xml_path"":""/project[1]/scenes[1]/scene[1]/variables[1]/variable[25]"",""snap_value_id"":""34441"",""variable"":""card_simulator_phase_registry"",""item_1"":299}"
298,230,231,1,60,DAMAGE_CALC,MODIFY_INCOMING_DAMAGE,ATTACK,ALL_ALLIES,"{""multipliers"":[1.25]}",,CONTINUE,,HIGH,,all damage taken at 1.25 x is added to ally party attack,does not attack; all damage taken at 1.25 x is added to ally party attack,does not attack; all damage taken at 1.25 x is added to ally party attack,231,"{""multipliers"":[1.25]}",unverified,"{""file"":""Cards-2.xml"",""xml_path"":""/project[1]/scenes[1]/scene[1]/variables[1]/variable[25]"",""snap_value_id"":""34441"",""variable"":""card_simulator_phase_registry"",""item_1"":300}"
299,231,232,0,40,ATTACK_DECLARE,ATTACK_ACTION,DEAL_DAMAGE,,"{""multipliers"":[2.0]}",,CONTINUE,,HIGH,,deals 2 x damage,deals 2 x damage; 50 % chance to skip enemy's turn,deals 2 x damage; 50 % chance to skip enemy's turn,232,"{""multipliers"":[2.0]}",unverified,"{""file"":""Cards-2.xml"",""xml_path"":""/project[1]/scenes[1]/scene[1]/variables[1]/variable[25]"",""snap_value_id"":""34441"",""variable"":""card_simulator_phase_registry"",""item_1"":301}"
300,231,232,1,0,CONTINUOUS,PASSIVE,RANDOM_ROLL > SKIP_TURN,ENEMY_ACTIVE,"{""probability"":0.5,""percent_values"":[50.0]}",,TURN_CONTROL,,MEDIUM,,50 % chance to skip enemy's turn,deals 2 x damage; 50 % chance to skip enemy's turn,deals 2 x damage; 50 % chance to skip enemy's turn,232,"{""probability"":0.5,""percent_values"":[50.0]}",unverified,"{""file"":""Cards-2.xml"",""xml_path"":""/project[1]/scenes[1]/scene[1]/variables[1]/variable[25]"",""snap_value_id"":""34441"",""variable"":""card_simulator_phase_registry"",""item_1"":302}"
301,232,233,0,0,CONTINUOUS,PASSIVE,REVIVE,ENEMY_ACTIVE|SELF,"{""percent_values"":[75.0]}",,ACTIVE_STATE_TRANSITION,,MEDIUM,,revive an ally with 75 % of self stats for each fallen enemy,revive an ally with 75 % of self stats for each fallen enemy,revive an ally with 75 % of self stats for each fallen enemy,233,"{""percent_values"":[75.0]}",unverified,"{""file"":""Cards-2.xml"",""xml_path"":""/project[1]/scenes[1]/scene[1]/variables[1]/variable[25]"",""snap_value_id"":""34441"",""variable"":""card_simulator_phase_registry"",""item_1"":303}"
302,233,234,0,0,CONTINUOUS,POSITION_CONDITION,ABILITY_SELECT,,{},if first in deck,CONTINUE,,REVIEW,requires external card/class/named-rule definition,"if first in deck, ability is safeguarding","if first in deck, ability is safeguarding; otherwise, mother of dragons","if first in deck, ability is safeguarding; otherwise, mother of dragons",234,{},unverified,"{""file"":""Cards-2.xml"",""xml_path"":""/project[1]/scenes[1]/scene[1]/variables[1]/variable[25]"",""snap_value_id"":""34441"",""variable"":""card_simulator_phase_registry"",""item_1"":304}"
303,233,234,1,0,CONTINUOUS,PASSIVE,SPECIAL,,{},,CONTINUE,,REVIEW,no reusable primitive confidently identified; requires external card/class/named-rule definition,"otherwise, mother of dragons","if first in deck, ability is safeguarding; otherwise, mother of dragons","if first in deck, ability is safeguarding; otherwise, mother of dragons",234,{},unverified,"{""file"":""Cards-2.xml"",""xml_path"":""/project[1]/scenes[1]/scene[1]/variables[1]/variable[25]"",""snap_value_id"":""34441"",""variable"":""card_simulator_phase_registry"",""item_1"":305}"
304,234,235,0,5,ENCOUNTER,ON_ENCOUNTER,STEAL_STAT,ENEMY_ACTIVE|SELF,"{""percent_values"":[20.0]}",when an enemy sees self,CONTINUE,,HIGH,,"when an enemy sees self, steal 20 % of its stats","when an enemy sees self, steal 20 % of its stats","when an enemy sees self, steal 20 % of its stats",235,"{""percent_values"":[20.0]}",unverified,"{""file"":""Cards-2.xml"",""xml_path"":""/project[1]/scenes[1]/scene[1]/variables[1]/variable[25]"",""snap_value_id"":""34441"",""variable"":""card_simulator_phase_registry"",""item_1"":306}"
305,235,236,0,10,ENTRY,ON_ENTRY,SPECIAL,,"{""percent_values"":[5.0]}",,CONTINUE,,REVIEW,no reusable primitive confidently identified,"on entry, steals 5 % of all other cards' stats, including allies","on entry, steals 5 % of all other cards' stats, including allies; stolen stats decay after 3 turns","on entry, steals 5 % of all other cards' stats, including allies; stolen stats decay after 3 turns",236,"{""percent_values"":[5.0]}",unverified,"{""file"":""Cards-2.xml"",""xml_path"":""/project[1]/scenes[1]/scene[1]/variables[1]/variable[25]"",""snap_value_id"":""34441"",""variable"":""card_simulator_phase_registry"",""item_1"":307}"
306,235,236,1,0,CONTINUOUS,PASSIVE,SPECIAL,,"{""duration_turns"":[3]}",,CONTINUE,,REVIEW,no reusable primitive confidently identified,stolen stats decay after 3 turns,"on entry, steals 5 % of all other cards' stats, including allies; stolen stats decay after 3 turns","on entry, steals 5 % of all other cards' stats, including allies; stolen stats decay after 3 turns",236,"{""duration_turns"":[3]}",unverified,"{""file"":""Cards-2.xml"",""xml_path"":""/project[1]/scenes[1]/scene[1]/variables[1]/variable[25]"",""snap_value_id"":""34441"",""variable"":""card_simulator_phase_registry"",""item_1"":308}"
307,236,237,0,0,CONTINUOUS,PASSIVE,APPLY_STATUS,,"{""duration_turns"":[2]}",when dealing/receiving damage,CONTINUE,,MEDIUM,,inflict poison for 2 turns when dealing/receiving damage,inflict poison for 2 turns when dealing/receiving damage,inflict poison for 2 turns when dealing/receiving damage,237,"{""duration_turns"":[2]}",unverified,"{""file"":""Cards-2.xml"",""xml_path"":""/project[1]/scenes[1]/scene[1]/variables[1]/variable[25]"",""snap_value_id"":""34441"",""variable"":""card_simulator_phase_registry"",""item_1"":309}"
308,237,238,0,60,DAMAGE_CALC,MODIFY_INCOMING_DAMAGE,DEAL_DAMAGE > ATTACK,,"{""multipliers"":[3.0],""fractions"":[""1/3""],""percent_values"":[10.0]}",,CONTINUE,,HIGH,,"deal 3 x damage, take 1 / 3 damage but lose 10 % stats per attack","deal 3 x damage, take 1 / 3 damage but lose 10 % stats per attack","deal 3 x damage, take 1 / 3 damage but lose 10 % stats per attack",238,"{""multipliers"":[3.0],""fractions"":[""1/3""],""percent_values"":[10.0]}",unverified,"{""file"":""Cards-2.xml"",""xml_path"":""/project[1]/scenes[1]/scene[1]/variables[1]/variable[25]"",""snap_value_id"":""34441"",""variable"":""card_simulator_phase_registry"",""item_1"":310}"
309,238,239,0,5,ENCOUNTER,ON_ENCOUNTER,APPLY_STATUS,,{},,CONTINUE,,HIGH,,enemies you see are inflicted with confusion eternally,"enemies you see are inflicted with confusion eternally; when a confused enemy hits themselves, + 50 % stats","enemies you see are inflicted with confusion eternally; when a confused enemy hits themselves, + 50 % stats",239,{},unverified,"{""file"":""Cards-2.xml"",""xml_path"":""/project[1]/scenes[1]/scene[1]/variables[1]/variable[25]"",""snap_value_id"":""34441"",""variable"":""card_simulator_phase_registry"",""item_1"":311}"
310,238,239,1,0,CONTINUOUS,PASSIVE,SPECIAL,ENEMY_ACTIVE,"{""percent_values"":[50.0]}",when a confused enemy hits themselves,CONTINUE,,REVIEW,no reusable primitive confidently identified,"when a confused enemy hits themselves, + 50 % stats","enemies you see are inflicted with confusion eternally; when a confused enemy hits themselves, + 50 % stats","enemies you see are inflicted with confusion eternally; when a confused enemy hits themselves, + 50 % stats",239,"{""percent_values"":[50.0]}",unverified,"{""file"":""Cards-2.xml"",""xml_path"":""/project[1]/scenes[1]/scene[1]/variables[1]/variable[25]"",""snap_value_id"":""34441"",""variable"":""card_simulator_phase_registry"",""item_1"":312}"
311,239,240,0,10,ENTRY,ON_ENTRY,LINK_TARGETS > LIMIT_CAP,,"{""counts"":[2]}",,CONTINUE,,HIGH,,"on entry, permanently link the first 2 enemies","on entry, permanently link the first 2 enemies; damage dealt to one is shared with the other","on entry, permanently link the first 2 enemies; damage dealt to one is shared with the other",240,"{""counts"":[2]}",unverified,"{""file"":""Cards-2.xml"",""xml_path"":""/project[1]/scenes[1]/scene[1]/variables[1]/variable[25]"",""snap_value_id"":""34441"",""variable"":""card_simulator_phase_registry"",""item_1"":313}"
312,239,240,1,0,CONTINUOUS,PASSIVE,LINK_TARGETS,,{},,CONTINUE,,MEDIUM,,damage dealt to one is shared with the other,"on entry, permanently link the first 2 enemies; damage dealt to one is shared with the other","on entry, permanently link the first 2 enemies; damage dealt to one is shared with the other",240,{},unverified,"{""file"":""Cards-2.xml"",""xml_path"":""/project[1]/scenes[1]/scene[1]/variables[1]/variable[25]"",""snap_value_id"":""34441"",""variable"":""card_simulator_phase_registry"",""item_1"":314}"
313,240,241,0,20,TURN_START,ON_ENEMY_TURN_START,SPECIAL,ENEMY_ACTIVE,"{""percent_values"":[25.0]}",,CONTINUE,,REVIEW,no reusable primitive confidently identified,enemy loses 25 % stats enemy turn start,enemy loses 25 % stats enemy turn start,enemy loses 25 % stats enemy turn start,241,"{""percent_values"":[25.0]}",unverified,"{""file"":""Cards-2.xml"",""xml_path"":""/project[1]/scenes[1]/scene[1]/variables[1]/variable[25]"",""snap_value_id"":""34441"",""variable"":""card_simulator_phase_registry"",""item_1"":315}"
314,241,242,0,20,TURN_START,EACH_TURN,MODIFY_STAT,,"{""percent_values"":[100.0]}",,CONTINUE,repeat each applicable turn,HIGH,,"gain 100 % atk, then gain the initial boost each turn","gain 100 % atk, then gain the initial boost each turn","gain 100 % atk, then gain the initial boost each turn",242,"{""percent_values"":[100.0]}",unverified,"{""file"":""Cards-2.xml"",""xml_path"":""/project[1]/scenes[1]/scene[1]/variables[1]/variable[25]"",""snap_value_id"":""34441"",""variable"":""card_simulator_phase_registry"",""item_1"":316}"
315,242,243,0,0,CONTINUOUS,PASSIVE,MODIFY_STAT,ALL_ALLIES,"{""percent_values"":[25.0]}",for every card in ally party,CONTINUE,,MEDIUM,,gain 25 % atk for every card in ally party,gain 25 % atk for every card in ally party,gain 25 % atk for every card in ally party,243,"{""percent_values"":[25.0]}",unverified,"{""file"":""Cards-2.xml"",""xml_path"":""/project[1]/scenes[1]/scene[1]/variables[1]/variable[25]"",""snap_value_id"":""34441"",""variable"":""card_simulator_phase_registry"",""item_1"":317}"
316,243,244,0,40,ATTACK_DECLARE,ATTACK_ACTION,DEAL_DAMAGE,,"{""multipliers"":[5.0]}",,CONTINUE,,HIGH,,deal 5 x damage once,deal 5 x damage once,deal 5 x damage once,244,"{""multipliers"":[5.0]}",unverified,"{""file"":""Cards-2.xml"",""xml_path"":""/project[1]/scenes[1]/scene[1]/variables[1]/variable[25]"",""snap_value_id"":""34441"",""variable"":""card_simulator_phase_registry"",""item_1"":318}"
317,244,245,0,90,POST_DAMAGE_TAKEN,ON_DAMAGE_TAKEN,SPECIAL,,{},,CONTINUE,,REVIEW,no reusable primitive confidently identified; formula must be specified numerically,inflicts death based on damage to hp ratio,inflicts death based on damage to hp ratio,inflicts death based on damage to hp ratio,245,{},unverified,"{""file"":""Cards-2.xml"",""xml_path"":""/project[1]/scenes[1]/scene[1]/variables[1]/variable[25]"",""snap_value_id"":""34441"",""variable"":""card_simulator_phase_registry"",""item_1"":319}"
318,245,246,0,0,CONTINUOUS,PASSIVE,MODIFY_STAT,,"{""percent_values"":[25.0]}",for every fallen ally,CONTINUE,,MEDIUM,,gain 25 % stats for every fallen ally,gain 25 % stats for every fallen ally,gain 25 % stats for every fallen ally,246,"{""percent_values"":[25.0]}",unverified,"{""file"":""Cards-2.xml"",""xml_path"":""/project[1]/scenes[1]/scene[1]/variables[1]/variable[25]"",""snap_value_id"":""34441"",""variable"":""card_simulator_phase_registry"",""item_1"":320}"
319,246,247,0,0,CONTINUOUS,PASSIVE,COPY_ABILITY,,{},,CONTINUE,,MEDIUM,,gain the ability of a fallen ally,gain the ability of a fallen ally,gain the ability of a fallen ally,247,{},unverified,"{""file"":""Cards-2.xml"",""xml_path"":""/project[1]/scenes[1]/scene[1]/variables[1]/variable[25]"",""snap_value_id"":""34441"",""variable"":""card_simulator_phase_registry"",""item_1"":321}"
320,247,248,0,0,CONTINUOUS,HP_THRESHOLD,INSTANT_KILL,ENEMY_ACTIVE|SELF,"{""percent_values"":[30.0],""hp_threshold_percent"":[30.0]}",when self falls below 30 % hp: both it and the enemy are defeated | below 30 % hp: both it and the enemy are defeated,MAY_TERMINATE,,HIGH,,when self falls below 30 % hp: both it and the enemy are defeated,when self falls below 30 % hp: both it and the enemy are defeated,when self falls below 30 % hp: both it and the enemy are defeated,248,"{""percent_values"":[30.0],""hp_threshold_percent"":[30.0]}",unverified,"{""file"":""Cards-2.xml"",""xml_path"":""/project[1]/scenes[1]/scene[1]/variables[1]/variable[25]"",""snap_value_id"":""34441"",""variable"":""card_simulator_phase_registry"",""item_1"":322}"
321,248,249,0,0,CONTINUOUS,HP_THRESHOLD,INSTANT_KILL,ENEMY_ACTIVE,"{""percent_values"":[30.0],""hp_threshold_percent"":[30.0]}",when the enemy falls below 30 % hp: it is instantly defeated | below 30 % hp: it is instantly defeated,MAY_TERMINATE,,HIGH,,when the enemy falls below 30 % hp: it is instantly defeated,when the enemy falls below 30 % hp: it is instantly defeated,when the enemy falls below 30 % hp: it is instantly defeated,249,"{""percent_values"":[30.0],""hp_threshold_percent"":[30.0]}",unverified,"{""file"":""Cards-2.xml"",""xml_path"":""/project[1]/scenes[1]/scene[1]/variables[1]/variable[25]"",""snap_value_id"":""34441"",""variable"":""card_simulator_phase_registry"",""item_1"":323}"
322,249,250,0,120,DEATH,ON_DEATH,REVIVE,ALL_ALLIES,{},,ACTIVE_STATE_TRANSITION,,HIGH,,"on death, revive ally party","on death, revive ally party","on death, revive ally party",250,{},unverified,"{""file"":""Cards-2.xml"",""xml_path"":""/project[1]/scenes[1]/scene[1]/variables[1]/variable[25]"",""snap_value_id"":""34441"",""variable"":""card_simulator_phase_registry"",""item_1"":324}"
323,250,251,0,120,DEATH,ON_DEATH,APPLY_STATUS,,{},,CONTINUE,,HIGH,,"on death, inflict frostbite","on death, inflict frostbite","on death, inflict frostbite",251,{},unverified,"{""file"":""Cards-2.xml"",""xml_path"":""/project[1]/scenes[1]/scene[1]/variables[1]/variable[25]"",""snap_value_id"":""34441"",""variable"":""card_simulator_phase_registry"",""item_1"":325}"
324,251,252,0,10,ENTRY,ON_ENTRY,RANDOM_ROLL > APPLY_STATUS,,{},,CONTINUE,,HIGH,,"on entry, randomly inflict 3-turn frostbite/slow/freeze","on entry, randomly inflict 3-turn frostbite/slow/freeze","on entry, randomly inflict 3-turn frostbite/slow/freeze",252,{},unverified,"{""file"":""Cards-2.xml"",""xml_path"":""/project[1]/scenes[1]/scene[1]/variables[1]/variable[25]"",""snap_value_id"":""34441"",""variable"":""card_simulator_phase_registry"",""item_1"":326}"
325,252,253,0,10,ENTRY,ON_ENTRY,APPLY_STATUS,ENEMY_ACTIVE,{},,CONTINUE,,HIGH,,blind target on entry,blind target on entry,blind target on entry,253,{},unverified,"{""file"":""Cards-2.xml"",""xml_path"":""/project[1]/scenes[1]/scene[1]/variables[1]/variable[25]"",""snap_value_id"":""34441"",""variable"":""card_simulator_phase_registry"",""item_1"":327}"
326,253,254,0,50,PRE_HIT,ON_INCOMING_ATTACK,DODGE > ATTACK,,{},when you do,CONTINUE,,HIGH,,"dodge every other attack, and when you do, gain 1 more attack","dodge every other attack, and when you do, gain 1 more attack","dodge every other attack, and when you do, gain 1 more attack",254,{},unverified,"{""file"":""Cards-2.xml"",""xml_path"":""/project[1]/scenes[1]/scene[1]/variables[1]/variable[25]"",""snap_value_id"":""34441"",""variable"":""card_simulator_phase_registry"",""item_1"":328}"
327,254,255,0,90,POST_DAMAGE_TAKEN,RETALIATE_ON_DAMAGE,DEAL_DAMAGE > ATTACK,SELF,"{""fractions"":[""1/2""]}",,CONTINUE,,HIGH,,attacker takes damage equal to 1 / 2 your attack,attacker takes damage equal to 1 / 2 your attack,attacker takes damage equal to 1 / 2 your attack,255,"{""fractions"":[""1/2""]}",unverified,"{""file"":""Cards-2.xml"",""xml_path"":""/project[1]/scenes[1]/scene[1]/variables[1]/variable[25]"",""snap_value_id"":""34441"",""variable"":""card_simulator_phase_registry"",""item_1"":329}"
328,255,256,0,90,POST_DAMAGE_TAKEN,ON_DAMAGE_TAKEN,STEAL_STAT,ENEMY_ACTIVE,"{""percent_values"":[20.0]}",,CONTINUE,,HIGH,,steal 20 % of enemy stats upon being attacked,steal 20 % of enemy stats upon being attacked,steal 20 % of enemy stats upon being attacked,256,"{""percent_values"":[20.0]}",unverified,"{""file"":""Cards-2.xml"",""xml_path"":""/project[1]/scenes[1]/scene[1]/variables[1]/variable[25]"",""snap_value_id"":""34441"",""variable"":""card_simulator_phase_registry"",""item_1"":330}"
329,256,257,0,10,ENTRY,ON_ENTRY,APPLY_STATUS,ENEMY_ACTIVE,{},,CONTINUE,,HIGH,,slow target on entry,slow target on entry; attacks inflict bleed; attacks twice,slow target on entry; attacks inflict bleed; attacks twice,257,{},unverified,"{""file"":""Cards-2.xml"",""xml_path"":""/project[1]/scenes[1]/scene[1]/variables[1]/variable[25]"",""snap_value_id"":""34441"",""variable"":""card_simulator_phase_registry"",""item_1"":331}"
330,256,257,1,80,POST_DAMAGE_DEALT,ON_HIT,APPLY_STATUS,,{},,CONTINUE,,HIGH,,attacks inflict bleed,slow target on entry; attacks inflict bleed; attacks twice,slow target on entry; attacks inflict bleed; attacks twice,257,{},unverified,"{""file"":""Cards-2.xml"",""xml_path"":""/project[1]/scenes[1]/scene[1]/variables[1]/variable[25]"",""snap_value_id"":""34441"",""variable"":""card_simulator_phase_registry"",""item_1"":332}"
331,256,257,2,40,ATTACK_DECLARE,ATTACK_ACTION,MULTI_ATTACK,,{},,NESTED_ATTACK_LOOP,enqueue additional ATTACK_DECLARE event(s),HIGH,,attacks twice,slow target on entry; attacks inflict bleed; attacks twice,slow target on entry; attacks inflict bleed; attacks twice,257,{},unverified,"{""file"":""Cards-2.xml"",""xml_path"":""/project[1]/scenes[1]/scene[1]/variables[1]/variable[25]"",""snap_value_id"":""34441"",""variable"":""card_simulator_phase_registry"",""item_1"":333}"
332,257,258,0,20,TURN_START,TURN_PERIODIC,APPLY_STATUS,SELF,"{""period_turns"":[2]}",,CONTINUE,run every 2 owner turns,HIGH,,"every other turn, freeze self","every other turn, freeze self; self cannot take damage that turn","every other turn, freeze self; self cannot take damage that turn",258,"{""period_turns"":[2]}",unverified,"{""file"":""Cards-2.xml"",""xml_path"":""/project[1]/scenes[1]/scene[1]/variables[1]/variable[25]"",""snap_value_id"":""34441"",""variable"":""card_simulator_phase_registry"",""item_1"":334}"
333,257,258,1,0,CONTINUOUS,PASSIVE,SPECIAL,SELF,{},,CONTINUE,,REVIEW,no reusable primitive confidently identified,self cannot take damage that turn,"every other turn, freeze self; self cannot take damage that turn","every other turn, freeze self; self cannot take damage that turn",258,{},unverified,"{""file"":""Cards-2.xml"",""xml_path"":""/project[1]/scenes[1]/scene[1]/variables[1]/variable[25]"",""snap_value_id"":""34441"",""variable"":""card_simulator_phase_registry"",""item_1"":335}"
334,258,259,0,120,DEATH,ON_DEATH,APPLY_STATUS,NEXT_ALLY,"{""multipliers"":[2.0],""duration_turns"":[2]}",,CONTINUE,,HIGH,,"on death, 2 x stats of next card and freeze it for 2 turns","on death, 2 x stats of next card and freeze it for 2 turns","on death, 2 x stats of next card and freeze it for 2 turns",259,"{""multipliers"":[2.0],""duration_turns"":[2]}",unverified,"{""file"":""Cards-2.xml"",""xml_path"":""/project[1]/scenes[1]/scene[1]/variables[1]/variable[25]"",""snap_value_id"":""34441"",""variable"":""card_simulator_phase_registry"",""item_1"":336}"
335,259,260,0,40,ATTACK_DECLARE,ATTACK_ACTION,DEAL_DAMAGE > RANDOM_ROLL,,"{""probability"":0.8,""multipliers"":[4.0],""percent_values"":[80.0]}",,CONTINUE,,HIGH,,deal 4 x damage with an 80 % chance,deal 4 x damage with an 80 % chance; heal the enemy 50 % otherwise,deal 4 x damage with an 80 % chance; heal the enemy 50 % otherwise,260,"{""probability"":0.8,""multipliers"":[4.0],""percent_values"":[80.0]}",unverified,"{""file"":""Cards-2.xml"",""xml_path"":""/project[1]/scenes[1]/scene[1]/variables[1]/variable[25]"",""snap_value_id"":""34441"",""variable"":""card_simulator_phase_registry"",""item_1"":337}"
336,259,260,1,0,CONTINUOUS,PASSIVE,HEAL,ENEMY_ACTIVE,"{""percent_values"":[50.0]}",,CONTINUE,,MEDIUM,,heal the enemy 50 % otherwise,deal 4 x damage with an 80 % chance; heal the enemy 50 % otherwise,deal 4 x damage with an 80 % chance; heal the enemy 50 % otherwise,260,"{""percent_values"":[50.0]}",unverified,"{""file"":""Cards-2.xml"",""xml_path"":""/project[1]/scenes[1]/scene[1]/variables[1]/variable[25]"",""snap_value_id"":""34441"",""variable"":""card_simulator_phase_registry"",""item_1"":338}"
337,260,261,0,10,ENTRY,ON_ENTRY,ATTACK,,{},,CONTINUE,,HIGH,,"on entry, attack doubles","on entry, attack doubles","on entry, attack doubles",261,{},unverified,"{""file"":""Cards-2.xml"",""xml_path"":""/project[1]/scenes[1]/scene[1]/variables[1]/variable[25]"",""snap_value_id"":""34441"",""variable"":""card_simulator_phase_registry"",""item_1"":339}"
338,261,262,0,10,ENTRY,ON_ENTRY,SPECIAL,,"{""counts"":[3]}",,CONTINUE,,REVIEW,no reusable primitive confidently identified,"on entry, gain 3 attacks","on entry, gain 3 attacks; dealing 1 / 3 damage","on entry, gain 3 attacks; dealing 1 / 3 damage",262,"{""counts"":[3]}",unverified,"{""file"":""Cards-2.xml"",""xml_path"":""/project[1]/scenes[1]/scene[1]/variables[1]/variable[25]"",""snap_value_id"":""34441"",""variable"":""card_simulator_phase_registry"",""item_1"":340}"
339,261,262,1,0,CONTINUOUS,PASSIVE,SPECIAL,,"{""fractions"":[""1/3""]}",,CONTINUE,,REVIEW,no reusable primitive confidently identified,dealing 1 / 3 damage,"on entry, gain 3 attacks; dealing 1 / 3 damage","on entry, gain 3 attacks; dealing 1 / 3 damage",262,"{""fractions"":[""1/3""]}",unverified,"{""file"":""Cards-2.xml"",""xml_path"":""/project[1]/scenes[1]/scene[1]/variables[1]/variable[25]"",""snap_value_id"":""34441"",""variable"":""card_simulator_phase_registry"",""item_1"":341}"
340,262,263,0,10,ENTRY,ON_ENTRY,APPLY_STATUS,,"{""duration_turns"":[2]}",,CONTINUE,,HIGH,,inflict confusion for 2 turns on entry,inflict confusion for 2 turns on entry,inflict confusion for 2 turns on entry,263,"{""duration_turns"":[2]}",unverified,"{""file"":""Cards-2.xml"",""xml_path"":""/project[1]/scenes[1]/scene[1]/variables[1]/variable[25]"",""snap_value_id"":""34441"",""variable"":""card_simulator_phase_registry"",""item_1"":342}"
341,263,264,0,60,DAMAGE_CALC,ON_INCOMING_DAMAGE,DAMAGE_CAP,,"{""fractions"":[""1/2""]}",,CONTINUE,,HIGH,,damage cannot exceed 1 / 2 max hp,damage cannot exceed 1 / 2 max hp,damage cannot exceed 1 / 2 max hp,264,"{""fractions"":[""1/2""]}",unverified,"{""file"":""Cards-2.xml"",""xml_path"":""/project[1]/scenes[1]/scene[1]/variables[1]/variable[25]"",""snap_value_id"":""34441"",""variable"":""card_simulator_phase_registry"",""item_1"":343}"
342,264,265,0,10,ENTRY,ON_ENTRY,SPECIAL,,"{""percent_values"":[50.0,10.0]}",,CONTINUE,repeat each applicable turn,REVIEW,no reusable primitive confidently identified,"on entry, every living ally gains 50 % stats, but loses 10 % stats each turn they're in play","on entry, every living ally gains 50 % stats, but loses 10 % stats each turn they're in play","on entry, every living ally gains 50 % stats, but loses 10 % stats each turn they're in play",265,"{""percent_values"":[50.0,10.0]}",unverified,"{""file"":""Cards-2.xml"",""xml_path"":""/project[1]/scenes[1]/scene[1]/variables[1]/variable[25]"",""snap_value_id"":""34441"",""variable"":""card_simulator_phase_registry"",""item_1"":344}"
343,265,266,0,0,CONTINUOUS,PASSIVE,HEAL > MODIFY_DAMAGE > MODIFY_STAT,,"{""percent_values"":[25.0]}",,CONTINUE,,MEDIUM,,heal and boost atk by 25 % of damage dealt,heal and boost atk by 25 % of damage dealt,heal and boost atk by 25 % of damage dealt,266,"{""percent_values"":[25.0]}",unverified,"{""file"":""Cards-2.xml"",""xml_path"":""/project[1]/scenes[1]/scene[1]/variables[1]/variable[25]"",""snap_value_id"":""34441"",""variable"":""card_simulator_phase_registry"",""item_1"":345}"
344,266,267,0,0,CONTINUOUS,HP_THRESHOLD,APPLY_STATUS,,{},when hp drops below half | below half,CONTINUE,,HIGH,,stun attacker when hp drops below half,stun attacker when hp drops below half,stun attacker when hp drops below half,267,{},unverified,"{""file"":""Cards-2.xml"",""xml_path"":""/project[1]/scenes[1]/scene[1]/variables[1]/variable[25]"",""snap_value_id"":""34441"",""variable"":""card_simulator_phase_registry"",""item_1"":346}"
345,267,268,0,10,ENTRY,ON_ENTRY,RANDOM_ROLL > STEAL_STAT,,"{""percent_values"":[50.0]}",,CONTINUE,,HIGH,,chance to steal 50 % atk on entry,chance to steal 50 % atk on entry,chance to steal 50 % atk on entry,268,"{""percent_values"":[50.0]}",unverified,"{""file"":""Cards-2.xml"",""xml_path"":""/project[1]/scenes[1]/scene[1]/variables[1]/variable[25]"",""snap_value_id"":""34441"",""variable"":""card_simulator_phase_registry"",""item_1"":347}"
346,268,269,0,5,ENCOUNTER,ON_ENCOUNTER,APPLY_STATUS,,"{""duration_turns"":[3]}",when you encounter one,CONTINUE,,HIGH,,inflict confusion to bird cards for 3 turns when you encounter one,inflict confusion to bird cards for 3 turns when you encounter one,inflict confusion to bird cards for 3 turns when you encounter one,269,"{""duration_turns"":[3]}",unverified,"{""file"":""Cards-2.xml"",""xml_path"":""/project[1]/scenes[1]/scene[1]/variables[1]/variable[25]"",""snap_value_id"":""34441"",""variable"":""card_simulator_phase_registry"",""item_1"":348}"
347,269,270,0,120,DEATH,ON_ALLY_DEATH,RANDOM_ROLL > REVIVE,,"{""probability"":0.5,""percent_values"":[50.0]}",when an ally dies,ACTIVE_STATE_TRANSITION,,HIGH,,50 % chance to return when an ally dies,50 % chance to return when an ally dies,50 % chance to return when an ally dies,270,"{""probability"":0.5,""percent_values"":[50.0]}",unverified,"{""file"":""Cards-2.xml"",""xml_path"":""/project[1]/scenes[1]/scene[1]/variables[1]/variable[25]"",""snap_value_id"":""34441"",""variable"":""card_simulator_phase_registry"",""item_1"":349}"
348,270,271,0,0,CONTINUOUS,PASSIVE,HP_LOSS > MODIFY_DAMAGE > MODIFY_STAT,ENEMY_ACTIVE,{},,CONTINUE,,MEDIUM,,reduce enemy's max hp by damage dealt,reduce enemy's max hp by damage dealt,reduce enemy's max hp by damage dealt,271,{},unverified,"{""file"":""Cards-2.xml"",""xml_path"":""/project[1]/scenes[1]/scene[1]/variables[1]/variable[25]"",""snap_value_id"":""34441"",""variable"":""card_simulator_phase_registry"",""item_1"":350}"
349,271,272,0,130,ON_KILL,ON_KILL,MODIFY_STAT > SUMMON,SELF,{},,ACTIVE_STATE_TRANSITION,,HIGH,,add a frankenstein with self stats to ally deck on kill,add a frankenstein with self stats to ally deck on kill,add a frankenstein with self stats to ally deck on kill,272,{},unverified,"{""file"":""Cards-2.xml"",""xml_path"":""/project[1]/scenes[1]/scene[1]/variables[1]/variable[25]"",""snap_value_id"":""34441"",""variable"":""card_simulator_phase_registry"",""item_1"":351}"
350,272,273,0,0,CONTINUOUS,PASSIVE,SWAP > RANDOM_ROLL,RANDOM_ENEMY,"{""percent_values"":[15.0]}",,ACTIVE_STATE_TRANSITION,,MEDIUM,,"swap 2 random enemies' stats/positions, reducing stats by 15 % per swap","swap 2 random enemies' stats/positions, reducing stats by 15 % per swap","swap 2 random enemies' stats/positions, reducing stats by 15 % per swap",273,"{""percent_values"":[15.0]}",unverified,"{""file"":""Cards-2.xml"",""xml_path"":""/project[1]/scenes[1]/scene[1]/variables[1]/variable[25]"",""snap_value_id"":""34441"",""variable"":""card_simulator_phase_registry"",""item_1"":352}"
351,273,274,0,80,POST_DAMAGE_DEALT,ON_HIT,APPLY_STATUS,ENEMY_ACTIVE,"{""percent_values"":[30.0]}",,CONTINUE,,HIGH,,attacks inflict poison and weakness (enemy takes 30 % more damage),attacks inflict poison and weakness (enemy takes 30 % more damage),attacks inflict poison and weakness (enemy takes 30 % more damage),274,"{""percent_values"":[30.0]}",unverified,"{""file"":""Cards-2.xml"",""xml_path"":""/project[1]/scenes[1]/scene[1]/variables[1]/variable[25]"",""snap_value_id"":""34441"",""variable"":""card_simulator_phase_registry"",""item_1"":353}"
352,274,275,0,80,POST_DAMAGE_DEALT,ON_HIT,APPLY_STATUS,,{},,CONTINUE,,HIGH,,attacks inflict bleed,attacks inflict bleed; heals 50 % when below 1 / 2 hp only once,attacks inflict bleed; heals 50 % when below 1 / 2 hp only once,275,{},unverified,"{""file"":""Cards-2.xml"",""xml_path"":""/project[1]/scenes[1]/scene[1]/variables[1]/variable[25]"",""snap_value_id"":""34441"",""variable"":""card_simulator_phase_registry"",""item_1"":354}"
353,274,275,1,0,CONTINUOUS,HP_THRESHOLD,LIMIT_CAP,,"{""fractions"":[""1/2""],""percent_values"":[50.0]}",when below 1 / 2 hp only once | below 1 / 2 hp only once,CONTINUE,,HIGH,,heals 50 % when below 1 / 2 hp only once,attacks inflict bleed; heals 50 % when below 1 / 2 hp only once,attacks inflict bleed; heals 50 % when below 1 / 2 hp only once,275,"{""fractions"":[""1/2""],""percent_values"":[50.0]}",unverified,"{""file"":""Cards-2.xml"",""xml_path"":""/project[1]/scenes[1]/scene[1]/variables[1]/variable[25]"",""snap_value_id"":""34441"",""variable"":""card_simulator_phase_registry"",""item_1"":355}"
354,275,276,0,0,CONTINUOUS,PASSIVE,APPLY_STATUS,ENEMY_ACTIVE,{},,CONTINUE,,MEDIUM,,"hex target, making rng abilities fail","hex target, making rng abilities fail","hex target, making rng abilities fail",276,{},unverified,"{""file"":""Cards-2.xml"",""xml_path"":""/project[1]/scenes[1]/scene[1]/variables[1]/variable[25]"",""snap_value_id"":""34441"",""variable"":""card_simulator_phase_registry"",""item_1"":356}"
355,276,277,0,20,TURN_START,EACH_TURN,HP_LOSS,ENEMY_ACTIVE|SELF,"{""percent_values"":[25.0]}",,CONTINUE,repeat each applicable turn,HIGH,,enemy that kills self loses 25 % hp each turn,enemy that kills self loses 25 % hp each turn,enemy that kills self loses 25 % hp each turn,277,"{""percent_values"":[25.0]}",unverified,"{""file"":""Cards-2.xml"",""xml_path"":""/project[1]/scenes[1]/scene[1]/variables[1]/variable[25]"",""snap_value_id"":""34441"",""variable"":""card_simulator_phase_registry"",""item_1"":357}"
356,277,278,0,0,CONTINUOUS,PASSIVE,SURVIVE,,{},when dead,CONTINUE,,MEDIUM,,survive 1 turn when dead,survive 1 turn when dead; while dead: gain a turn of lifespan kill,survive 1 turn when dead; while dead: gain a turn of lifespan kill,278,{},unverified,"{""file"":""Cards-2.xml"",""xml_path"":""/project[1]/scenes[1]/scene[1]/variables[1]/variable[25]"",""snap_value_id"":""34441"",""variable"":""card_simulator_phase_registry"",""item_1"":358}"
357,277,278,1,0,CONTINUOUS,PASSIVE,SPECIAL,,{},while dead: gain a turn of lifespan kill,CONTINUE,,REVIEW,no reusable primitive confidently identified,while dead: gain a turn of lifespan kill,survive 1 turn when dead; while dead: gain a turn of lifespan kill,survive 1 turn when dead; while dead: gain a turn of lifespan kill,278,{},unverified,"{""file"":""Cards-2.xml"",""xml_path"":""/project[1]/scenes[1]/scene[1]/variables[1]/variable[25]"",""snap_value_id"":""34441"",""variable"":""card_simulator_phase_registry"",""item_1"":359}"
358,278,279,0,10,ENTRY,ON_ENTRY,MODIFY_STAT,ENEMY_ACTIVE,"{""percent_values"":[35.0]}",,CONTINUE,,HIGH,,reduce enemy stats by 35 % of yours on entry,reduce enemy stats by 35 % of yours on entry,reduce enemy stats by 35 % of yours on entry,279,"{""percent_values"":[35.0]}",unverified,"{""file"":""Cards-2.xml"",""xml_path"":""/project[1]/scenes[1]/scene[1]/variables[1]/variable[25]"",""snap_value_id"":""34441"",""variable"":""card_simulator_phase_registry"",""item_1"":360}"
359,279,280,0,20,TURN_START,EACH_TURN,STEAL_STAT > ATTACK,ENEMY_ACTIVE,"{""percent_values"":[25.0]}",,CONTINUE,repeat each applicable turn,HIGH,,each turn steal 25 % of the enemy's hp before attack,each turn steal 25 % of the enemy's hp before attack,each turn steal 25 % of the enemy's hp before attack,280,"{""percent_values"":[25.0]}",unverified,"{""file"":""Cards-2.xml"",""xml_path"":""/project[1]/scenes[1]/scene[1]/variables[1]/variable[25]"",""snap_value_id"":""34441"",""variable"":""card_simulator_phase_registry"",""item_1"":361}"
360,280,281,0,20,TURN_START,ON_TURN_START,FIELD_EFFECT > RANDOM_ROLL,ENEMY_ACTIVE,"{""probability"":0.1,""percent_values"":[10.0]}",,CONTINUE,,HIGH,,field: at the start of any ally's turn 10 % chance to confuse target,field: at the start of any ally's turn 10 % chance to confuse target; goes up 10 % each turn,field: at the start of any ally's turn 10 % chance to confuse target; goes up 10 % each turn,281,"{""probability"":0.1,""percent_values"":[10.0]}",unverified,"{""file"":""Cards-2.xml"",""xml_path"":""/project[1]/scenes[1]/scene[1]/variables[1]/variable[25]"",""snap_value_id"":""34441"",""variable"":""card_simulator_phase_registry"",""item_1"":362}"
361,280,281,1,20,TURN_START,EACH_TURN,SPECIAL,,"{""percent_values"":[10.0]}",,CONTINUE,repeat each applicable turn,REVIEW,no reusable primitive confidently identified,goes up 10 % each turn,field: at the start of any ally's turn 10 % chance to confuse target; goes up 10 % each turn,field: at the start of any ally's turn 10 % chance to confuse target; goes up 10 % each turn,281,"{""percent_values"":[10.0]}",unverified,"{""file"":""Cards-2.xml"",""xml_path"":""/project[1]/scenes[1]/scene[1]/variables[1]/variable[25]"",""snap_value_id"":""34441"",""variable"":""card_simulator_phase_registry"",""item_1"":363}"
362,281,282,0,0,CONTINUOUS,PASSIVE,EXTRA_TURN,,{},,TURN_CONTROL,,MEDIUM,,gain an extra turn,gain an extra turn; heal 10 % each turn,gain an extra turn; heal 10 % each turn,282,{},unverified,"{""file"":""Cards-2.xml"",""xml_path"":""/project[1]/scenes[1]/scene[1]/variables[1]/variable[25]"",""snap_value_id"":""34441"",""variable"":""card_simulator_phase_registry"",""item_1"":364}"
363,281,282,1,20,TURN_START,EACH_TURN,HEAL,,"{""percent_values"":[10.0]}",,CONTINUE,repeat each applicable turn,HIGH,,heal 10 % each turn,gain an extra turn; heal 10 % each turn,gain an extra turn; heal 10 % each turn,282,"{""percent_values"":[10.0]}",unverified,"{""file"":""Cards-2.xml"",""xml_path"":""/project[1]/scenes[1]/scene[1]/variables[1]/variable[25]"",""snap_value_id"":""34441"",""variable"":""card_simulator_phase_registry"",""item_1"":365}"
364,282,283,0,100,AFTER_ATTACK,AFTER_ATTACK,ATTACK > SWAP > RANDOM_ROLL,,{},,ACTIVE_STATE_TRANSITION,,HIGH,,"after attack, switch places with a random ally","after attack, switch places with a random ally","after attack, switch places with a random ally",283,{},unverified,"{""file"":""Cards-2.xml"",""xml_path"":""/project[1]/scenes[1]/scene[1]/variables[1]/variable[25]"",""snap_value_id"":""34441"",""variable"":""card_simulator_phase_registry"",""item_1"":366}"
365,283,284,0,80,POST_DAMAGE_DEALT,ON_FIRST_HIT,SPECIAL,,{},,CONTINUE,,REVIEW,no reusable primitive confidently identified,steals the ability of the first card it attacks,steals the ability of the first card it attacks,steals the ability of the first card it attacks,284,{},unverified,"{""file"":""Cards-2.xml"",""xml_path"":""/project[1]/scenes[1]/scene[1]/variables[1]/variable[25]"",""snap_value_id"":""34441"",""variable"":""card_simulator_phase_registry"",""item_1"":367}"
366,284,285,0,10,ENTRY,ON_ENTRY,REMOVE_TEMP_BUFF,,"{""multipliers"":[4.0],""fractions"":[""1/2""]}",below 1 / 2 hp,CONTINUE,,HIGH,,"4 x stats on entry, fades below 1 / 2 hp","4 x stats on entry, fades below 1 / 2 hp","4 x stats on entry, fades below 1 / 2 hp",285,"{""multipliers"":[4.0],""fractions"":[""1/2""]}",unverified,"{""file"":""Cards-2.xml"",""xml_path"":""/project[1]/scenes[1]/scene[1]/variables[1]/variable[25]"",""snap_value_id"":""34441"",""variable"":""card_simulator_phase_registry"",""item_1"":368}"
367,285,286,0,10,ENTRY,ON_ENTRY,DELAYED_DEATH > INSTANT_KILL,ENEMY_ACTIVE,"{""duration_turns"":[3]}",,MAY_TERMINATE,,HIGH,,"on entry, the enemy is stunned in 3 turns, both active cards die","on entry, the enemy is stunned; in 3 turns, both active cards die","on entry, the enemy is stunned in 3 turns, both active cards die",286,"{""duration_turns"":[3]}",unverified,"{""file"":""Cards-2.xml"",""xml_path"":""/project[1]/scenes[1]/scene[1]/variables[1]/variable[25]"",""snap_value_id"":""34441"",""variable"":""card_simulator_phase_registry"",""item_1"":369}"
368,286,287,0,110,LETHAL_REPLACEMENT,ON_LETHAL,SURVIVE,,{},,NESTED_ATTACK_LOOP,enqueue additional ATTACK_DECLARE event(s),HIGH,,survives lethal attacks twice,survives lethal attacks twice; attack resets to normal if it has been lowered,survives lethal attacks twice; attack resets to normal if it has been lowered,287,{},unverified,"{""file"":""Cards-2.xml"",""xml_path"":""/project[1]/scenes[1]/scene[1]/variables[1]/variable[25]"",""snap_value_id"":""34441"",""variable"":""card_simulator_phase_registry"",""item_1"":370}"
369,286,287,1,40,ATTACK_DECLARE,ATTACK_ACTION,ATTACK,,{},if it has been lowered,CONTINUE,,HIGH,,attack resets to normal if it has been lowered,survives lethal attacks twice; attack resets to normal if it has been lowered,survives lethal attacks twice; attack resets to normal if it has been lowered,287,{},unverified,"{""file"":""Cards-2.xml"",""xml_path"":""/project[1]/scenes[1]/scene[1]/variables[1]/variable[25]"",""snap_value_id"":""34441"",""variable"":""card_simulator_phase_registry"",""item_1"":371}"
370,287,288,0,40,ATTACK_DECLARE,ATTACK_ACTION,ATTACK,,"{""counts"":[8]}",,CONTINUE,enqueue additional ATTACK_DECLARE event(s),HIGH,,attack 8 times at half the damage,attack 8 times at half the damage,attack 8 times at half the damage,288,"{""counts"":[8]}",unverified,"{""file"":""Cards-2.xml"",""xml_path"":""/project[1]/scenes[1]/scene[1]/variables[1]/variable[25]"",""snap_value_id"":""34441"",""variable"":""card_simulator_phase_registry"",""item_1"":372}"
371,288,289,0,20,TURN_START,EACH_TURN,TRANSFORM,,{},,ACTIVE_STATE_TRANSITION,repeat each applicable turn,REVIEW,requires explicit random pool/distribution,"each turn, becomes a different card","each turn, becomes a different card","each turn, becomes a different card",289,{},unverified,"{""file"":""Cards-2.xml"",""xml_path"":""/project[1]/scenes[1]/scene[1]/variables[1]/variable[25]"",""snap_value_id"":""34441"",""variable"":""card_simulator_phase_registry"",""item_1"":373}"
